2026-04-28 05:42:54.821 [background-preinit] INFO  o.h.validator.internal.util.Version - HV000001: Hibernate Validator 8.0.1.Final
2026-04-28 05:42:54.896 [main] INFO  c.h.h.HotelBackendApplication - Starting HotelBackendApplication using Java 21.0.10 with PID 23672 (D:\Hackathon\HotelBooking\hotel-backend\target\classes started by girid in D:\Hackathon\HotelBooking\hotel-backend)
2026-04-28 05:42:54.896 [main] DEBUG c.h.h.HotelBackendApplication - Running with Spring Boot v3.2.0, Spring v6.1.1
2026-04-28 05:42:54.896 [main] INFO  c.h.h.HotelBackendApplication - No active profile set, falling back to 1 default profile: "default"
2026-04-28 05:42:55.696 [main] INFO  o.s.d.r.c.RepositoryConfigurationDelegate - Bootstrapping Spring Data JPA repositories in DEFAULT mode.
2026-04-28 05:42:55.764 [main] INFO  o.s.d.r.c.RepositoryConfigurationDelegate - Finished Spring Data repository scanning in 59 ms. Found 5 JPA repository interfaces.
2026-04-28 05:42:56.379 [main] INFO  o.s.b.w.e.tomcat.TomcatWebServer - Tomcat initialized with port 8081 (http)
2026-04-28 05:42:56.390 [main] INFO  o.a.coyote.http11.Http11NioProtocol - Initializing ProtocolHandler ["http-nio-8081"]
2026-04-28 05:42:56.393 [main] INFO  o.a.catalina.core.StandardService - Starting service [Tomcat]
2026-04-28 05:42:56.393 [main] INFO  o.a.catalina.core.StandardEngine - Starting Servlet engine: [Apache Tomcat/10.1.16]
2026-04-28 05:42:56.464 [main] INFO  o.a.c.c.C.[Tomcat].[localhost].[/] - Initializing Spring embedded WebApplicationContext
2026-04-28 05:42:56.464 [main] INFO  o.s.b.w.s.c.ServletWebServerApplicationContext - Root WebApplicationContext: initialization completed in 1510 ms
2026-04-28 05:42:56.611 [main] INFO  o.h.jpa.internal.util.LogHelper - HHH000204: Processing PersistenceUnitInfo [name: default]
2026-04-28 05:42:56.666 [main] INFO  org.hibernate.Version - HHH000412: Hibernate ORM core version 6.3.1.Final
2026-04-28 05:42:56.696 [main] INFO  o.h.c.i.RegionFactoryInitiator - HHH000026: Second-level cache disabled
2026-04-28 05:42:56.894 [main] INFO  o.s.o.j.p.SpringPersistenceUnitInfo - No LoadTimeWeaver setup: ignoring JPA class transformer
2026-04-28 05:42:56.919 [main] INFO  com.zaxxer.hikari.HikariDataSource - HikariPool-1 - Starting...
2026-04-28 05:42:57.139 [main] INFO  com.zaxxer.hikari.pool.HikariPool - HikariPool-1 - Added connection com.mysql.cj.jdbc.ConnectionImpl@6e46891d
2026-04-28 05:42:57.143 [main] INFO  com.zaxxer.hikari.HikariDataSource - HikariPool-1 - Start completed.
2026-04-28 05:42:57.252 [main] WARN  org.hibernate.orm.deprecation - HHH90000025: MySQLDialect does not need to be specified explicitly using 'hibernate.dialect' (remove the property setting and it will be selected by default)
2026-04-28 05:42:58.229 [main] INFO  o.h.e.t.j.p.i.JtaPlatformInitiator - HHH000489: No JTA platform available (set 'hibernate.transaction.jta.platform' to enable JTA platform integration)
2026-04-28 05:42:58.352 [main] INFO  o.s.o.j.LocalContainerEntityManagerFactoryBean - Initialized JPA EntityManagerFactory for persistence unit 'default'
2026-04-28 05:42:58.679 [main] DEBUG c.h.h.config.JWTAuthFilter - Filter 'JWTAuthFilter' configured for use
2026-04-28 05:42:58.932 [main] INFO  o.s.d.j.r.query.QueryEnhancerFactory - Hibernate is in classpath; If applicable, HQL parser will be used.
2026-04-28 05:42:59.557 [main] WARN  o.s.b.a.o.j.JpaBaseConfiguration$JpaWebConfiguration - spring.jpa.open-in-view is enabled by default. Therefore, database queries may be performed during view rendering. Explicitly configure spring.jpa.open-in-view to disable this warning
2026-04-28 05:42:59.849 [main] INFO  o.s.s.web.DefaultSecurityFilterChain - Will secure any request with [org.springframework.security.web.session.DisableEncodeUrlFilter@8814bb5, org.springframework.security.web.context.request.async.WebAsyncManagerIntegrationFilter@1b2234a5, org.springframework.security.web.context.SecurityContextHolderFilter@308034aa, org.springframework.security.web.header.HeaderWriterFilter@fe32f34, org.springframework.web.filter.CorsFilter@7a5bccb8, org.springframework.security.web.authentication.logout.LogoutFilter@70e3f664, com.hotel.hotel_backend.config.JWTAuthFilter@643a73fa, org.springframework.security.web.savedrequest.RequestCacheAwareFilter@4fcbb165, org.springframework.security.web.servletapi.SecurityContextHolderAwareRequestFilter@6317f6d, org.springframework.security.web.authentication.AnonymousAuthenticationFilter@43da05ee, org.springframework.security.web.session.SessionManagementFilter@5c10216f, org.springframework.security.web.access.ExceptionTranslationFilter@34a82874, org.springframework.security.web.access.intercept.AuthorizationFilter@22c62ede]
2026-04-28 05:43:00.135 [main] INFO  o.a.coyote.http11.Http11NioProtocol - Starting ProtocolHandler ["http-nio-8081"]
2026-04-28 05:43:00.161 [main] INFO  o.s.b.w.e.tomcat.TomcatWebServer - Tomcat started on port 8081 (http) with context path ''
2026-04-28 05:43:00.169 [main] INFO  c.h.h.HotelBackendApplication - Started HotelBackendApplication in 5.895 seconds (process running for 6.264)
2026-04-28 05:43:33.480 [http-nio-8081-exec-1] INFO  o.a.c.c.C.[Tomcat].[localhost].[/] - Initializing Spring DispatcherServlet 'dispatcherServlet'
2026-04-28 05:43:33.482 [http-nio-8081-exec-1] INFO  o.s.web.servlet.DispatcherServlet - Initializing Servlet 'dispatcherServlet'
2026-04-28 05:43:33.485 [http-nio-8081-exec-1] INFO  o.s.web.servlet.DispatcherServlet - Completed initialization in 3 ms
2026-04-28 05:43:33.564 [http-nio-8081-exec-2] WARN  o.s.w.s.h.HandlerMappingIntrospector - Cache miss for REQUEST dispatch to '/api/auth/login' (previous null). Performing MatchableHandlerMapping lookup. This is logged once only at WARN level, and every time at TRACE.
2026-04-28 05:43:33.961 [http-nio-8081-exec-2] INFO  c.h.h.controller.AuthController - POST /api/auth/login - email: admin@travelease.com
2026-04-28 05:43:33.961 [http-nio-8081-exec-2] INFO  c.h.h.service.UserService - Login attempt for email: admin@travelease.com
2026-04-28 05:43:34.173 [http-nio-8081-exec-2] DEBUG c.h.h.s.CustomUserDetailsService - Loading user by email: admin@travelease.com
2026-04-28 05:43:34.480 [http-nio-8081-exec-2] WARN  c.h.h.e.GlobalExceptionHandler - Bad credentials attempt
2026-04-28 05:46:50.712 [SpringApplicationShutdownHook] INFO  o.s.o.j.LocalContainerEntityManagerFactoryBean - Closing JPA EntityManagerFactory for persistence unit 'default'
2026-04-28 05:46:50.718 [SpringApplicationShutdownHook] INFO  com.zaxxer.hikari.HikariDataSource - HikariPool-1 - Shutdown initiated...
2026-04-28 05:46:50.732 [SpringApplicationShutdownHook] INFO  com.zaxxer.hikari.HikariDataSource - HikariPool-1 - Shutdown completed.
2026-04-28 05:48:32.647 [background-preinit] INFO  o.h.validator.internal.util.Version - HV000001: Hibernate Validator 8.0.1.Final
2026-04-28 05:48:32.702 [main] INFO  c.h.h.HotelBackendApplication - Starting HotelBackendApplication using Java 21.0.10 with PID 13984 (D:\Hackathon\HotelBooking\hotel-backend\target\classes started by girid in D:\Hackathon\HotelBooking\hotel-backend)
2026-04-28 05:48:32.702 [main] DEBUG c.h.h.HotelBackendApplication - Running with Spring Boot v3.2.0, Spring v6.1.1
2026-04-28 05:48:32.702 [main] INFO  c.h.h.HotelBackendApplication - No active profile set, falling back to 1 default profile: "default"
2026-04-28 05:48:33.561 [main] INFO  o.s.d.r.c.RepositoryConfigurationDelegate - Bootstrapping Spring Data JPA repositories in DEFAULT mode.
2026-04-28 05:48:33.639 [main] INFO  o.s.d.r.c.RepositoryConfigurationDelegate - Finished Spring Data repository scanning in 70 ms. Found 5 JPA repository interfaces.
2026-04-28 05:48:34.303 [main] INFO  o.s.b.w.e.tomcat.TomcatWebServer - Tomcat initialized with port 8081 (http)
2026-04-28 05:48:34.311 [main] INFO  o.a.coyote.http11.Http11NioProtocol - Initializing ProtocolHandler ["http-nio-8081"]
2026-04-28 05:48:34.320 [main] INFO  o.a.catalina.core.StandardService - Starting service [Tomcat]
2026-04-28 05:48:34.322 [main] INFO  o.a.catalina.core.StandardEngine - Starting Servlet engine: [Apache Tomcat/10.1.16]
2026-04-28 05:48:34.392 [main] INFO  o.a.c.c.C.[Tomcat].[localhost].[/] - Initializing Spring embedded WebApplicationContext
2026-04-28 05:48:34.392 [main] INFO  o.s.b.w.s.c.ServletWebServerApplicationContext - Root WebApplicationContext: initialization completed in 1632 ms
2026-04-28 05:48:34.543 [main] INFO  o.h.jpa.internal.util.LogHelper - HHH000204: Processing PersistenceUnitInfo [name: default]
2026-04-28 05:48:34.606 [main] INFO  org.hibernate.Version - HHH000412: Hibernate ORM core version 6.3.1.Final
2026-04-28 05:48:34.643 [main] INFO  o.h.c.i.RegionFactoryInitiator - HHH000026: Second-level cache disabled
2026-04-28 05:48:34.920 [main] INFO  o.s.o.j.p.SpringPersistenceUnitInfo - No LoadTimeWeaver setup: ignoring JPA class transformer
2026-04-28 05:48:34.959 [main] INFO  com.zaxxer.hikari.HikariDataSource - HikariPool-1 - Starting...
2026-04-28 05:48:35.189 [main] INFO  com.zaxxer.hikari.pool.HikariPool - HikariPool-1 - Added connection com.mysql.cj.jdbc.ConnectionImpl@1d7c9811
2026-04-28 05:48:35.191 [main] INFO  com.zaxxer.hikari.HikariDataSource - HikariPool-1 - Start completed.
2026-04-28 05:48:35.299 [main] WARN  org.hibernate.orm.deprecation - HHH90000025: MySQLDialect does not need to be specified explicitly using 'hibernate.dialect' (remove the property setting and it will be selected by default)
2026-04-28 05:48:36.202 [main] INFO  o.h.e.t.j.p.i.JtaPlatformInitiator - HHH000489: No JTA platform available (set 'hibernate.transaction.jta.platform' to enable JTA platform integration)
2026-04-28 05:48:36.284 [main] INFO  o.s.o.j.LocalContainerEntityManagerFactoryBean - Initialized JPA EntityManagerFactory for persistence unit 'default'
2026-04-28 05:48:36.627 [main] DEBUG c.h.h.config.JWTAuthFilter - Filter 'JWTAuthFilter' configured for use
2026-04-28 05:48:36.902 [main] INFO  o.s.d.j.r.query.QueryEnhancerFactory - Hibernate is in classpath; If applicable, HQL parser will be used.
2026-04-28 05:48:37.637 [main] WARN  o.s.b.a.o.j.JpaBaseConfiguration$JpaWebConfiguration - spring.jpa.open-in-view is enabled by default. Therefore, database queries may be performed during view rendering. Explicitly configure spring.jpa.open-in-view to disable this warning
2026-04-28 05:48:38.014 [main] INFO  o.s.s.web.DefaultSecurityFilterChain - Will secure any request with [org.springframework.security.web.session.DisableEncodeUrlFilter@36d5677, org.springframework.security.web.context.request.async.WebAsyncManagerIntegrationFilter@261d8a9c, org.springframework.security.web.context.SecurityContextHolderFilter@1b5860fb, org.springframework.security.web.header.HeaderWriterFilter@5c10216f, org.springframework.web.filter.CorsFilter@e43189c, org.springframework.security.web.authentication.logout.LogoutFilter@4b89b14a, com.hotel.hotel_backend.config.JWTAuthFilter@690e7b89, org.springframework.security.web.savedrequest.RequestCacheAwareFilter@4c89b58, org.springframework.security.web.servletapi.SecurityContextHolderAwareRequestFilter@472cf6af, org.springframework.security.web.authentication.AnonymousAuthenticationFilter@2fce55d6, org.springframework.security.web.session.SessionManagementFilter@6a4484e6, org.springframework.security.web.access.ExceptionTranslationFilter@5596f2bb, org.springframework.security.web.access.intercept.AuthorizationFilter@4e5d611f]
2026-04-28 05:48:38.352 [main] INFO  o.a.coyote.http11.Http11NioProtocol - Starting ProtocolHandler ["http-nio-8081"]
2026-04-28 05:48:38.374 [main] INFO  o.s.b.w.e.tomcat.TomcatWebServer - Tomcat started on port 8081 (http) with context path ''
2026-04-28 05:48:38.382 [main] INFO  c.h.h.HotelBackendApplication - Started HotelBackendApplication in 6.31 seconds (process running for 6.623)
2026-04-28 05:49:00.991 [http-nio-8081-exec-1] INFO  o.a.c.c.C.[Tomcat].[localhost].[/] - Initializing Spring DispatcherServlet 'dispatcherServlet'
2026-04-28 05:49:00.993 [http-nio-8081-exec-1] INFO  o.s.web.servlet.DispatcherServlet - Initializing Servlet 'dispatcherServlet'
2026-04-28 05:49:00.996 [http-nio-8081-exec-1] INFO  o.s.web.servlet.DispatcherServlet - Completed initialization in 3 ms
2026-04-28 05:49:01.058 [http-nio-8081-exec-1] WARN  o.s.w.s.h.HandlerMappingIntrospector - Cache miss for REQUEST dispatch to '/api/auth/login' (previous null). Performing MatchableHandlerMapping lookup. This is logged once only at WARN level, and every time at TRACE.
2026-04-28 05:49:01.361 [http-nio-8081-exec-1] INFO  c.h.h.controller.AuthController - POST /api/auth/login - email: admin@hotel.com
2026-04-28 05:49:01.361 [http-nio-8081-exec-1] INFO  c.h.h.service.UserService - Login attempt for email: admin@hotel.com
2026-04-28 05:49:01.560 [http-nio-8081-exec-1] DEBUG c.h.h.s.CustomUserDetailsService - Loading user by email: admin@hotel.com
2026-04-28 05:49:01.819 [http-nio-8081-exec-1] WARN  c.h.h.e.GlobalExceptionHandler - Bad credentials attempt
2026-04-28 05:49:43.423 [http-nio-8081-exec-2] INFO  c.h.h.controller.HotelController - GET /api/hotels
2026-04-28 05:49:43.518 [http-nio-8081-exec-2] INFO  c.h.h.service.HotelService - Fetched 50 hotels
2026-04-28 05:49:43.556 [http-nio-8081-exec-3] INFO  c.h.h.controller.HotelController - GET /api/hotels
2026-04-28 05:49:43.588 [http-nio-8081-exec-3] INFO  c.h.h.service.HotelService - Fetched 50 hotels
2026-04-28 05:50:04.239 [http-nio-8081-exec-5] INFO  c.h.h.controller.AuthController - POST /api/auth/login - email: admin@hotel.com
2026-04-28 05:50:04.239 [http-nio-8081-exec-5] INFO  c.h.h.service.UserService - Login attempt for email: admin@hotel.com
2026-04-28 05:50:04.239 [http-nio-8081-exec-5] DEBUG c.h.h.s.CustomUserDetailsService - Loading user by email: admin@hotel.com
2026-04-28 05:50:04.458 [http-nio-8081-exec-5] WARN  c.h.h.e.GlobalExceptionHandler - Bad credentials attempt
2026-04-28 05:51:12.569 [SpringApplicationShutdownHook] INFO  o.s.o.j.LocalContainerEntityManagerFactoryBean - Closing JPA EntityManagerFactory for persistence unit 'default'
2026-04-28 05:51:12.572 [SpringApplicationShutdownHook] INFO  com.zaxxer.hikari.HikariDataSource - HikariPool-1 - Shutdown initiated...
2026-04-28 05:51:12.582 [SpringApplicationShutdownHook] INFO  com.zaxxer.hikari.HikariDataSource - HikariPool-1 - Shutdown completed.
2026-04-28 05:51:47.961 [background-preinit] INFO  o.h.validator.internal.util.Version - HV000001: Hibernate Validator 8.0.1.Final
2026-04-28 05:51:48.020 [main] INFO  c.h.h.HotelBackendApplication - Starting HotelBackendApplication using Java 21.0.10 with PID 24564 (D:\Hackathon\HotelBooking\hotel-backend\target\classes started by girid in D:\Hackathon\HotelBooking\hotel-backend)
2026-04-28 05:51:48.021 [main] DEBUG c.h.h.HotelBackendApplication - Running with Spring Boot v3.2.0, Spring v6.1.1
2026-04-28 05:51:48.022 [main] INFO  c.h.h.HotelBackendApplication - No active profile set, falling back to 1 default profile: "default"
2026-04-28 05:51:48.835 [main] INFO  o.s.d.r.c.RepositoryConfigurationDelegate - Bootstrapping Spring Data JPA repositories in DEFAULT mode.
2026-04-28 05:51:48.908 [main] INFO  o.s.d.r.c.RepositoryConfigurationDelegate - Finished Spring Data repository scanning in 61 ms. Found 5 JPA repository interfaces.
2026-04-28 05:51:49.561 [main] INFO  o.s.b.w.e.tomcat.TomcatWebServer - Tomcat initialized with port 8081 (http)
2026-04-28 05:51:49.575 [main] INFO  o.a.coyote.http11.Http11NioProtocol - Initializing ProtocolHandler ["http-nio-8081"]
2026-04-28 05:51:49.577 [main] INFO  o.a.catalina.core.StandardService - Starting service [Tomcat]
2026-04-28 05:51:49.577 [main] INFO  o.a.catalina.core.StandardEngine - Starting Servlet engine: [Apache Tomcat/10.1.16]
2026-04-28 05:51:49.636 [main] INFO  o.a.c.c.C.[Tomcat].[localhost].[/] - Initializing Spring embedded WebApplicationContext
2026-04-28 05:51:49.636 [main] INFO  o.s.b.w.s.c.ServletWebServerApplicationContext - Root WebApplicationContext: initialization completed in 1559 ms
2026-04-28 05:51:49.765 [main] INFO  o.h.jpa.internal.util.LogHelper - HHH000204: Processing PersistenceUnitInfo [name: default]
2026-04-28 05:51:49.808 [main] INFO  org.hibernate.Version - HHH000412: Hibernate ORM core version 6.3.1.Final
2026-04-28 05:51:49.831 [main] INFO  o.h.c.i.RegionFactoryInitiator - HHH000026: Second-level cache disabled
2026-04-28 05:51:49.997 [main] INFO  o.s.o.j.p.SpringPersistenceUnitInfo - No LoadTimeWeaver setup: ignoring JPA class transformer
2026-04-28 05:51:50.012 [main] INFO  com.zaxxer.hikari.HikariDataSource - HikariPool-1 - Starting...
2026-04-28 05:51:50.143 [main] INFO  com.zaxxer.hikari.pool.HikariPool - HikariPool-1 - Added connection com.mysql.cj.jdbc.ConnectionImpl@1d7c9811
2026-04-28 05:51:50.145 [main] INFO  com.zaxxer.hikari.HikariDataSource - HikariPool-1 - Start completed.
2026-04-28 05:51:50.196 [main] WARN  org.hibernate.orm.deprecation - HHH90000025: MySQLDialect does not need to be specified explicitly using 'hibernate.dialect' (remove the property setting and it will be selected by default)
2026-04-28 05:51:51.052 [main] INFO  o.h.e.t.j.p.i.JtaPlatformInitiator - HHH000489: No JTA platform available (set 'hibernate.transaction.jta.platform' to enable JTA platform integration)
2026-04-28 05:51:51.139 [main] INFO  o.s.o.j.LocalContainerEntityManagerFactoryBean - Initialized JPA EntityManagerFactory for persistence unit 'default'
2026-04-28 05:51:51.579 [main] DEBUG c.h.h.config.JWTAuthFilter - Filter 'JWTAuthFilter' configured for use
2026-04-28 05:51:51.876 [main] INFO  o.s.d.j.r.query.QueryEnhancerFactory - Hibernate is in classpath; If applicable, HQL parser will be used.
2026-04-28 05:51:52.473 [main] WARN  o.s.b.a.o.j.JpaBaseConfiguration$JpaWebConfiguration - spring.jpa.open-in-view is enabled by default. Therefore, database queries may be performed during view rendering. Explicitly configure spring.jpa.open-in-view to disable this warning
2026-04-28 05:51:52.856 [main] INFO  o.s.s.web.DefaultSecurityFilterChain - Will secure any request with [org.springframework.security.web.session.DisableEncodeUrlFilter@261d8a9c, org.springframework.security.web.context.request.async.WebAsyncManagerIntegrationFilter@e43189c, org.springframework.security.web.context.SecurityContextHolderFilter@5575b4c2, org.springframework.security.web.header.HeaderWriterFilter@31b273b2, org.springframework.web.filter.CorsFilter@2fce55d6, org.springframework.security.web.authentication.logout.LogoutFilter@6f139a8f, com.hotel.hotel_backend.config.JWTAuthFilter@690e7b89, org.springframework.security.web.savedrequest.RequestCacheAwareFilter@472cf6af, org.springframework.security.web.servletapi.SecurityContextHolderAwareRequestFilter@1fab1909, org.springframework.security.web.authentication.AnonymousAuthenticationFilter@46f970b6, org.springframework.security.web.session.SessionManagementFilter@6c67a17d, org.springframework.security.web.access.ExceptionTranslationFilter@44e4fa97, org.springframework.security.web.access.intercept.AuthorizationFilter@37b3e8b3]
2026-04-28 05:51:53.208 [main] INFO  o.a.coyote.http11.Http11NioProtocol - Starting ProtocolHandler ["http-nio-8081"]
2026-04-28 05:51:53.230 [main] INFO  o.s.b.w.e.tomcat.TomcatWebServer - Tomcat started on port 8081 (http) with context path ''
2026-04-28 05:51:53.237 [main] INFO  c.h.h.HotelBackendApplication - Started HotelBackendApplication in 5.853 seconds (process running for 6.151)
2026-04-28 05:52:13.202 [http-nio-8081-exec-4] INFO  o.a.c.c.C.[Tomcat].[localhost].[/] - Initializing Spring DispatcherServlet 'dispatcherServlet'
2026-04-28 05:52:13.202 [http-nio-8081-exec-4] INFO  o.s.web.servlet.DispatcherServlet - Initializing Servlet 'dispatcherServlet'
2026-04-28 05:52:13.202 [http-nio-8081-exec-4] INFO  o.s.web.servlet.DispatcherServlet - Completed initialization in 0 ms
2026-04-28 05:52:13.265 [http-nio-8081-exec-4] WARN  o.s.w.s.h.HandlerMappingIntrospector - Cache miss for REQUEST dispatch to '/api/auth/login' (previous null). Performing MatchableHandlerMapping lookup. This is logged once only at WARN level, and every time at TRACE.
2026-04-28 05:52:13.512 [http-nio-8081-exec-4] INFO  c.h.h.controller.AuthController - POST /api/auth/login - email: admin@hotel.com
2026-04-28 05:52:13.512 [http-nio-8081-exec-4] INFO  c.h.h.service.UserService - Login attempt for email: admin@hotel.com
2026-04-28 05:52:13.716 [http-nio-8081-exec-4] DEBUG c.h.h.s.CustomUserDetailsService - Loading user by email: admin@hotel.com
2026-04-28 05:52:14.187 [http-nio-8081-exec-4] INFO  c.h.h.service.UserService - User logged in successfully: admin@hotel.com
2026-04-28 05:52:14.377 [http-nio-8081-exec-6] DEBUG c.h.h.s.CustomUserDetailsService - Loading user by email: admin@hotel.com
2026-04-28 05:52:14.377 [http-nio-8081-exec-8] DEBUG c.h.h.s.CustomUserDetailsService - Loading user by email: admin@hotel.com
2026-04-28 05:52:14.389 [http-nio-8081-exec-6] DEBUG c.h.h.config.JWTAuthFilter - Authenticated user: admin@hotel.com for URI: /api/hotels/locations
2026-04-28 05:52:14.389 [http-nio-8081-exec-8] DEBUG c.h.h.config.JWTAuthFilter - Authenticated user: admin@hotel.com for URI: /api/hotels
2026-04-28 05:52:14.396 [http-nio-8081-exec-8] INFO  c.h.h.controller.HotelController - GET /api/hotels
2026-04-28 05:52:14.423 [http-nio-8081-exec-6] DEBUG c.h.h.s.CustomUserDetailsService - Loading user by email: admin@hotel.com
2026-04-28 05:52:14.437 [http-nio-8081-exec-6] DEBUG c.h.h.config.JWTAuthFilter - Authenticated user: admin@hotel.com for URI: /api/hotels/locations
2026-04-28 05:52:14.476 [http-nio-8081-exec-8] INFO  c.h.h.service.HotelService - Fetched 50 hotels
2026-04-28 05:52:14.499 [http-nio-8081-exec-7] DEBUG c.h.h.s.CustomUserDetailsService - Loading user by email: admin@hotel.com
2026-04-28 05:52:14.508 [http-nio-8081-exec-7] DEBUG c.h.h.config.JWTAuthFilter - Authenticated user: admin@hotel.com for URI: /api/hotels
2026-04-28 05:52:14.510 [http-nio-8081-exec-7] INFO  c.h.h.controller.HotelController - GET /api/hotels
2026-04-28 05:52:14.538 [http-nio-8081-exec-7] INFO  c.h.h.service.HotelService - Fetched 50 hotels
2026-04-28 05:52:19.211 [http-nio-8081-exec-3] DEBUG c.h.h.s.CustomUserDetailsService - Loading user by email: admin@hotel.com
2026-04-28 05:52:19.224 [http-nio-8081-exec-3] DEBUG c.h.h.config.JWTAuthFilter - Authenticated user: admin@hotel.com for URI: /api/hotels
2026-04-28 05:52:19.229 [http-nio-8081-exec-3] INFO  c.h.h.controller.HotelController - GET /api/hotels
2026-04-28 05:52:19.262 [http-nio-8081-exec-3] INFO  c.h.h.service.HotelService - Fetched 50 hotels
2026-04-28 05:52:19.280 [http-nio-8081-exec-4] DEBUG c.h.h.s.CustomUserDetailsService - Loading user by email: admin@hotel.com
2026-04-28 05:52:19.291 [http-nio-8081-exec-4] DEBUG c.h.h.config.JWTAuthFilter - Authenticated user: admin@hotel.com for URI: /api/hotels
2026-04-28 05:52:19.294 [http-nio-8081-exec-4] INFO  c.h.h.controller.HotelController - GET /api/hotels
2026-04-28 05:52:19.315 [http-nio-8081-exec-4] INFO  c.h.h.service.HotelService - Fetched 50 hotels
2026-04-28 05:52:40.870 [http-nio-8081-exec-5] DEBUG c.h.h.s.CustomUserDetailsService - Loading user by email: admin@hotel.com
2026-04-28 05:52:40.879 [http-nio-8081-exec-5] DEBUG c.h.h.config.JWTAuthFilter - Authenticated user: admin@hotel.com for URI: /api/admin/hotels/1
2026-04-28 05:52:41.129 [http-nio-8081-exec-10] DEBUG c.h.h.s.CustomUserDetailsService - Loading user by email: admin@hotel.com
2026-04-28 05:52:41.143 [http-nio-8081-exec-10] DEBUG c.h.h.config.JWTAuthFilter - Authenticated user: admin@hotel.com for URI: /api/hotels
2026-04-28 05:52:41.145 [http-nio-8081-exec-10] INFO  c.h.h.controller.HotelController - GET /api/hotels
2026-04-28 05:52:41.179 [http-nio-8081-exec-10] INFO  c.h.h.service.HotelService - Fetched 50 hotels
2026-04-28 05:52:53.134 [http-nio-8081-exec-1] DEBUG c.h.h.s.CustomUserDetailsService - Loading user by email: admin@hotel.com
2026-04-28 05:52:53.135 [http-nio-8081-exec-9] DEBUG c.h.h.s.CustomUserDetailsService - Loading user by email: admin@hotel.com
2026-04-28 05:52:53.148 [http-nio-8081-exec-9] DEBUG c.h.h.config.JWTAuthFilter - Authenticated user: admin@hotel.com for URI: /api/hotels/locations
2026-04-28 05:52:53.148 [http-nio-8081-exec-1] DEBUG c.h.h.config.JWTAuthFilter - Authenticated user: admin@hotel.com for URI: /api/hotels
2026-04-28 05:52:53.150 [http-nio-8081-exec-1] INFO  c.h.h.controller.HotelController - GET /api/hotels
2026-04-28 05:52:53.167 [http-nio-8081-exec-6] DEBUG c.h.h.s.CustomUserDetailsService - Loading user by email: admin@hotel.com
2026-04-28 05:52:53.176 [http-nio-8081-exec-6] DEBUG c.h.h.config.JWTAuthFilter - Authenticated user: admin@hotel.com for URI: /api/hotels/locations
2026-04-28 05:52:53.176 [http-nio-8081-exec-1] INFO  c.h.h.service.HotelService - Fetched 50 hotels
2026-04-28 05:52:53.190 [http-nio-8081-exec-8] DEBUG c.h.h.s.CustomUserDetailsService - Loading user by email: admin@hotel.com
2026-04-28 05:52:53.201 [http-nio-8081-exec-8] DEBUG c.h.h.config.JWTAuthFilter - Authenticated user: admin@hotel.com for URI: /api/hotels
2026-04-28 05:52:53.205 [http-nio-8081-exec-8] INFO  c.h.h.controller.HotelController - GET /api/hotels
2026-04-28 05:52:53.217 [http-nio-8081-exec-8] INFO  c.h.h.service.HotelService - Fetched 50 hotels
2026-04-28 05:52:57.480 [http-nio-8081-exec-4] DEBUG c.h.h.s.CustomUserDetailsService - Loading user by email: admin@hotel.com
2026-04-28 05:52:57.485 [http-nio-8081-exec-4] DEBUG c.h.h.config.JWTAuthFilter - Authenticated user: admin@hotel.com for URI: /api/hotels/1
2026-04-28 05:52:57.489 [http-nio-8081-exec-4] INFO  c.h.h.controller.HotelController - GET /api/hotels/1
2026-04-28 05:52:57.548 [http-nio-8081-exec-2] DEBUG c.h.h.s.CustomUserDetailsService - Loading user by email: admin@hotel.com
2026-04-28 05:52:57.556 [http-nio-8081-exec-2] DEBUG c.h.h.config.JWTAuthFilter - Authenticated user: admin@hotel.com for URI: /api/hotels/1
2026-04-28 05:52:57.558 [http-nio-8081-exec-2] INFO  c.h.h.controller.HotelController - GET /api/hotels/1
2026-04-28 05:53:09.721 [http-nio-8081-exec-5] DEBUG c.h.h.s.CustomUserDetailsService - Loading user by email: admin@hotel.com
2026-04-28 05:53:09.733 [http-nio-8081-exec-5] DEBUG c.h.h.config.JWTAuthFilter - Authenticated user: admin@hotel.com for URI: /api/hotels
2026-04-28 05:53:09.735 [http-nio-8081-exec-5] INFO  c.h.h.controller.HotelController - GET /api/hotels
2026-04-28 05:53:09.762 [http-nio-8081-exec-5] INFO  c.h.h.service.HotelService - Fetched 50 hotels
2026-04-28 05:53:09.773 [http-nio-8081-exec-10] DEBUG c.h.h.s.CustomUserDetailsService - Loading user by email: admin@hotel.com
2026-04-28 05:53:09.783 [http-nio-8081-exec-10] DEBUG c.h.h.config.JWTAuthFilter - Authenticated user: admin@hotel.com for URI: /api/hotels
2026-04-28 05:53:09.786 [http-nio-8081-exec-10] INFO  c.h.h.controller.HotelController - GET /api/hotels
2026-04-28 05:53:09.798 [http-nio-8081-exec-10] INFO  c.h.h.service.HotelService - Fetched 50 hotels
2026-04-28 05:53:11.980 [http-nio-8081-exec-6] DEBUG c.h.h.s.CustomUserDetailsService - Loading user by email: admin@hotel.com
2026-04-28 05:53:11.990 [http-nio-8081-exec-6] DEBUG c.h.h.config.JWTAuthFilter - Authenticated user: admin@hotel.com for URI: /api/bookings/my
2026-04-28 05:53:11.997 [http-nio-8081-exec-6] INFO  c.h.h.controller.BookingController - GET /api/bookings/my - user: 6
2026-04-28 05:53:12.021 [http-nio-8081-exec-8] DEBUG c.h.h.s.CustomUserDetailsService - Loading user by email: admin@hotel.com
2026-04-28 05:53:12.031 [http-nio-8081-exec-8] DEBUG c.h.h.config.JWTAuthFilter - Authenticated user: admin@hotel.com for URI: /api/bookings/my
2026-04-28 05:53:12.035 [http-nio-8081-exec-8] INFO  c.h.h.controller.BookingController - GET /api/bookings/my - user: 6
2026-04-28 05:53:14.729 [http-nio-8081-exec-7] DEBUG c.h.h.s.CustomUserDetailsService - Loading user by email: admin@hotel.com
2026-04-28 05:53:14.739 [http-nio-8081-exec-7] DEBUG c.h.h.config.JWTAuthFilter - Authenticated user: admin@hotel.com for URI: /api/hotels
2026-04-28 05:53:14.740 [http-nio-8081-exec-7] INFO  c.h.h.controller.HotelController - GET /api/hotels
2026-04-28 05:53:14.756 [http-nio-8081-exec-7] INFO  c.h.h.service.HotelService - Fetched 50 hotels
2026-04-28 05:53:14.761 [http-nio-8081-exec-3] DEBUG c.h.h.s.CustomUserDetailsService - Loading user by email: admin@hotel.com
2026-04-28 05:53:14.770 [http-nio-8081-exec-3] DEBUG c.h.h.config.JWTAuthFilter - Authenticated user: admin@hotel.com for URI: /api/hotels
2026-04-28 05:53:14.775 [http-nio-8081-exec-3] INFO  c.h.h.controller.HotelController - GET /api/hotels
2026-04-28 05:53:14.785 [http-nio-8081-exec-3] INFO  c.h.h.service.HotelService - Fetched 50 hotels
2026-04-28 05:53:16.132 [http-nio-8081-exec-2] DEBUG c.h.h.s.CustomUserDetailsService - Loading user by email: admin@hotel.com
2026-04-28 05:53:16.139 [http-nio-8081-exec-2] DEBUG c.h.h.config.JWTAuthFilter - Authenticated user: admin@hotel.com for URI: /api/bookings/my
2026-04-28 05:53:16.144 [http-nio-8081-exec-2] INFO  c.h.h.controller.BookingController - GET /api/bookings/my - user: 6
2026-04-28 05:53:16.161 [http-nio-8081-exec-5] DEBUG c.h.h.s.CustomUserDetailsService - Loading user by email: admin@hotel.com
2026-04-28 05:53:16.173 [http-nio-8081-exec-5] DEBUG c.h.h.config.JWTAuthFilter - Authenticated user: admin@hotel.com for URI: /api/bookings/my
2026-04-28 05:53:16.177 [http-nio-8081-exec-5] INFO  c.h.h.controller.BookingController - GET /api/bookings/my - user: 6
2026-04-28 05:53:25.806 [http-nio-8081-exec-10] DEBUG c.h.h.s.CustomUserDetailsService - Loading user by email: admin@hotel.com
2026-04-28 05:53:25.814 [http-nio-8081-exec-10] DEBUG c.h.h.config.JWTAuthFilter - Authenticated user: admin@hotel.com for URI: /api/hotels
2026-04-28 05:53:25.814 [http-nio-8081-exec-10] INFO  c.h.h.controller.HotelController - GET /api/hotels
2026-04-28 05:53:25.829 [http-nio-8081-exec-10] INFO  c.h.h.service.HotelService - Fetched 50 hotels
2026-04-28 05:53:25.836 [http-nio-8081-exec-1] DEBUG c.h.h.s.CustomUserDetailsService - Loading user by email: admin@hotel.com
2026-04-28 05:53:25.843 [http-nio-8081-exec-1] DEBUG c.h.h.config.JWTAuthFilter - Authenticated user: admin@hotel.com for URI: /api/hotels
2026-04-28 05:53:25.843 [http-nio-8081-exec-1] INFO  c.h.h.controller.HotelController - GET /api/hotels
2026-04-28 05:53:25.854 [http-nio-8081-exec-1] INFO  c.h.h.service.HotelService - Fetched 50 hotels
2026-04-28 05:55:22.572 [http-nio-8081-exec-3] DEBUG c.h.h.s.CustomUserDetailsService - Loading user by email: admin@hotel.com
2026-04-28 05:55:22.572 [http-nio-8081-exec-7] DEBUG c.h.h.s.CustomUserDetailsService - Loading user by email: admin@hotel.com
2026-04-28 05:55:22.584 [http-nio-8081-exec-3] DEBUG c.h.h.config.JWTAuthFilter - Authenticated user: admin@hotel.com for URI: /api/hotels/locations
2026-04-28 05:55:22.584 [http-nio-8081-exec-7] DEBUG c.h.h.config.JWTAuthFilter - Authenticated user: admin@hotel.com for URI: /api/hotels
2026-04-28 05:55:22.589 [http-nio-8081-exec-7] INFO  c.h.h.controller.HotelController - GET /api/hotels
2026-04-28 05:55:22.600 [http-nio-8081-exec-4] DEBUG c.h.h.s.CustomUserDetailsService - Loading user by email: admin@hotel.com
2026-04-28 05:55:22.600 [http-nio-8081-exec-7] INFO  c.h.h.service.HotelService - Fetched 50 hotels
2026-04-28 05:55:22.607 [http-nio-8081-exec-2] DEBUG c.h.h.s.CustomUserDetailsService - Loading user by email: admin@hotel.com
2026-04-28 05:55:22.611 [http-nio-8081-exec-4] DEBUG c.h.h.config.JWTAuthFilter - Authenticated user: admin@hotel.com for URI: /api/hotels/locations
2026-04-28 05:55:22.616 [http-nio-8081-exec-2] DEBUG c.h.h.config.JWTAuthFilter - Authenticated user: admin@hotel.com for URI: /api/hotels
2026-04-28 05:55:22.621 [http-nio-8081-exec-2] INFO  c.h.h.controller.HotelController - GET /api/hotels
2026-04-28 05:55:22.632 [http-nio-8081-exec-2] INFO  c.h.h.service.HotelService - Fetched 50 hotels
2026-04-28 05:55:26.391 [http-nio-8081-exec-5] DEBUG c.h.h.s.CustomUserDetailsService - Loading user by email: admin@hotel.com
2026-04-28 05:55:26.400 [http-nio-8081-exec-5] DEBUG c.h.h.config.JWTAuthFilter - Authenticated user: admin@hotel.com for URI: /api/hotels
2026-04-28 05:55:26.403 [http-nio-8081-exec-5] INFO  c.h.h.controller.HotelController - GET /api/hotels
2026-04-28 05:55:26.423 [http-nio-8081-exec-5] INFO  c.h.h.service.HotelService - Fetched 50 hotels
2026-04-28 05:55:26.432 [http-nio-8081-exec-5] DEBUG c.h.h.s.CustomUserDetailsService - Loading user by email: admin@hotel.com
2026-04-28 05:55:26.437 [http-nio-8081-exec-5] DEBUG c.h.h.config.JWTAuthFilter - Authenticated user: admin@hotel.com for URI: /api/hotels
2026-04-28 05:55:26.439 [http-nio-8081-exec-5] INFO  c.h.h.controller.HotelController - GET /api/hotels
2026-04-28 05:55:26.447 [http-nio-8081-exec-5] INFO  c.h.h.service.HotelService - Fetched 50 hotels
2026-04-28 05:55:34.196 [http-nio-8081-exec-1] DEBUG c.h.h.s.CustomUserDetailsService - Loading user by email: admin@hotel.com
2026-04-28 05:55:34.196 [http-nio-8081-exec-9] DEBUG c.h.h.s.CustomUserDetailsService - Loading user by email: admin@hotel.com
2026-04-28 05:55:34.204 [http-nio-8081-exec-9] DEBUG c.h.h.config.JWTAuthFilter - Authenticated user: admin@hotel.com for URI: /api/hotels/locations
2026-04-28 05:55:34.204 [http-nio-8081-exec-1] DEBUG c.h.h.config.JWTAuthFilter - Authenticated user: admin@hotel.com for URI: /api/hotels
2026-04-28 05:55:34.208 [http-nio-8081-exec-1] INFO  c.h.h.controller.HotelController - GET /api/hotels
2026-04-28 05:55:34.217 [http-nio-8081-exec-1] INFO  c.h.h.service.HotelService - Fetched 50 hotels
2026-04-28 05:55:34.219 [http-nio-8081-exec-8] DEBUG c.h.h.s.CustomUserDetailsService - Loading user by email: admin@hotel.com
2026-04-28 05:55:34.228 [http-nio-8081-exec-6] DEBUG c.h.h.s.CustomUserDetailsService - Loading user by email: admin@hotel.com
2026-04-28 05:55:34.231 [http-nio-8081-exec-8] DEBUG c.h.h.config.JWTAuthFilter - Authenticated user: admin@hotel.com for URI: /api/hotels/locations
2026-04-28 05:55:34.239 [http-nio-8081-exec-6] DEBUG c.h.h.config.JWTAuthFilter - Authenticated user: admin@hotel.com for URI: /api/hotels
2026-04-28 05:55:34.241 [http-nio-8081-exec-6] INFO  c.h.h.controller.HotelController - GET /api/hotels
2026-04-28 05:55:34.249 [http-nio-8081-exec-6] INFO  c.h.h.service.HotelService - Fetched 50 hotels
2026-04-28 05:55:38.529 [http-nio-8081-exec-3] DEBUG c.h.h.s.CustomUserDetailsService - Loading user by email: admin@hotel.com
2026-04-28 05:55:38.535 [http-nio-8081-exec-3] DEBUG c.h.h.config.JWTAuthFilter - Authenticated user: admin@hotel.com for URI: /api/hotels/1
2026-04-28 05:55:38.541 [http-nio-8081-exec-3] INFO  c.h.h.controller.HotelController - GET /api/hotels/1
2026-04-28 05:55:38.558 [http-nio-8081-exec-7] DEBUG c.h.h.s.CustomUserDetailsService - Loading user by email: admin@hotel.com
2026-04-28 05:55:38.561 [http-nio-8081-exec-7] DEBUG c.h.h.config.JWTAuthFilter - Authenticated user: admin@hotel.com for URI: /api/hotels/1
2026-04-28 05:55:38.568 [http-nio-8081-exec-7] INFO  c.h.h.controller.HotelController - GET /api/hotels/1
2026-04-28 05:55:44.264 [http-nio-8081-exec-2] DEBUG c.h.h.s.CustomUserDetailsService - Loading user by email: admin@hotel.com
2026-04-28 05:55:44.264 [http-nio-8081-exec-4] DEBUG c.h.h.s.CustomUserDetailsService - Loading user by email: admin@hotel.com
2026-04-28 05:55:44.272 [http-nio-8081-exec-2] DEBUG c.h.h.config.JWTAuthFilter - Authenticated user: admin@hotel.com for URI: /api/hotels/locations
2026-04-28 05:55:44.273 [http-nio-8081-exec-4] DEBUG c.h.h.config.JWTAuthFilter - Authenticated user: admin@hotel.com for URI: /api/hotels
2026-04-28 05:55:44.277 [http-nio-8081-exec-4] INFO  c.h.h.controller.HotelController - GET /api/hotels
2026-04-28 05:55:44.286 [http-nio-8081-exec-4] INFO  c.h.h.service.HotelService - Fetched 50 hotels
2026-04-28 05:55:44.286 [http-nio-8081-exec-10] DEBUG c.h.h.s.CustomUserDetailsService - Loading user by email: admin@hotel.com
2026-04-28 05:55:44.306 [http-nio-8081-exec-10] DEBUG c.h.h.config.JWTAuthFilter - Authenticated user: admin@hotel.com for URI: /api/hotels/locations
2026-04-28 05:55:44.306 [http-nio-8081-exec-5] DEBUG c.h.h.s.CustomUserDetailsService - Loading user by email: admin@hotel.com
2026-04-28 05:55:44.315 [http-nio-8081-exec-5] DEBUG c.h.h.config.JWTAuthFilter - Authenticated user: admin@hotel.com for URI: /api/hotels
2026-04-28 05:55:44.317 [http-nio-8081-exec-5] INFO  c.h.h.controller.HotelController - GET /api/hotels
2026-04-28 05:55:44.326 [http-nio-8081-exec-5] INFO  c.h.h.service.HotelService - Fetched 50 hotels
2026-04-28 05:55:56.250 [http-nio-8081-exec-9] DEBUG c.h.h.s.CustomUserDetailsService - Loading user by email: admin@hotel.com
2026-04-28 05:55:56.268 [http-nio-8081-exec-9] DEBUG c.h.h.config.JWTAuthFilter - Authenticated user: admin@hotel.com for URI: /api/hotels
2026-04-28 05:55:56.274 [http-nio-8081-exec-9] INFO  c.h.h.controller.HotelController - GET /api/hotels
2026-04-28 05:55:56.295 [http-nio-8081-exec-9] INFO  c.h.h.service.HotelService - Fetched 50 hotels
2026-04-28 05:55:56.306 [http-nio-8081-exec-1] DEBUG c.h.h.s.CustomUserDetailsService - Loading user by email: admin@hotel.com
2026-04-28 05:55:56.318 [http-nio-8081-exec-1] DEBUG c.h.h.config.JWTAuthFilter - Authenticated user: admin@hotel.com for URI: /api/hotels
2026-04-28 05:55:56.323 [http-nio-8081-exec-1] INFO  c.h.h.controller.HotelController - GET /api/hotels
2026-04-28 05:55:56.338 [http-nio-8081-exec-1] INFO  c.h.h.service.HotelService - Fetched 50 hotels
2026-04-28 05:57:25.950 [http-nio-8081-exec-7] DEBUG c.h.h.s.CustomUserDetailsService - Loading user by email: admin@hotel.com
2026-04-28 05:57:25.958 [http-nio-8081-exec-7] DEBUG c.h.h.config.JWTAuthFilter - Authenticated user: admin@hotel.com for URI: /api/hotels
2026-04-28 05:57:25.958 [http-nio-8081-exec-7] INFO  c.h.h.controller.HotelController - GET /api/hotels
2026-04-28 05:57:25.964 [http-nio-8081-exec-7] INFO  c.h.h.service.HotelService - Fetched 50 hotels
2026-04-28 05:58:47.600 [http-nio-8081-exec-4] DEBUG c.h.h.s.CustomUserDetailsService - Loading user by email: admin@hotel.com
2026-04-28 05:58:47.611 [http-nio-8081-exec-4] DEBUG c.h.h.config.JWTAuthFilter - Authenticated user: admin@hotel.com for URI: /api/hotels
2026-04-28 05:58:47.611 [http-nio-8081-exec-4] INFO  c.h.h.controller.HotelController - GET /api/hotels
2026-04-28 05:58:47.622 [http-nio-8081-exec-4] INFO  c.h.h.service.HotelService - Fetched 50 hotels
2026-04-28 05:58:47.627 [http-nio-8081-exec-10] DEBUG c.h.h.s.CustomUserDetailsService - Loading user by email: admin@hotel.com
2026-04-28 05:58:47.634 [http-nio-8081-exec-10] DEBUG c.h.h.config.JWTAuthFilter - Authenticated user: admin@hotel.com for URI: /api/hotels
2026-04-28 05:58:47.636 [http-nio-8081-exec-10] INFO  c.h.h.controller.HotelController - GET /api/hotels
2026-04-28 05:58:47.646 [http-nio-8081-exec-10] INFO  c.h.h.service.HotelService - Fetched 50 hotels
2026-04-28 05:58:49.043 [http-nio-8081-exec-9] DEBUG c.h.h.s.CustomUserDetailsService - Loading user by email: admin@hotel.com
2026-04-28 05:58:49.052 [http-nio-8081-exec-9] DEBUG c.h.h.config.JWTAuthFilter - Authenticated user: admin@hotel.com for URI: /api/bookings/admin/all
2026-04-28 05:58:59.790 [http-nio-8081-exec-1] INFO  c.h.h.controller.HotelController - GET /api/hotels
2026-04-28 05:58:59.799 [http-nio-8081-exec-1] INFO  c.h.h.service.HotelService - Fetched 50 hotels
2026-04-28 05:58:59.806 [http-nio-8081-exec-3] INFO  c.h.h.controller.HotelController - GET /api/hotels
2026-04-28 05:58:59.822 [http-nio-8081-exec-3] INFO  c.h.h.service.HotelService - Fetched 50 hotels
2026-04-28 05:59:04.712 [http-nio-8081-exec-7] INFO  c.h.h.controller.AuthController - POST /api/auth/login - email: krish@gmail.com
2026-04-28 05:59:04.712 [http-nio-8081-exec-7] INFO  c.h.h.service.UserService - Login attempt for email: krish@gmail.com
2026-04-28 05:59:04.712 [http-nio-8081-exec-7] DEBUG c.h.h.s.CustomUserDetailsService - Loading user by email: krish@gmail.com
2026-04-28 05:59:04.932 [http-nio-8081-exec-7] WARN  c.h.h.e.GlobalExceptionHandler - Bad credentials attempt
2026-04-28 05:59:16.302 [http-nio-8081-exec-2] INFO  c.h.h.controller.AuthController - POST /api/auth/login - email: aswin@gmail.com
2026-04-28 05:59:16.302 [http-nio-8081-exec-2] INFO  c.h.h.service.UserService - Login attempt for email: aswin@gmail.com
2026-04-28 05:59:16.302 [http-nio-8081-exec-2] DEBUG c.h.h.s.CustomUserDetailsService - Loading user by email: aswin@gmail.com
2026-04-28 05:59:16.517 [http-nio-8081-exec-2] INFO  c.h.h.service.UserService - User logged in successfully: aswin@gmail.com
2026-04-28 05:59:16.548 [http-nio-8081-exec-10] DEBUG c.h.h.s.CustomUserDetailsService - Loading user by email: aswin@gmail.com
2026-04-28 05:59:16.548 [http-nio-8081-exec-4] DEBUG c.h.h.s.CustomUserDetailsService - Loading user by email: aswin@gmail.com
2026-04-28 05:59:16.556 [http-nio-8081-exec-10] DEBUG c.h.h.config.JWTAuthFilter - Authenticated user: aswin@gmail.com for URI: /api/hotels/locations
2026-04-28 05:59:16.556 [http-nio-8081-exec-4] DEBUG c.h.h.config.JWTAuthFilter - Authenticated user: aswin@gmail.com for URI: /api/hotels
2026-04-28 05:59:16.558 [http-nio-8081-exec-4] INFO  c.h.h.controller.HotelController - GET /api/hotels
2026-04-28 05:59:16.570 [http-nio-8081-exec-5] DEBUG c.h.h.s.CustomUserDetailsService - Loading user by email: aswin@gmail.com
2026-04-28 05:59:16.574 [http-nio-8081-exec-4] INFO  c.h.h.service.HotelService - Fetched 50 hotels
2026-04-28 05:59:16.579 [http-nio-8081-exec-5] DEBUG c.h.h.config.JWTAuthFilter - Authenticated user: aswin@gmail.com for URI: /api/hotels/locations
2026-04-28 05:59:16.579 [http-nio-8081-exec-9] DEBUG c.h.h.s.CustomUserDetailsService - Loading user by email: aswin@gmail.com
2026-04-28 05:59:16.587 [http-nio-8081-exec-9] DEBUG c.h.h.config.JWTAuthFilter - Authenticated user: aswin@gmail.com for URI: /api/hotels
2026-04-28 05:59:16.590 [http-nio-8081-exec-9] INFO  c.h.h.controller.HotelController - GET /api/hotels
2026-04-28 05:59:16.602 [http-nio-8081-exec-9] INFO  c.h.h.service.HotelService - Fetched 50 hotels
2026-04-28 05:59:24.094 [http-nio-8081-exec-6] DEBUG c.h.h.s.CustomUserDetailsService - Loading user by email: aswin@gmail.com
2026-04-28 05:59:24.100 [http-nio-8081-exec-6] DEBUG c.h.h.config.JWTAuthFilter - Authenticated user: aswin@gmail.com for URI: /api/hotels/5
2026-04-28 05:59:24.102 [http-nio-8081-exec-6] INFO  c.h.h.controller.HotelController - GET /api/hotels/5
2026-04-28 05:59:24.122 [http-nio-8081-exec-3] DEBUG c.h.h.s.CustomUserDetailsService - Loading user by email: aswin@gmail.com
2026-04-28 05:59:24.129 [http-nio-8081-exec-3] DEBUG c.h.h.config.JWTAuthFilter - Authenticated user: aswin@gmail.com for URI: /api/hotels/5
2026-04-28 05:59:24.133 [http-nio-8081-exec-3] INFO  c.h.h.controller.HotelController - GET /api/hotels/5
2026-04-28 05:59:32.112 [http-nio-8081-exec-2] DEBUG c.h.h.s.CustomUserDetailsService - Loading user by email: aswin@gmail.com
2026-04-28 05:59:32.130 [http-nio-8081-exec-2] DEBUG c.h.h.config.JWTAuthFilter - Authenticated user: aswin@gmail.com for URI: /api/bookings
2026-04-28 05:59:32.147 [http-nio-8081-exec-2] INFO  c.h.h.controller.BookingController - POST /api/bookings - user: 5
2026-04-28 05:59:32.149 [http-nio-8081-exec-2] INFO  c.h.h.service.BookingService - Creating booking for user 5 room 11
2026-04-28 05:59:32.189 [http-nio-8081-exec-2] INFO  c.h.h.service.BookingService - Booking created in PENDING_PAYMENT: 16 for user: 5
2026-04-28 05:59:32.202 [http-nio-8081-exec-4] DEBUG c.h.h.s.CustomUserDetailsService - Loading user by email: aswin@gmail.com
2026-04-28 05:59:32.211 [http-nio-8081-exec-4] DEBUG c.h.h.config.JWTAuthFilter - Authenticated user: aswin@gmail.com for URI: /api/payments/checkout/16
2026-04-28 05:59:32.215 [http-nio-8081-exec-4] INFO  c.h.h.controller.PaymentController - POST /api/payments/checkout/16
2026-04-28 05:59:34.501 [http-nio-8081-exec-4] INFO  c.h.h.service.PaymentService - Stripe Session created: cs_test_a1DC8Clezw1V6nL5zZ7b4NuLukNQhl06rNEgWHt6rPAmM2GPR5YaEeRyKh for booking ID: 16
2026-04-28 05:59:37.612 [task-1] INFO  c.h.h.service.EmailService - Booking confirmation email sent to: aswin@gmail.com for booking: 16
2026-04-28 05:59:44.338 [http-nio-8081-exec-1] DEBUG c.h.h.s.CustomUserDetailsService - Loading user by email: aswin@gmail.com
2026-04-28 05:59:44.338 [http-nio-8081-exec-8] DEBUG c.h.h.s.CustomUserDetailsService - Loading user by email: aswin@gmail.com
2026-04-28 05:59:44.344 [http-nio-8081-exec-8] DEBUG c.h.h.config.JWTAuthFilter - Authenticated user: aswin@gmail.com for URI: /api/payments/verify
2026-04-28 05:59:44.344 [http-nio-8081-exec-1] DEBUG c.h.h.config.JWTAuthFilter - Authenticated user: aswin@gmail.com for URI: /api/payments/verify
2026-04-28 05:59:44.349 [http-nio-8081-exec-8] INFO  c.h.h.controller.PaymentController - POST /api/payments/verify/cs_test_a1DC8Clezw1V6nL5zZ7b4NuLukNQhl06rNEgWHt6rPAmM2GPR5YaEeRyKh
2026-04-28 05:59:44.349 [http-nio-8081-exec-1] INFO  c.h.h.controller.PaymentController - POST /api/payments/verify/cs_test_a1DC8Clezw1V6nL5zZ7b4NuLukNQhl06rNEgWHt6rPAmM2GPR5YaEeRyKh
2026-04-28 05:59:44.887 [http-nio-8081-exec-8] INFO  c.h.h.service.PaymentService - Booking 16 marked as CONFIRMED after payment. Sending email...
2026-04-28 05:59:44.899 [http-nio-8081-exec-6] DEBUG c.h.h.s.CustomUserDetailsService - Loading user by email: aswin@gmail.com
2026-04-28 05:59:44.896 [task-2] ERROR o.s.a.i.SimpleAsyncUncaughtExceptionHandler - Unexpected exception occurred invoking async method: public void com.hotel.hotel_backend.service.EmailService.sendBookingConfirmation(java.lang.String,java.lang.String,com.hotel.hotel_backend.entity.Booking)
org.hibernate.LazyInitializationException: could not initialize proxy [com.hotel.hotel_backend.entity.Hotel#5] - no Session
	at org.hibernate.proxy.AbstractLazyInitializer.initialize(AbstractLazyInitializer.java:164)
	at org.hibernate.proxy.AbstractLazyInitializer.getImplementation(AbstractLazyInitializer.java:310)
	at org.hibernate.proxy.pojo.bytebuddy.ByteBuddyInterceptor.intercept(ByteBuddyInterceptor.java:44)
	at org.hibernate.proxy.ProxyConfiguration$InterceptorDispatcher.intercept(ProxyConfiguration.java:102)
	at com.hotel.hotel_backend.entity.Hotel$HibernateProxy$93TBsYuf.getName(Unknown Source)
	at com.hotel.hotel_backend.service.EmailService.buildBookingConfirmationHtml(EmailService.java:141)
	at com.hotel.hotel_backend.service.EmailService.sendBookingConfirmation(EmailService.java:51)
	at java.base/jdk.internal.reflect.DirectMethodHandleAccessor.invoke(DirectMethodHandleAccessor.java:103)
	at java.base/java.lang.reflect.Method.invoke(Method.java:580)
	at org.springframework.aop.support.AopUtils.invokeJoinpointUsingReflection(AopUtils.java:352)
	at org.springframework.aop.framework.ReflectiveMethodInvocation.invokeJoinpoint(ReflectiveMethodInvocation.java:196)
	at org.springframework.aop.framework.ReflectiveMethodInvocation.proceed(ReflectiveMethodInvocation.java:163)
	at org.springframework.aop.framework.CglibAopProxy$CglibMethodInvocation.proceed(CglibAopProxy.java:765)
	at org.springframework.aop.interceptor.AsyncExecutionInterceptor.lambda$invoke$0(AsyncExecutionInterceptor.java:115)
	at java.base/java.util.concurrent.FutureTask.run(FutureTask.java:317)
	at java.base/java.util.concurrent.ThreadPoolExecutor.runWorker(ThreadPoolExecutor.java:1144)
	at java.base/java.util.concurrent.ThreadPoolExecutor$Worker.run(ThreadPoolExecutor.java:642)
	at java.base/java.lang.Thread.run(Thread.java:1583)
2026-04-28 05:59:44.906 [http-nio-8081-exec-6] DEBUG c.h.h.config.JWTAuthFilter - Authenticated user: aswin@gmail.com for URI: /api/bookings/my
2026-04-28 05:59:44.908 [http-nio-8081-exec-6] INFO  c.h.h.controller.BookingController - GET /api/bookings/my - user: 5
2026-04-28 05:59:44.990 [http-nio-8081-exec-3] DEBUG c.h.h.s.CustomUserDetailsService - Loading user by email: aswin@gmail.com
2026-04-28 05:59:45.010 [http-nio-8081-exec-3] DEBUG c.h.h.config.JWTAuthFilter - Authenticated user: aswin@gmail.com for URI: /api/bookings/my
2026-04-28 05:59:45.015 [http-nio-8081-exec-3] INFO  c.h.h.controller.BookingController - GET /api/bookings/my - user: 5
2026-04-28 06:00:12.845 [http-nio-8081-exec-7] INFO  c.h.h.controller.AuthController - POST /api/auth/login - email: admin@hotel.com
2026-04-28 06:00:12.845 [http-nio-8081-exec-7] INFO  c.h.h.service.UserService - Login attempt for email: admin@hotel.com
2026-04-28 06:00:12.845 [http-nio-8081-exec-7] DEBUG c.h.h.s.CustomUserDetailsService - Loading user by email: admin@hotel.com
2026-04-28 06:00:13.032 [http-nio-8081-exec-7] INFO  c.h.h.service.UserService - User logged in successfully: admin@hotel.com
2026-04-28 06:00:13.085 [http-nio-8081-exec-2] DEBUG c.h.h.s.CustomUserDetailsService - Loading user by email: admin@hotel.com
2026-04-28 06:00:13.085 [http-nio-8081-exec-10] DEBUG c.h.h.s.CustomUserDetailsService - Loading user by email: admin@hotel.com
2026-04-28 06:00:13.090 [http-nio-8081-exec-2] DEBUG c.h.h.config.JWTAuthFilter - Authenticated user: admin@hotel.com for URI: /api/hotels
2026-04-28 06:00:13.090 [http-nio-8081-exec-10] DEBUG c.h.h.config.JWTAuthFilter - Authenticated user: admin@hotel.com for URI: /api/hotels/locations
2026-04-28 06:00:13.091 [http-nio-8081-exec-2] INFO  c.h.h.controller.HotelController - GET /api/hotels
2026-04-28 06:00:13.096 [http-nio-8081-exec-4] DEBUG c.h.h.s.CustomUserDetailsService - Loading user by email: admin@hotel.com
2026-04-28 06:00:13.096 [http-nio-8081-exec-2] INFO  c.h.h.service.HotelService - Fetched 50 hotels
2026-04-28 06:00:13.106 [http-nio-8081-exec-5] DEBUG c.h.h.s.CustomUserDetailsService - Loading user by email: admin@hotel.com
2026-04-28 06:00:13.106 [http-nio-8081-exec-4] DEBUG c.h.h.config.JWTAuthFilter - Authenticated user: admin@hotel.com for URI: /api/hotels/locations
2026-04-28 06:00:13.115 [http-nio-8081-exec-5] DEBUG c.h.h.config.JWTAuthFilter - Authenticated user: admin@hotel.com for URI: /api/hotels
2026-04-28 06:00:13.115 [http-nio-8081-exec-5] INFO  c.h.h.controller.HotelController - GET /api/hotels
2026-04-28 06:00:13.126 [http-nio-8081-exec-5] INFO  c.h.h.service.HotelService - Fetched 50 hotels
2026-04-28 06:00:15.465 [http-nio-8081-exec-9] DEBUG c.h.h.s.CustomUserDetailsService - Loading user by email: admin@hotel.com
2026-04-28 06:00:15.474 [http-nio-8081-exec-9] DEBUG c.h.h.config.JWTAuthFilter - Authenticated user: admin@hotel.com for URI: /api/hotels
2026-04-28 06:00:15.474 [http-nio-8081-exec-9] INFO  c.h.h.controller.HotelController - GET /api/hotels
2026-04-28 06:00:15.487 [http-nio-8081-exec-9] INFO  c.h.h.service.HotelService - Fetched 50 hotels
2026-04-28 06:00:15.494 [http-nio-8081-exec-8] DEBUG c.h.h.s.CustomUserDetailsService - Loading user by email: admin@hotel.com
2026-04-28 06:00:15.501 [http-nio-8081-exec-8] DEBUG c.h.h.config.JWTAuthFilter - Authenticated user: admin@hotel.com for URI: /api/hotels
2026-04-28 06:00:15.502 [http-nio-8081-exec-8] INFO  c.h.h.controller.HotelController - GET /api/hotels
2026-04-28 06:00:15.508 [http-nio-8081-exec-8] INFO  c.h.h.service.HotelService - Fetched 50 hotels
2026-04-28 06:00:17.925 [http-nio-8081-exec-6] DEBUG c.h.h.s.CustomUserDetailsService - Loading user by email: admin@hotel.com
2026-04-28 06:00:17.935 [http-nio-8081-exec-6] DEBUG c.h.h.config.JWTAuthFilter - Authenticated user: admin@hotel.com for URI: /api/bookings/admin/all
2026-04-28 06:03:23.399 [SpringApplicationShutdownHook] INFO  o.s.o.j.LocalContainerEntityManagerFactoryBean - Closing JPA EntityManagerFactory for persistence unit 'default'
2026-04-28 06:03:23.403 [SpringApplicationShutdownHook] INFO  com.zaxxer.hikari.HikariDataSource - HikariPool-1 - Shutdown initiated...
2026-04-28 06:03:23.411 [SpringApplicationShutdownHook] INFO  com.zaxxer.hikari.HikariDataSource - HikariPool-1 - Shutdown completed.
2026-04-28 06:03:31.505 [background-preinit] INFO  o.h.validator.internal.util.Version - HV000001: Hibernate Validator 8.0.1.Final
2026-04-28 06:03:31.562 [main] INFO  c.h.h.HotelBackendApplication - Starting HotelBackendApplication using Java 21.0.10 with PID 10976 (D:\Hackathon\HotelBooking\hotel-backend\target\classes started by girid in D:\Hackathon\HotelBooking\hotel-backend)
2026-04-28 06:03:31.562 [main] DEBUG c.h.h.HotelBackendApplication - Running with Spring Boot v3.2.0, Spring v6.1.1
2026-04-28 06:03:31.562 [main] INFO  c.h.h.HotelBackendApplication - No active profile set, falling back to 1 default profile: "default"
2026-04-28 06:03:32.454 [main] INFO  o.s.d.r.c.RepositoryConfigurationDelegate - Bootstrapping Spring Data JPA repositories in DEFAULT mode.
2026-04-28 06:03:32.530 [main] INFO  o.s.d.r.c.RepositoryConfigurationDelegate - Finished Spring Data repository scanning in 68 ms. Found 5 JPA repository interfaces.
2026-04-28 06:03:33.143 [main] INFO  o.s.b.w.e.tomcat.TomcatWebServer - Tomcat initialized with port 8081 (http)
2026-04-28 06:03:33.151 [main] INFO  o.a.coyote.http11.Http11NioProtocol - Initializing ProtocolHandler ["http-nio-8081"]
2026-04-28 06:03:33.155 [main] INFO  o.a.catalina.core.StandardService - Starting service [Tomcat]
2026-04-28 06:03:33.156 [main] INFO  o.a.catalina.core.StandardEngine - Starting Servlet engine: [Apache Tomcat/10.1.16]
2026-04-28 06:03:33.229 [main] INFO  o.a.c.c.C.[Tomcat].[localhost].[/] - Initializing Spring embedded WebApplicationContext
2026-04-28 06:03:33.229 [main] INFO  o.s.b.w.s.c.ServletWebServerApplicationContext - Root WebApplicationContext: initialization completed in 1602 ms
2026-04-28 06:03:33.370 [main] INFO  o.h.jpa.internal.util.LogHelper - HHH000204: Processing PersistenceUnitInfo [name: default]
2026-04-28 06:03:33.429 [main] INFO  org.hibernate.Version - HHH000412: Hibernate ORM core version 6.3.1.Final
2026-04-28 06:03:33.461 [main] INFO  o.h.c.i.RegionFactoryInitiator - HHH000026: Second-level cache disabled
2026-04-28 06:03:33.702 [main] INFO  o.s.o.j.p.SpringPersistenceUnitInfo - No LoadTimeWeaver setup: ignoring JPA class transformer
2026-04-28 06:03:33.737 [main] INFO  com.zaxxer.hikari.HikariDataSource - HikariPool-1 - Starting...
2026-04-28 06:03:33.902 [main] INFO  com.zaxxer.hikari.pool.HikariPool - HikariPool-1 - Added connection com.mysql.cj.jdbc.ConnectionImpl@18b40fe6
2026-04-28 06:03:33.902 [main] INFO  com.zaxxer.hikari.HikariDataSource - HikariPool-1 - Start completed.
2026-04-28 06:03:34.002 [main] WARN  org.hibernate.orm.deprecation - HHH90000025: MySQLDialect does not need to be specified explicitly using 'hibernate.dialect' (remove the property setting and it will be selected by default)
2026-04-28 06:03:35.177 [main] INFO  o.h.e.t.j.p.i.JtaPlatformInitiator - HHH000489: No JTA platform available (set 'hibernate.transaction.jta.platform' to enable JTA platform integration)
2026-04-28 06:03:35.292 [main] INFO  o.s.o.j.LocalContainerEntityManagerFactoryBean - Initialized JPA EntityManagerFactory for persistence unit 'default'
2026-04-28 06:03:35.723 [main] DEBUG c.h.h.config.JWTAuthFilter - Filter 'JWTAuthFilter' configured for use
2026-04-28 06:03:36.035 [main] INFO  o.s.d.j.r.query.QueryEnhancerFactory - Hibernate is in classpath; If applicable, HQL parser will be used.
2026-04-28 06:03:36.793 [main] WARN  o.s.b.a.o.j.JpaBaseConfiguration$JpaWebConfiguration - spring.jpa.open-in-view is enabled by default. Therefore, database queries may be performed during view rendering. Explicitly configure spring.jpa.open-in-view to disable this warning
2026-04-28 06:03:37.139 [main] INFO  o.s.s.web.DefaultSecurityFilterChain - Will secure any request with [org.springframework.security.web.session.DisableEncodeUrlFilter@46f970b6, org.springframework.security.web.context.request.async.WebAsyncManagerIntegrationFilter@cfa5b9f, org.springframework.security.web.context.SecurityContextHolderFilter@1fab1909, org.springframework.security.web.header.HeaderWriterFilter@6dc6608c, org.springframework.web.filter.CorsFilter@1a6b2564, org.springframework.security.web.authentication.logout.LogoutFilter@1a8251ba, com.hotel.hotel_backend.config.JWTAuthFilter@74ab8610, org.springframework.security.web.savedrequest.RequestCacheAwareFilter@27523869, org.springframework.security.web.servletapi.SecurityContextHolderAwareRequestFilter@7eb3ba2, org.springframework.security.web.authentication.AnonymousAuthenticationFilter@47d6a31a, org.springframework.security.web.session.SessionManagementFilter@5575b4c2, org.springframework.security.web.access.ExceptionTranslationFilter@53534c15, org.springframework.security.web.access.intercept.AuthorizationFilter@261d8a9c]
2026-04-28 06:03:37.520 [main] INFO  o.a.coyote.http11.Http11NioProtocol - Starting ProtocolHandler ["http-nio-8081"]
2026-04-28 06:03:37.558 [main] INFO  o.s.b.w.e.tomcat.TomcatWebServer - Tomcat started on port 8081 (http) with context path ''
2026-04-28 06:03:37.564 [main] INFO  c.h.h.HotelBackendApplication - Started HotelBackendApplication in 6.668 seconds (process running for 6.99)
2026-04-28 06:03:46.156 [http-nio-8081-exec-1] INFO  o.a.c.c.C.[Tomcat].[localhost].[/] - Initializing Spring DispatcherServlet 'dispatcherServlet'
2026-04-28 06:03:46.157 [http-nio-8081-exec-1] INFO  o.s.web.servlet.DispatcherServlet - Initializing Servlet 'dispatcherServlet'
2026-04-28 06:03:46.161 [http-nio-8081-exec-1] INFO  o.s.web.servlet.DispatcherServlet - Completed initialization in 4 ms
2026-04-28 06:03:46.230 [http-nio-8081-exec-2] WARN  o.s.w.s.h.HandlerMappingIntrospector - Cache miss for REQUEST dispatch to '/api/hotels' (previous null). Performing MatchableHandlerMapping lookup. This is logged once only at WARN level, and every time at TRACE.
2026-04-28 06:03:46.277 [http-nio-8081-exec-2] INFO  c.h.h.controller.HotelController - GET /api/hotels
2026-04-28 06:03:46.349 [http-nio-8081-exec-2] INFO  c.h.h.service.HotelService - Fetched 50 hotels
2026-04-28 06:03:46.458 [http-nio-8081-exec-4] INFO  c.h.h.controller.HotelController - GET /api/hotels
2026-04-28 06:03:46.487 [http-nio-8081-exec-4] INFO  c.h.h.service.HotelService - Fetched 50 hotels
2026-04-28 06:03:59.008 [http-nio-8081-exec-3] INFO  c.h.h.controller.AuthController - POST /api/auth/login - email: aswin@gmail.com
2026-04-28 06:03:59.008 [http-nio-8081-exec-3] INFO  c.h.h.service.UserService - Login attempt for email: aswin@gmail.com
2026-04-28 06:03:59.213 [http-nio-8081-exec-3] DEBUG c.h.h.s.CustomUserDetailsService - Loading user by email: aswin@gmail.com
2026-04-28 06:03:59.594 [http-nio-8081-exec-3] INFO  c.h.h.service.UserService - User logged in successfully: aswin@gmail.com
2026-04-28 06:03:59.705 [http-nio-8081-exec-5] DEBUG c.h.h.s.CustomUserDetailsService - Loading user by email: aswin@gmail.com
2026-04-28 06:03:59.705 [http-nio-8081-exec-7] DEBUG c.h.h.s.CustomUserDetailsService - Loading user by email: aswin@gmail.com
2026-04-28 06:03:59.719 [http-nio-8081-exec-5] DEBUG c.h.h.config.JWTAuthFilter - Authenticated user: aswin@gmail.com for URI: /api/hotels
2026-04-28 06:03:59.719 [http-nio-8081-exec-7] DEBUG c.h.h.config.JWTAuthFilter - Authenticated user: aswin@gmail.com for URI: /api/hotels/locations
2026-04-28 06:03:59.723 [http-nio-8081-exec-5] INFO  c.h.h.controller.HotelController - GET /api/hotels
2026-04-28 06:03:59.736 [http-nio-8081-exec-9] DEBUG c.h.h.s.CustomUserDetailsService - Loading user by email: aswin@gmail.com
2026-04-28 06:03:59.764 [http-nio-8081-exec-9] DEBUG c.h.h.config.JWTAuthFilter - Authenticated user: aswin@gmail.com for URI: /api/hotels/locations
2026-04-28 06:03:59.786 [http-nio-8081-exec-5] INFO  c.h.h.service.HotelService - Fetched 50 hotels
2026-04-28 06:03:59.825 [http-nio-8081-exec-8] DEBUG c.h.h.s.CustomUserDetailsService - Loading user by email: aswin@gmail.com
2026-04-28 06:03:59.835 [http-nio-8081-exec-8] DEBUG c.h.h.config.JWTAuthFilter - Authenticated user: aswin@gmail.com for URI: /api/hotels
2026-04-28 06:03:59.837 [http-nio-8081-exec-8] INFO  c.h.h.controller.HotelController - GET /api/hotels
2026-04-28 06:03:59.859 [http-nio-8081-exec-8] INFO  c.h.h.service.HotelService - Fetched 50 hotels
2026-04-28 06:04:05.772 [http-nio-8081-exec-10] DEBUG c.h.h.s.CustomUserDetailsService - Loading user by email: aswin@gmail.com
2026-04-28 06:04:05.783 [http-nio-8081-exec-10] DEBUG c.h.h.config.JWTAuthFilter - Authenticated user: aswin@gmail.com for URI: /api/hotels/1
2026-04-28 06:04:05.790 [http-nio-8081-exec-10] INFO  c.h.h.controller.HotelController - GET /api/hotels/1
2026-04-28 06:04:05.839 [http-nio-8081-exec-1] DEBUG c.h.h.s.CustomUserDetailsService - Loading user by email: aswin@gmail.com
2026-04-28 06:04:05.849 [http-nio-8081-exec-1] DEBUG c.h.h.config.JWTAuthFilter - Authenticated user: aswin@gmail.com for URI: /api/hotels/1
2026-04-28 06:04:05.852 [http-nio-8081-exec-1] INFO  c.h.h.controller.HotelController - GET /api/hotels/1
2026-04-28 06:05:09.600 [http-nio-8081-exec-3] DEBUG c.h.h.s.CustomUserDetailsService - Loading user by email: aswin@gmail.com
2026-04-28 06:05:09.608 [http-nio-8081-exec-3] DEBUG c.h.h.config.JWTAuthFilter - Authenticated user: aswin@gmail.com for URI: /api/bookings/my
2026-04-28 06:05:09.675 [http-nio-8081-exec-3] INFO  c.h.h.controller.BookingController - GET /api/bookings/my - user: 5
2026-04-28 06:05:09.741 [http-nio-8081-exec-7] DEBUG c.h.h.s.CustomUserDetailsService - Loading user by email: aswin@gmail.com
2026-04-28 06:05:09.746 [http-nio-8081-exec-7] DEBUG c.h.h.config.JWTAuthFilter - Authenticated user: aswin@gmail.com for URI: /api/bookings/my
2026-04-28 06:05:09.752 [http-nio-8081-exec-7] INFO  c.h.h.controller.BookingController - GET /api/bookings/my - user: 5
2026-04-28 06:05:22.822 [http-nio-8081-exec-9] DEBUG c.h.h.s.CustomUserDetailsService - Loading user by email: aswin@gmail.com
2026-04-28 06:05:22.822 [http-nio-8081-exec-5] DEBUG c.h.h.s.CustomUserDetailsService - Loading user by email: aswin@gmail.com
2026-04-28 06:05:22.830 [http-nio-8081-exec-9] DEBUG c.h.h.config.JWTAuthFilter - Authenticated user: aswin@gmail.com for URI: /api/hotels
2026-04-28 06:05:22.830 [http-nio-8081-exec-5] DEBUG c.h.h.config.JWTAuthFilter - Authenticated user: aswin@gmail.com for URI: /api/hotels/locations
2026-04-28 06:05:22.833 [http-nio-8081-exec-9] INFO  c.h.h.controller.HotelController - GET /api/hotels
2026-04-28 06:05:22.850 [http-nio-8081-exec-8] DEBUG c.h.h.s.CustomUserDetailsService - Loading user by email: aswin@gmail.com
2026-04-28 06:05:22.865 [http-nio-8081-exec-8] DEBUG c.h.h.config.JWTAuthFilter - Authenticated user: aswin@gmail.com for URI: /api/hotels/locations
2026-04-28 06:05:22.869 [http-nio-8081-exec-9] INFO  c.h.h.service.HotelService - Fetched 50 hotels
2026-04-28 06:05:22.882 [http-nio-8081-exec-10] DEBUG c.h.h.s.CustomUserDetailsService - Loading user by email: aswin@gmail.com
2026-04-28 06:05:22.914 [http-nio-8081-exec-10] DEBUG c.h.h.config.JWTAuthFilter - Authenticated user: aswin@gmail.com for URI: /api/hotels
2026-04-28 06:05:22.919 [http-nio-8081-exec-10] INFO  c.h.h.controller.HotelController - GET /api/hotels
2026-04-28 06:05:22.944 [http-nio-8081-exec-10] INFO  c.h.h.service.HotelService - Fetched 50 hotels
2026-04-28 06:05:36.854 [http-nio-8081-exec-6] DEBUG c.h.h.s.CustomUserDetailsService - Loading user by email: aswin@gmail.com
2026-04-28 06:05:36.854 [http-nio-8081-exec-1] DEBUG c.h.h.s.CustomUserDetailsService - Loading user by email: aswin@gmail.com
2026-04-28 06:05:36.867 [http-nio-8081-exec-1] DEBUG c.h.h.config.JWTAuthFilter - Authenticated user: aswin@gmail.com for URI: /api/hotels
2026-04-28 06:05:36.867 [http-nio-8081-exec-6] DEBUG c.h.h.config.JWTAuthFilter - Authenticated user: aswin@gmail.com for URI: /api/hotels/locations
2026-04-28 06:05:36.876 [http-nio-8081-exec-1] INFO  c.h.h.controller.HotelController - GET /api/hotels
2026-04-28 06:05:36.891 [http-nio-8081-exec-2] DEBUG c.h.h.s.CustomUserDetailsService - Loading user by email: aswin@gmail.com
2026-04-28 06:05:36.906 [http-nio-8081-exec-1] INFO  c.h.h.service.HotelService - Fetched 50 hotels
2026-04-28 06:05:36.917 [http-nio-8081-exec-2] DEBUG c.h.h.config.JWTAuthFilter - Authenticated user: aswin@gmail.com for URI: /api/hotels/locations
2026-04-28 06:05:36.917 [http-nio-8081-exec-4] DEBUG c.h.h.s.CustomUserDetailsService - Loading user by email: aswin@gmail.com
2026-04-28 06:05:36.930 [http-nio-8081-exec-4] DEBUG c.h.h.config.JWTAuthFilter - Authenticated user: aswin@gmail.com for URI: /api/hotels
2026-04-28 06:05:36.932 [http-nio-8081-exec-4] INFO  c.h.h.controller.HotelController - GET /api/hotels
2026-04-28 06:05:36.946 [http-nio-8081-exec-4] INFO  c.h.h.service.HotelService - Fetched 50 hotels
2026-04-28 06:05:51.479 [SpringApplicationShutdownHook] INFO  o.s.o.j.LocalContainerEntityManagerFactoryBean - Closing JPA EntityManagerFactory for persistence unit 'default'
2026-04-28 06:05:51.482 [SpringApplicationShutdownHook] INFO  com.zaxxer.hikari.HikariDataSource - HikariPool-1 - Shutdown initiated...
2026-04-28 06:05:51.492 [SpringApplicationShutdownHook] INFO  com.zaxxer.hikari.HikariDataSource - HikariPool-1 - Shutdown completed.
2026-04-28 11:23:52.738 [background-preinit] INFO  o.h.validator.internal.util.Version - HV000001: Hibernate Validator 8.0.1.Final
2026-04-28 11:23:52.778 [main] INFO  c.h.h.HotelBackendApplication - Starting HotelBackendApplication using Java 21.0.10 with PID 21992 (D:\Hackathon\HotelBooking\hotel-backend\target\classes started by girid in D:\Hackathon\HotelBooking\hotel-backend)
2026-04-28 11:23:52.779 [main] DEBUG c.h.h.HotelBackendApplication - Running with Spring Boot v3.2.0, Spring v6.1.1
2026-04-28 11:23:52.779 [main] INFO  c.h.h.HotelBackendApplication - No active profile set, falling back to 1 default profile: "default"
2026-04-28 11:23:53.412 [main] INFO  o.s.d.r.c.RepositoryConfigurationDelegate - Bootstrapping Spring Data JPA repositories in DEFAULT mode.
2026-04-28 11:23:53.470 [main] INFO  o.s.d.r.c.RepositoryConfigurationDelegate - Finished Spring Data repository scanning in 52 ms. Found 5 JPA repository interfaces.
2026-04-28 11:23:54.088 [main] INFO  o.s.b.w.e.tomcat.TomcatWebServer - Tomcat initialized with port 8081 (http)
2026-04-28 11:23:54.098 [main] INFO  o.a.coyote.http11.Http11NioProtocol - Initializing ProtocolHandler ["http-nio-8081"]
2026-04-28 11:23:54.102 [main] INFO  o.a.catalina.core.StandardService - Starting service [Tomcat]
2026-04-28 11:23:54.102 [main] INFO  o.a.catalina.core.StandardEngine - Starting Servlet engine: [Apache Tomcat/10.1.16]
2026-04-28 11:23:54.169 [main] INFO  o.a.c.c.C.[Tomcat].[localhost].[/] - Initializing Spring embedded WebApplicationContext
2026-04-28 11:23:54.172 [main] INFO  o.s.b.w.s.c.ServletWebServerApplicationContext - Root WebApplicationContext: initialization completed in 1349 ms
2026-04-28 11:23:54.333 [main] INFO  o.h.jpa.internal.util.LogHelper - HHH000204: Processing PersistenceUnitInfo [name: default]
2026-04-28 11:23:54.419 [main] INFO  org.hibernate.Version - HHH000412: Hibernate ORM core version 6.3.1.Final
2026-04-28 11:23:54.466 [main] INFO  o.h.c.i.RegionFactoryInitiator - HHH000026: Second-level cache disabled
2026-04-28 11:23:54.688 [main] INFO  o.s.o.j.p.SpringPersistenceUnitInfo - No LoadTimeWeaver setup: ignoring JPA class transformer
2026-04-28 11:23:54.713 [main] INFO  com.zaxxer.hikari.HikariDataSource - HikariPool-1 - Starting...
2026-04-28 11:23:54.858 [main] INFO  com.zaxxer.hikari.pool.HikariPool - HikariPool-1 - Added connection com.mysql.cj.jdbc.ConnectionImpl@67d5ac2f
2026-04-28 11:23:54.860 [main] INFO  com.zaxxer.hikari.HikariDataSource - HikariPool-1 - Start completed.
2026-04-28 11:23:54.910 [main] WARN  org.hibernate.orm.deprecation - HHH90000025: MySQLDialect does not need to be specified explicitly using 'hibernate.dialect' (remove the property setting and it will be selected by default)
2026-04-28 11:23:55.705 [main] INFO  o.h.e.t.j.p.i.JtaPlatformInitiator - HHH000489: No JTA platform available (set 'hibernate.transaction.jta.platform' to enable JTA platform integration)
2026-04-28 11:23:55.783 [main] INFO  o.s.o.j.LocalContainerEntityManagerFactoryBean - Initialized JPA EntityManagerFactory for persistence unit 'default'
2026-04-28 11:23:56.063 [main] DEBUG c.h.h.config.JWTAuthFilter - Filter 'JWTAuthFilter' configured for use
2026-04-28 11:23:56.269 [main] INFO  o.s.d.j.r.query.QueryEnhancerFactory - Hibernate is in classpath; If applicable, HQL parser will be used.
2026-04-28 11:23:56.777 [main] WARN  o.s.b.a.o.j.JpaBaseConfiguration$JpaWebConfiguration - spring.jpa.open-in-view is enabled by default. Therefore, database queries may be performed during view rendering. Explicitly configure spring.jpa.open-in-view to disable this warning
2026-04-28 11:23:57.046 [main] INFO  o.s.s.web.DefaultSecurityFilterChain - Will secure any request with [org.springframework.security.web.session.DisableEncodeUrlFilter@2fce55d6, org.springframework.security.web.context.request.async.WebAsyncManagerIntegrationFilter@46f970b6, org.springframework.security.web.context.SecurityContextHolderFilter@472cf6af, org.springframework.security.web.header.HeaderWriterFilter@308034aa, org.springframework.web.filter.CorsFilter@cfa5b9f, org.springframework.security.web.authentication.logout.LogoutFilter@1c07b091, com.hotel.hotel_backend.config.JWTAuthFilter@231c521e, org.springframework.security.web.savedrequest.RequestCacheAwareFilter@67807d9a, org.springframework.security.web.servletapi.SecurityContextHolderAwareRequestFilter@27523869, org.springframework.security.web.authentication.AnonymousAuthenticationFilter@1a6b2564, org.springframework.security.web.session.SessionManagementFilter@1b5860fb, org.springframework.security.web.access.ExceptionTranslationFilter@31b273b2, org.springframework.security.web.access.intercept.AuthorizationFilter@36d5677]
2026-04-28 11:23:57.293 [main] INFO  o.a.coyote.http11.Http11NioProtocol - Starting ProtocolHandler ["http-nio-8081"]
2026-04-28 11:23:57.315 [main] INFO  o.s.b.w.e.tomcat.TomcatWebServer - Tomcat started on port 8081 (http) with context path ''
2026-04-28 11:23:57.320 [main] INFO  c.h.h.HotelBackendApplication - Started HotelBackendApplication in 5.025 seconds (process running for 5.348)
2026-04-28 11:24:04.049 [http-nio-8081-exec-1] INFO  o.a.c.c.C.[Tomcat].[localhost].[/] - Initializing Spring DispatcherServlet 'dispatcherServlet'
2026-04-28 11:24:04.049 [http-nio-8081-exec-1] INFO  o.s.web.servlet.DispatcherServlet - Initializing Servlet 'dispatcherServlet'
2026-04-28 11:24:04.052 [http-nio-8081-exec-1] INFO  o.s.web.servlet.DispatcherServlet - Completed initialization in 3 ms
2026-04-28 11:24:04.277 [http-nio-8081-exec-4] DEBUG c.h.h.s.CustomUserDetailsService - Loading user by email: aswin@gmail.com
2026-04-28 11:24:04.277 [http-nio-8081-exec-6] DEBUG c.h.h.s.CustomUserDetailsService - Loading user by email: aswin@gmail.com
2026-04-28 11:24:04.288 [http-nio-8081-exec-6] DEBUG c.h.h.config.JWTAuthFilter - Authenticated user: aswin@gmail.com for URI: /api/hotels/locations
2026-04-28 11:24:04.288 [http-nio-8081-exec-4] DEBUG c.h.h.config.JWTAuthFilter - Authenticated user: aswin@gmail.com for URI: /api/hotels
2026-04-28 11:24:04.292 [http-nio-8081-exec-6] WARN  o.s.w.s.h.HandlerMappingIntrospector - Cache miss for REQUEST dispatch to '/api/hotels/locations' (previous null). Performing MatchableHandlerMapping lookup. This is logged once only at WARN level, and every time at TRACE.
2026-04-28 11:24:04.335 [http-nio-8081-exec-4] INFO  c.h.h.controller.HotelController - GET /api/hotels
2026-04-28 11:24:04.392 [http-nio-8081-exec-4] INFO  c.h.h.service.HotelService - Fetched 50 hotels
2026-04-28 11:24:04.432 [http-nio-8081-exec-7] DEBUG c.h.h.s.CustomUserDetailsService - Loading user by email: aswin@gmail.com
2026-04-28 11:24:04.438 [http-nio-8081-exec-7] DEBUG c.h.h.config.JWTAuthFilter - Authenticated user: aswin@gmail.com for URI: /api/hotels/locations
2026-04-28 11:24:04.447 [http-nio-8081-exec-8] DEBUG c.h.h.s.CustomUserDetailsService - Loading user by email: aswin@gmail.com
2026-04-28 11:24:04.455 [http-nio-8081-exec-8] DEBUG c.h.h.config.JWTAuthFilter - Authenticated user: aswin@gmail.com for URI: /api/hotels
2026-04-28 11:24:04.458 [http-nio-8081-exec-8] INFO  c.h.h.controller.HotelController - GET /api/hotels
2026-04-28 11:24:04.492 [http-nio-8081-exec-8] INFO  c.h.h.service.HotelService - Fetched 50 hotels
2026-04-28 11:24:23.710 [http-nio-8081-exec-10] DEBUG c.h.h.s.CustomUserDetailsService - Loading user by email: aswin@gmail.com
2026-04-28 11:24:23.717 [http-nio-8081-exec-10] DEBUG c.h.h.config.JWTAuthFilter - Authenticated user: aswin@gmail.com for URI: /api/rooms/search
2026-04-28 11:24:23.746 [http-nio-8081-exec-10] INFO  c.h.h.controller.HotelController - GET /api/rooms/search?location=Kodaikanal&checkIn=2026-04-28&checkOut=2026-04-29
2026-04-28 11:24:23.810 [http-nio-8081-exec-10] INFO  c.h.h.service.HotelService - Found 16 available rooms in Kodaikanal from 2026-04-28 to 2026-04-29
2026-04-28 11:24:32.796 [http-nio-8081-exec-1] DEBUG c.h.h.s.CustomUserDetailsService - Loading user by email: aswin@gmail.com
2026-04-28 11:24:32.803 [http-nio-8081-exec-1] DEBUG c.h.h.config.JWTAuthFilter - Authenticated user: aswin@gmail.com for URI: /api/hotels/11
2026-04-28 11:24:32.810 [http-nio-8081-exec-1] INFO  c.h.h.controller.HotelController - GET /api/hotels/11
2026-04-28 11:24:32.847 [http-nio-8081-exec-3] DEBUG c.h.h.s.CustomUserDetailsService - Loading user by email: aswin@gmail.com
2026-04-28 11:24:32.855 [http-nio-8081-exec-3] DEBUG c.h.h.config.JWTAuthFilter - Authenticated user: aswin@gmail.com for URI: /api/hotels/11
2026-04-28 11:24:32.859 [http-nio-8081-exec-3] INFO  c.h.h.controller.HotelController - GET /api/hotels/11
2026-04-28 11:25:54.602 [http-nio-8081-exec-10] DEBUG c.h.h.s.CustomUserDetailsService - Loading user by email: aswin@gmail.com
2026-04-28 11:25:54.619 [http-nio-8081-exec-10] DEBUG c.h.h.config.JWTAuthFilter - Authenticated user: aswin@gmail.com for URI: /api/bookings
2026-04-28 11:25:54.751 [http-nio-8081-exec-10] INFO  c.h.h.controller.BookingController - POST /api/bookings - user: 5
2026-04-28 11:25:54.752 [http-nio-8081-exec-10] INFO  c.h.h.service.BookingService - Creating booking for user 5 room 23
2026-04-28 11:25:54.823 [http-nio-8081-exec-10] INFO  c.h.h.service.BookingService - Booking created in PENDING_PAYMENT: 17 for user: 5
2026-04-28 11:25:54.844 [http-nio-8081-exec-2] DEBUG c.h.h.s.CustomUserDetailsService - Loading user by email: aswin@gmail.com
2026-04-28 11:25:54.852 [http-nio-8081-exec-2] DEBUG c.h.h.config.JWTAuthFilter - Authenticated user: aswin@gmail.com for URI: /api/payments/checkout/17
2026-04-28 11:25:54.860 [http-nio-8081-exec-2] INFO  c.h.h.controller.PaymentController - POST /api/payments/checkout/17
2026-04-28 11:25:56.689 [http-nio-8081-exec-2] INFO  c.h.h.service.PaymentService - Stripe Session created: cs_test_a1MqLMcaOODFMSZkxBtyYx1P3p3YMhxhegk833OLV0G7hG7TeusGUuioKp for booking ID: 17
2026-04-28 11:25:59.843 [task-1] INFO  c.h.h.service.EmailService - Booking confirmation email sent to: aswin@gmail.com for booking: 17
2026-04-28 11:26:13.243 [http-nio-8081-exec-6] DEBUG c.h.h.s.CustomUserDetailsService - Loading user by email: aswin@gmail.com
2026-04-28 11:26:13.243 [http-nio-8081-exec-4] DEBUG c.h.h.s.CustomUserDetailsService - Loading user by email: aswin@gmail.com
2026-04-28 11:26:13.251 [http-nio-8081-exec-6] DEBUG c.h.h.config.JWTAuthFilter - Authenticated user: aswin@gmail.com for URI: /api/payments/verify
2026-04-28 11:26:13.251 [http-nio-8081-exec-4] DEBUG c.h.h.config.JWTAuthFilter - Authenticated user: aswin@gmail.com for URI: /api/payments/verify
2026-04-28 11:26:13.256 [http-nio-8081-exec-6] INFO  c.h.h.controller.PaymentController - POST /api/payments/verify/cs_test_a1MqLMcaOODFMSZkxBtyYx1P3p3YMhxhegk833OLV0G7hG7TeusGUuioKp
2026-04-28 11:26:13.256 [http-nio-8081-exec-4] INFO  c.h.h.controller.PaymentController - POST /api/payments/verify/cs_test_a1MqLMcaOODFMSZkxBtyYx1P3p3YMhxhegk833OLV0G7hG7TeusGUuioKp
2026-04-28 11:26:13.703 [http-nio-8081-exec-6] INFO  c.h.h.service.PaymentService - Booking 17 marked as CONFIRMED after payment. Sending email...
2026-04-28 11:26:13.703 [http-nio-8081-exec-4] INFO  c.h.h.service.PaymentService - Booking 17 marked as CONFIRMED after payment. Sending email...
2026-04-28 11:26:13.718 [http-nio-8081-exec-8] DEBUG c.h.h.s.CustomUserDetailsService - Loading user by email: aswin@gmail.com
2026-04-28 11:26:13.715 [task-2] ERROR o.s.a.i.SimpleAsyncUncaughtExceptionHandler - Unexpected exception occurred invoking async method: public void com.hotel.hotel_backend.service.EmailService.sendBookingConfirmation(java.lang.String,java.lang.String,com.hotel.hotel_backend.entity.Booking)
org.hibernate.LazyInitializationException: could not initialize proxy [com.hotel.hotel_backend.entity.Hotel#11] - no Session
	at org.hibernate.proxy.AbstractLazyInitializer.initialize(AbstractLazyInitializer.java:164)
	at org.hibernate.proxy.AbstractLazyInitializer.getImplementation(AbstractLazyInitializer.java:310)
	at org.hibernate.proxy.pojo.bytebuddy.ByteBuddyInterceptor.intercept(ByteBuddyInterceptor.java:44)
	at org.hibernate.proxy.ProxyConfiguration$InterceptorDispatcher.intercept(ProxyConfiguration.java:102)
	at com.hotel.hotel_backend.entity.Hotel$HibernateProxy$MKk334nD.getName(Unknown Source)
	at com.hotel.hotel_backend.service.EmailService.buildBookingConfirmationHtml(EmailService.java:141)
	at com.hotel.hotel_backend.service.EmailService.sendBookingConfirmation(EmailService.java:51)
	at java.base/jdk.internal.reflect.DirectMethodHandleAccessor.invoke(DirectMethodHandleAccessor.java:103)
	at java.base/java.lang.reflect.Method.invoke(Method.java:580)
	at org.springframework.aop.support.AopUtils.invokeJoinpointUsingReflection(AopUtils.java:352)
	at org.springframework.aop.framework.ReflectiveMethodInvocation.invokeJoinpoint(ReflectiveMethodInvocation.java:196)
	at org.springframework.aop.framework.ReflectiveMethodInvocation.proceed(ReflectiveMethodInvocation.java:163)
	at org.springframework.aop.framework.CglibAopProxy$CglibMethodInvocation.proceed(CglibAopProxy.java:765)
	at org.springframework.aop.interceptor.AsyncExecutionInterceptor.lambda$invoke$0(AsyncExecutionInterceptor.java:115)
	at java.base/java.util.concurrent.FutureTask.run(FutureTask.java:317)
	at java.base/java.util.concurrent.ThreadPoolExecutor.runWorker(ThreadPoolExecutor.java:1144)
	at java.base/java.util.concurrent.ThreadPoolExecutor$Worker.run(ThreadPoolExecutor.java:642)
	at java.base/java.lang.Thread.run(Thread.java:1583)
2026-04-28 11:26:13.715 [task-3] ERROR o.s.a.i.SimpleAsyncUncaughtExceptionHandler - Unexpected exception occurred invoking async method: public void com.hotel.hotel_backend.service.EmailService.sendBookingConfirmation(java.lang.String,java.lang.String,com.hotel.hotel_backend.entity.Booking)
org.hibernate.LazyInitializationException: could not initialize proxy [com.hotel.hotel_backend.entity.Hotel#11] - no Session
	at org.hibernate.proxy.AbstractLazyInitializer.initialize(AbstractLazyInitializer.java:164)
	at org.hibernate.proxy.AbstractLazyInitializer.getImplementation(AbstractLazyInitializer.java:310)
	at org.hibernate.proxy.pojo.bytebuddy.ByteBuddyInterceptor.intercept(ByteBuddyInterceptor.java:44)
	at org.hibernate.proxy.ProxyConfiguration$InterceptorDispatcher.intercept(ProxyConfiguration.java:102)
	at com.hotel.hotel_backend.entity.Hotel$HibernateProxy$MKk334nD.getName(Unknown Source)
	at com.hotel.hotel_backend.service.EmailService.buildBookingConfirmationHtml(EmailService.java:141)
	at com.hotel.hotel_backend.service.EmailService.sendBookingConfirmation(EmailService.java:51)
	at java.base/jdk.internal.reflect.DirectMethodHandleAccessor.invoke(DirectMethodHandleAccessor.java:103)
	at java.base/java.lang.reflect.Method.invoke(Method.java:580)
	at org.springframework.aop.support.AopUtils.invokeJoinpointUsingReflection(AopUtils.java:352)
	at org.springframework.aop.framework.ReflectiveMethodInvocation.invokeJoinpoint(ReflectiveMethodInvocation.java:196)
	at org.springframework.aop.framework.ReflectiveMethodInvocation.proceed(ReflectiveMethodInvocation.java:163)
	at org.springframework.aop.framework.CglibAopProxy$CglibMethodInvocation.proceed(CglibAopProxy.java:765)
	at org.springframework.aop.interceptor.AsyncExecutionInterceptor.lambda$invoke$0(AsyncExecutionInterceptor.java:115)
	at java.base/java.util.concurrent.FutureTask.run(FutureTask.java:317)
	at java.base/java.util.concurrent.ThreadPoolExecutor.runWorker(ThreadPoolExecutor.java:1144)
	at java.base/java.util.concurrent.ThreadPoolExecutor$Worker.run(ThreadPoolExecutor.java:642)
	at java.base/java.lang.Thread.run(Thread.java:1583)
2026-04-28 11:26:13.724 [http-nio-8081-exec-8] DEBUG c.h.h.config.JWTAuthFilter - Authenticated user: aswin@gmail.com for URI: /api/bookings/my
2026-04-28 11:26:13.727 [http-nio-8081-exec-8] INFO  c.h.h.controller.BookingController - GET /api/bookings/my - user: 5
2026-04-28 11:26:13.760 [http-nio-8081-exec-9] DEBUG c.h.h.s.CustomUserDetailsService - Loading user by email: aswin@gmail.com
2026-04-28 11:26:13.766 [http-nio-8081-exec-9] DEBUG c.h.h.config.JWTAuthFilter - Authenticated user: aswin@gmail.com for URI: /api/bookings/my
2026-04-28 11:26:13.769 [http-nio-8081-exec-9] INFO  c.h.h.controller.BookingController - GET /api/bookings/my - user: 5
2026-04-28 11:28:33.567 [SpringApplicationShutdownHook] INFO  o.s.o.j.LocalContainerEntityManagerFactoryBean - Closing JPA EntityManagerFactory for persistence unit 'default'
2026-04-28 11:28:33.567 [SpringApplicationShutdownHook] INFO  com.zaxxer.hikari.HikariDataSource - HikariPool-1 - Shutdown initiated...
2026-04-28 11:28:33.575 [SpringApplicationShutdownHook] INFO  com.zaxxer.hikari.HikariDataSource - HikariPool-1 - Shutdown completed.
2026-04-28 11:28:39.689 [background-preinit] INFO  o.h.validator.internal.util.Version - HV000001: Hibernate Validator 8.0.1.Final
2026-04-28 11:28:39.728 [main] INFO  c.h.h.HotelBackendApplication - Starting HotelBackendApplication using Java 21.0.10 with PID 6136 (D:\Hackathon\HotelBooking\hotel-backend\target\classes started by girid in D:\Hackathon\HotelBooking\hotel-backend)
2026-04-28 11:28:39.728 [main] DEBUG c.h.h.HotelBackendApplication - Running with Spring Boot v3.2.0, Spring v6.1.1
2026-04-28 11:28:39.729 [main] INFO  c.h.h.HotelBackendApplication - No active profile set, falling back to 1 default profile: "default"
2026-04-28 11:28:40.223 [main] INFO  o.s.d.r.c.RepositoryConfigurationDelegate - Bootstrapping Spring Data JPA repositories in DEFAULT mode.
2026-04-28 11:28:40.270 [main] INFO  o.s.d.r.c.RepositoryConfigurationDelegate - Finished Spring Data repository scanning in 43 ms. Found 5 JPA repository interfaces.
2026-04-28 11:28:40.764 [main] INFO  o.s.b.w.e.tomcat.TomcatWebServer - Tomcat initialized with port 8081 (http)
2026-04-28 11:28:40.772 [main] INFO  o.a.coyote.http11.Http11NioProtocol - Initializing ProtocolHandler ["http-nio-8081"]
2026-04-28 11:28:40.774 [main] INFO  o.a.catalina.core.StandardService - Starting service [Tomcat]
2026-04-28 11:28:40.774 [main] INFO  o.a.catalina.core.StandardEngine - Starting Servlet engine: [Apache Tomcat/10.1.16]
2026-04-28 11:28:40.817 [main] INFO  o.a.c.c.C.[Tomcat].[localhost].[/] - Initializing Spring embedded WebApplicationContext
2026-04-28 11:28:40.817 [main] INFO  o.s.b.w.s.c.ServletWebServerApplicationContext - Root WebApplicationContext: initialization completed in 1053 ms
2026-04-28 11:28:40.918 [main] INFO  o.h.jpa.internal.util.LogHelper - HHH000204: Processing PersistenceUnitInfo [name: default]
2026-04-28 11:28:40.954 [main] INFO  org.hibernate.Version - HHH000412: Hibernate ORM core version 6.3.1.Final
2026-04-28 11:28:41.003 [main] INFO  o.h.c.i.RegionFactoryInitiator - HHH000026: Second-level cache disabled
2026-04-28 11:28:41.188 [main] INFO  o.s.o.j.p.SpringPersistenceUnitInfo - No LoadTimeWeaver setup: ignoring JPA class transformer
2026-04-28 11:28:41.207 [main] INFO  com.zaxxer.hikari.HikariDataSource - HikariPool-1 - Starting...
2026-04-28 11:28:41.308 [main] INFO  com.zaxxer.hikari.pool.HikariPool - HikariPool-1 - Added connection com.mysql.cj.jdbc.ConnectionImpl@1d7c9811
2026-04-28 11:28:41.310 [main] INFO  com.zaxxer.hikari.HikariDataSource - HikariPool-1 - Start completed.
2026-04-28 11:28:41.345 [main] WARN  org.hibernate.orm.deprecation - HHH90000025: MySQLDialect does not need to be specified explicitly using 'hibernate.dialect' (remove the property setting and it will be selected by default)
2026-04-28 11:28:42.009 [main] INFO  o.h.e.t.j.p.i.JtaPlatformInitiator - HHH000489: No JTA platform available (set 'hibernate.transaction.jta.platform' to enable JTA platform integration)
2026-04-28 11:28:42.098 [main] INFO  o.s.o.j.LocalContainerEntityManagerFactoryBean - Initialized JPA EntityManagerFactory for persistence unit 'default'
2026-04-28 11:28:42.790 [main] DEBUG c.h.h.config.JWTAuthFilter - Filter 'JWTAuthFilter' configured for use
2026-04-28 11:28:43.223 [main] INFO  o.s.d.j.r.query.QueryEnhancerFactory - Hibernate is in classpath; If applicable, HQL parser will be used.
2026-04-28 11:28:44.320 [main] WARN  o.s.b.a.o.j.JpaBaseConfiguration$JpaWebConfiguration - spring.jpa.open-in-view is enabled by default. Therefore, database queries may be performed during view rendering. Explicitly configure spring.jpa.open-in-view to disable this warning
2026-04-28 11:28:44.821 [main] INFO  o.s.s.web.DefaultSecurityFilterChain - Will secure any request with [org.springframework.security.web.session.DisableEncodeUrlFilter@36d5677, org.springframework.security.web.context.request.async.WebAsyncManagerIntegrationFilter@261d8a9c, org.springframework.security.web.context.SecurityContextHolderFilter@1b5860fb, org.springframework.security.web.header.HeaderWriterFilter@5c10216f, org.springframework.web.filter.CorsFilter@e43189c, org.springframework.security.web.authentication.logout.LogoutFilter@4b89b14a, com.hotel.hotel_backend.config.JWTAuthFilter@690e7b89, org.springframework.security.web.savedrequest.RequestCacheAwareFilter@4c89b58, org.springframework.security.web.servletapi.SecurityContextHolderAwareRequestFilter@472cf6af, org.springframework.security.web.authentication.AnonymousAuthenticationFilter@2fce55d6, org.springframework.security.web.session.SessionManagementFilter@6a4484e6, org.springframework.security.web.access.ExceptionTranslationFilter@5596f2bb, org.springframework.security.web.access.intercept.AuthorizationFilter@4e5d611f]
2026-04-28 11:28:45.331 [main] INFO  o.a.coyote.http11.Http11NioProtocol - Starting ProtocolHandler ["http-nio-8081"]
2026-04-28 11:28:45.362 [main] INFO  o.s.b.w.e.tomcat.TomcatWebServer - Tomcat started on port 8081 (http) with context path ''
2026-04-28 11:28:45.373 [main] INFO  c.h.h.HotelBackendApplication - Started HotelBackendApplication in 6.042 seconds (process running for 6.319)
2026-04-28 11:32:21.360 [http-nio-8081-exec-4] INFO  o.a.c.c.C.[Tomcat].[localhost].[/] - Initializing Spring DispatcherServlet 'dispatcherServlet'
2026-04-28 11:32:21.360 [http-nio-8081-exec-4] INFO  o.s.web.servlet.DispatcherServlet - Initializing Servlet 'dispatcherServlet'
2026-04-28 11:32:21.363 [http-nio-8081-exec-4] INFO  o.s.web.servlet.DispatcherServlet - Completed initialization in 0 ms
2026-04-28 11:32:21.616 [http-nio-8081-exec-1] DEBUG c.h.h.s.CustomUserDetailsService - Loading user by email: aswin@gmail.com
2026-04-28 11:32:21.616 [http-nio-8081-exec-4] DEBUG c.h.h.s.CustomUserDetailsService - Loading user by email: aswin@gmail.com
2026-04-28 11:32:21.625 [http-nio-8081-exec-4] DEBUG c.h.h.config.JWTAuthFilter - Authenticated user: aswin@gmail.com for URI: /api/hotels/locations
2026-04-28 11:32:21.625 [http-nio-8081-exec-1] DEBUG c.h.h.config.JWTAuthFilter - Authenticated user: aswin@gmail.com for URI: /api/hotels
2026-04-28 11:32:21.633 [http-nio-8081-exec-1] WARN  o.s.w.s.h.HandlerMappingIntrospector - Cache miss for REQUEST dispatch to '/api/hotels' (previous null). Performing MatchableHandlerMapping lookup. This is logged once only at WARN level, and every time at TRACE.
2026-04-28 11:32:21.674 [http-nio-8081-exec-1] INFO  c.h.h.controller.HotelController - GET /api/hotels
2026-04-28 11:32:21.723 [http-nio-8081-exec-1] INFO  c.h.h.service.HotelService - Fetched 50 hotels
2026-04-28 11:32:21.776 [http-nio-8081-exec-7] DEBUG c.h.h.s.CustomUserDetailsService - Loading user by email: aswin@gmail.com
2026-04-28 11:32:21.784 [http-nio-8081-exec-7] DEBUG c.h.h.config.JWTAuthFilter - Authenticated user: aswin@gmail.com for URI: /api/hotels/locations
2026-04-28 11:32:21.795 [http-nio-8081-exec-10] DEBUG c.h.h.s.CustomUserDetailsService - Loading user by email: aswin@gmail.com
2026-04-28 11:32:21.806 [http-nio-8081-exec-10] DEBUG c.h.h.config.JWTAuthFilter - Authenticated user: aswin@gmail.com for URI: /api/hotels
2026-04-28 11:32:21.808 [http-nio-8081-exec-10] INFO  c.h.h.controller.HotelController - GET /api/hotels
2026-04-28 11:32:21.841 [http-nio-8081-exec-10] INFO  c.h.h.service.HotelService - Fetched 50 hotels
2026-04-28 11:32:24.972 [http-nio-8081-exec-3] DEBUG c.h.h.s.CustomUserDetailsService - Loading user by email: aswin@gmail.com
2026-04-28 11:32:24.978 [http-nio-8081-exec-3] DEBUG c.h.h.config.JWTAuthFilter - Authenticated user: aswin@gmail.com for URI: /api/hotels/1
2026-04-28 11:32:24.992 [http-nio-8081-exec-3] INFO  c.h.h.controller.HotelController - GET /api/hotels/1
2026-04-28 11:32:25.042 [http-nio-8081-exec-9] DEBUG c.h.h.s.CustomUserDetailsService - Loading user by email: aswin@gmail.com
2026-04-28 11:32:25.050 [http-nio-8081-exec-9] DEBUG c.h.h.config.JWTAuthFilter - Authenticated user: aswin@gmail.com for URI: /api/hotels/1
2026-04-28 11:32:25.052 [http-nio-8081-exec-9] INFO  c.h.h.controller.HotelController - GET /api/hotels/1
2026-04-28 11:32:43.210 [http-nio-8081-exec-8] DEBUG c.h.h.s.CustomUserDetailsService - Loading user by email: aswin@gmail.com
2026-04-28 11:32:43.225 [http-nio-8081-exec-8] DEBUG c.h.h.config.JWTAuthFilter - Authenticated user: aswin@gmail.com for URI: /api/bookings
2026-04-28 11:32:43.371 [http-nio-8081-exec-8] INFO  c.h.h.controller.BookingController - POST /api/bookings - user: 5
2026-04-28 11:32:43.373 [http-nio-8081-exec-8] INFO  c.h.h.service.BookingService - Creating booking for user 5 room 1
2026-04-28 11:32:43.467 [http-nio-8081-exec-8] INFO  c.h.h.service.BookingService - Booking created in PENDING_PAYMENT: 18 for user: 5
2026-04-28 11:32:43.488 [http-nio-8081-exec-4] DEBUG c.h.h.s.CustomUserDetailsService - Loading user by email: aswin@gmail.com
2026-04-28 11:32:43.496 [http-nio-8081-exec-4] DEBUG c.h.h.config.JWTAuthFilter - Authenticated user: aswin@gmail.com for URI: /api/payments/checkout/18
2026-04-28 11:32:43.500 [http-nio-8081-exec-4] INFO  c.h.h.controller.PaymentController - POST /api/payments/checkout/18
2026-04-28 11:32:45.573 [http-nio-8081-exec-4] INFO  c.h.h.service.PaymentService - Stripe Session created: cs_test_a1eIJwgGhh4i464b0cHCqC8Pg3xJts9qmHcl6Hqkwc1NP9HkttoEkVDLJj for booking ID: 18
2026-04-28 11:32:49.710 [task-1] INFO  c.h.h.service.EmailService - Booking confirmation email sent to: aswin@gmail.com for booking: 18
2026-04-28 11:32:58.314 [http-nio-8081-exec-1] DEBUG c.h.h.s.CustomUserDetailsService - Loading user by email: aswin@gmail.com
2026-04-28 11:32:58.315 [http-nio-8081-exec-7] DEBUG c.h.h.s.CustomUserDetailsService - Loading user by email: aswin@gmail.com
2026-04-28 11:32:58.326 [http-nio-8081-exec-1] DEBUG c.h.h.config.JWTAuthFilter - Authenticated user: aswin@gmail.com for URI: /api/payments/verify
2026-04-28 11:32:58.326 [http-nio-8081-exec-7] DEBUG c.h.h.config.JWTAuthFilter - Authenticated user: aswin@gmail.com for URI: /api/payments/verify
2026-04-28 11:32:58.336 [http-nio-8081-exec-7] INFO  c.h.h.controller.PaymentController - POST /api/payments/verify/cs_test_a1eIJwgGhh4i464b0cHCqC8Pg3xJts9qmHcl6Hqkwc1NP9HkttoEkVDLJj
2026-04-28 11:32:58.336 [http-nio-8081-exec-1] INFO  c.h.h.controller.PaymentController - POST /api/payments/verify/cs_test_a1eIJwgGhh4i464b0cHCqC8Pg3xJts9qmHcl6Hqkwc1NP9HkttoEkVDLJj
2026-04-28 11:32:58.915 [http-nio-8081-exec-7] INFO  c.h.h.service.PaymentService - Booking 18 marked as CONFIRMED after payment. Sending email...
2026-04-28 11:32:58.916 [http-nio-8081-exec-1] INFO  c.h.h.service.PaymentService - Booking 18 marked as CONFIRMED after payment. Sending email...
2026-04-28 11:32:58.936 [http-nio-8081-exec-10] DEBUG c.h.h.s.CustomUserDetailsService - Loading user by email: aswin@gmail.com
2026-04-28 11:32:58.934 [task-3] ERROR o.s.a.i.SimpleAsyncUncaughtExceptionHandler - Unexpected exception occurred invoking async method: public void com.hotel.hotel_backend.service.EmailService.sendBookingConfirmation(java.lang.String,java.lang.String,com.hotel.hotel_backend.entity.Booking)
org.hibernate.LazyInitializationException: could not initialize proxy [com.hotel.hotel_backend.entity.Hotel#1] - no Session
	at org.hibernate.proxy.AbstractLazyInitializer.initialize(AbstractLazyInitializer.java:164)
	at org.hibernate.proxy.AbstractLazyInitializer.getImplementation(AbstractLazyInitializer.java:310)
	at org.hibernate.proxy.pojo.bytebuddy.ByteBuddyInterceptor.intercept(ByteBuddyInterceptor.java:44)
	at org.hibernate.proxy.ProxyConfiguration$InterceptorDispatcher.intercept(ProxyConfiguration.java:102)
	at com.hotel.hotel_backend.entity.Hotel$HibernateProxy$sQ9HGW0O.getName(Unknown Source)
	at com.hotel.hotel_backend.service.EmailService.buildBookingConfirmationHtml(EmailService.java:141)
	at com.hotel.hotel_backend.service.EmailService.sendBookingConfirmation(EmailService.java:51)
	at java.base/jdk.internal.reflect.DirectMethodHandleAccessor.invoke(DirectMethodHandleAccessor.java:103)
	at java.base/java.lang.reflect.Method.invoke(Method.java:580)
	at org.springframework.aop.support.AopUtils.invokeJoinpointUsingReflection(AopUtils.java:352)
	at org.springframework.aop.framework.ReflectiveMethodInvocation.invokeJoinpoint(ReflectiveMethodInvocation.java:196)
	at org.springframework.aop.framework.ReflectiveMethodInvocation.proceed(ReflectiveMethodInvocation.java:163)
	at org.springframework.aop.framework.CglibAopProxy$CglibMethodInvocation.proceed(CglibAopProxy.java:765)
	at org.springframework.aop.interceptor.AsyncExecutionInterceptor.lambda$invoke$0(AsyncExecutionInterceptor.java:115)
	at java.base/java.util.concurrent.FutureTask.run(FutureTask.java:317)
	at java.base/java.util.concurrent.ThreadPoolExecutor.runWorker(ThreadPoolExecutor.java:1144)
	at java.base/java.util.concurrent.ThreadPoolExecutor$Worker.run(ThreadPoolExecutor.java:642)
	at java.base/java.lang.Thread.run(Thread.java:1583)
2026-04-28 11:32:58.934 [task-2] ERROR o.s.a.i.SimpleAsyncUncaughtExceptionHandler - Unexpected exception occurred invoking async method: public void com.hotel.hotel_backend.service.EmailService.sendBookingConfirmation(java.lang.String,java.lang.String,com.hotel.hotel_backend.entity.Booking)
org.hibernate.LazyInitializationException: could not initialize proxy [com.hotel.hotel_backend.entity.Hotel#1] - no Session
	at org.hibernate.proxy.AbstractLazyInitializer.initialize(AbstractLazyInitializer.java:164)
	at org.hibernate.proxy.AbstractLazyInitializer.getImplementation(AbstractLazyInitializer.java:310)
	at org.hibernate.proxy.pojo.bytebuddy.ByteBuddyInterceptor.intercept(ByteBuddyInterceptor.java:44)
	at org.hibernate.proxy.ProxyConfiguration$InterceptorDispatcher.intercept(ProxyConfiguration.java:102)
	at com.hotel.hotel_backend.entity.Hotel$HibernateProxy$sQ9HGW0O.getName(Unknown Source)
	at com.hotel.hotel_backend.service.EmailService.buildBookingConfirmationHtml(EmailService.java:141)
	at com.hotel.hotel_backend.service.EmailService.sendBookingConfirmation(EmailService.java:51)
	at java.base/jdk.internal.reflect.DirectMethodHandleAccessor.invoke(DirectMethodHandleAccessor.java:103)
	at java.base/java.lang.reflect.Method.invoke(Method.java:580)
	at org.springframework.aop.support.AopUtils.invokeJoinpointUsingReflection(AopUtils.java:352)
	at org.springframework.aop.framework.ReflectiveMethodInvocation.invokeJoinpoint(ReflectiveMethodInvocation.java:196)
	at org.springframework.aop.framework.ReflectiveMethodInvocation.proceed(ReflectiveMethodInvocation.java:163)
	at org.springframework.aop.framework.CglibAopProxy$CglibMethodInvocation.proceed(CglibAopProxy.java:765)
	at org.springframework.aop.interceptor.AsyncExecutionInterceptor.lambda$invoke$0(AsyncExecutionInterceptor.java:115)
	at java.base/java.util.concurrent.FutureTask.run(FutureTask.java:317)
	at java.base/java.util.concurrent.ThreadPoolExecutor.runWorker(ThreadPoolExecutor.java:1144)
	at java.base/java.util.concurrent.ThreadPoolExecutor$Worker.run(ThreadPoolExecutor.java:642)
	at java.base/java.lang.Thread.run(Thread.java:1583)
2026-04-28 11:32:58.948 [http-nio-8081-exec-10] DEBUG c.h.h.config.JWTAuthFilter - Authenticated user: aswin@gmail.com for URI: /api/bookings/my
2026-04-28 11:32:58.952 [http-nio-8081-exec-10] INFO  c.h.h.controller.BookingController - GET /api/bookings/my - user: 5
2026-04-28 11:32:58.990 [http-nio-8081-exec-6] DEBUG c.h.h.s.CustomUserDetailsService - Loading user by email: aswin@gmail.com
2026-04-28 11:32:59.000 [http-nio-8081-exec-6] DEBUG c.h.h.config.JWTAuthFilter - Authenticated user: aswin@gmail.com for URI: /api/bookings/my
2026-04-28 11:32:59.002 [http-nio-8081-exec-6] INFO  c.h.h.controller.BookingController - GET /api/bookings/my - user: 5
2026-04-28 11:39:55.910 [http-nio-8081-exec-2] INFO  c.h.h.controller.AuthController - POST /api/auth/register - email: 2k22ece112@kiot.ac.in
2026-04-28 11:39:55.910 [http-nio-8081-exec-2] INFO  c.h.h.service.UserService - Registering new user with email: 2k22ece112@kiot.ac.in
2026-04-28 11:39:56.100 [http-nio-8081-exec-2] INFO  c.h.h.service.UserService - User registered successfully with id: 8
2026-04-28 11:39:56.133 [http-nio-8081-exec-1] INFO  c.h.h.controller.AuthController - POST /api/auth/login - email: 2k22ece112@kiot.ac.in
2026-04-28 11:39:56.135 [http-nio-8081-exec-1] INFO  c.h.h.service.UserService - Login attempt for email: 2k22ece112@kiot.ac.in
2026-04-28 11:39:56.297 [http-nio-8081-exec-1] DEBUG c.h.h.s.CustomUserDetailsService - Loading user by email: 2k22ece112@kiot.ac.in
2026-04-28 11:39:56.495 [http-nio-8081-exec-1] INFO  c.h.h.service.UserService - User logged in successfully: 2k22ece112@kiot.ac.in
2026-04-28 11:39:56.537 [http-nio-8081-exec-10] DEBUG c.h.h.s.CustomUserDetailsService - Loading user by email: 2k22ece112@kiot.ac.in
2026-04-28 11:39:56.537 [http-nio-8081-exec-7] DEBUG c.h.h.s.CustomUserDetailsService - Loading user by email: 2k22ece112@kiot.ac.in
2026-04-28 11:39:56.543 [http-nio-8081-exec-7] DEBUG c.h.h.config.JWTAuthFilter - Authenticated user: 2k22ece112@kiot.ac.in for URI: /api/hotels
2026-04-28 11:39:56.544 [http-nio-8081-exec-10] DEBUG c.h.h.config.JWTAuthFilter - Authenticated user: 2k22ece112@kiot.ac.in for URI: /api/hotels/locations
2026-04-28 11:39:56.547 [http-nio-8081-exec-7] INFO  c.h.h.controller.HotelController - GET /api/hotels
2026-04-28 11:39:56.560 [http-nio-8081-exec-6] DEBUG c.h.h.s.CustomUserDetailsService - Loading user by email: 2k22ece112@kiot.ac.in
2026-04-28 11:39:56.570 [http-nio-8081-exec-6] DEBUG c.h.h.config.JWTAuthFilter - Authenticated user: 2k22ece112@kiot.ac.in for URI: /api/hotels/locations
2026-04-28 11:39:56.572 [http-nio-8081-exec-7] INFO  c.h.h.service.HotelService - Fetched 50 hotels
2026-04-28 11:39:56.583 [http-nio-8081-exec-5] DEBUG c.h.h.s.CustomUserDetailsService - Loading user by email: 2k22ece112@kiot.ac.in
2026-04-28 11:39:56.588 [http-nio-8081-exec-5] DEBUG c.h.h.config.JWTAuthFilter - Authenticated user: 2k22ece112@kiot.ac.in for URI: /api/hotels
2026-04-28 11:39:56.590 [http-nio-8081-exec-5] INFO  c.h.h.controller.HotelController - GET /api/hotels
2026-04-28 11:39:56.602 [http-nio-8081-exec-5] INFO  c.h.h.service.HotelService - Fetched 50 hotels
2026-04-28 11:40:02.216 [task-4] INFO  c.h.h.service.EmailService - Registration confirmation email sent to: 2k22ece112@kiot.ac.in
2026-04-28 11:40:04.964 [http-nio-8081-exec-9] DEBUG c.h.h.s.CustomUserDetailsService - Loading user by email: 2k22ece112@kiot.ac.in
2026-04-28 11:40:04.970 [http-nio-8081-exec-9] DEBUG c.h.h.config.JWTAuthFilter - Authenticated user: 2k22ece112@kiot.ac.in for URI: /api/rooms/search
2026-04-28 11:40:04.986 [http-nio-8081-exec-9] INFO  c.h.h.controller.HotelController - GET /api/rooms/search?location=Chennai&checkIn=2026-04-28&checkOut=2026-04-29
2026-04-28 11:40:05.043 [http-nio-8081-exec-9] INFO  c.h.h.service.HotelService - Found 21 available rooms in Chennai from 2026-04-28 to 2026-04-29
2026-04-28 11:40:12.529 [http-nio-8081-exec-8] DEBUG c.h.h.s.CustomUserDetailsService - Loading user by email: 2k22ece112@kiot.ac.in
2026-04-28 11:40:12.538 [http-nio-8081-exec-8] DEBUG c.h.h.config.JWTAuthFilter - Authenticated user: 2k22ece112@kiot.ac.in for URI: /api/hotels/1
2026-04-28 11:40:12.542 [http-nio-8081-exec-8] INFO  c.h.h.controller.HotelController - GET /api/hotels/1
2026-04-28 11:40:12.568 [http-nio-8081-exec-2] DEBUG c.h.h.s.CustomUserDetailsService - Loading user by email: 2k22ece112@kiot.ac.in
2026-04-28 11:40:12.580 [http-nio-8081-exec-2] DEBUG c.h.h.config.JWTAuthFilter - Authenticated user: 2k22ece112@kiot.ac.in for URI: /api/hotels/1
2026-04-28 11:40:12.589 [http-nio-8081-exec-2] INFO  c.h.h.controller.HotelController - GET /api/hotels/1
2026-04-28 11:40:18.217 [http-nio-8081-exec-4] DEBUG c.h.h.s.CustomUserDetailsService - Loading user by email: 2k22ece112@kiot.ac.in
2026-04-28 11:40:18.229 [http-nio-8081-exec-4] DEBUG c.h.h.config.JWTAuthFilter - Authenticated user: 2k22ece112@kiot.ac.in for URI: /api/bookings
2026-04-28 11:40:18.238 [http-nio-8081-exec-4] INFO  c.h.h.controller.BookingController - POST /api/bookings - user: 8
2026-04-28 11:40:18.239 [http-nio-8081-exec-4] INFO  c.h.h.service.BookingService - Creating booking for user 8 room 2
2026-04-28 11:40:18.278 [http-nio-8081-exec-4] INFO  c.h.h.service.BookingService - Booking created in PENDING_PAYMENT: 19 for user: 8
2026-04-28 11:40:18.302 [http-nio-8081-exec-10] DEBUG c.h.h.s.CustomUserDetailsService - Loading user by email: 2k22ece112@kiot.ac.in
2026-04-28 11:40:18.309 [http-nio-8081-exec-10] DEBUG c.h.h.config.JWTAuthFilter - Authenticated user: 2k22ece112@kiot.ac.in for URI: /api/payments/checkout/19
2026-04-28 11:40:18.316 [http-nio-8081-exec-10] INFO  c.h.h.controller.PaymentController - POST /api/payments/checkout/19
2026-04-28 11:40:19.639 [http-nio-8081-exec-10] INFO  c.h.h.service.PaymentService - Stripe Session created: cs_test_a15XsRCSSvkUrIjB7GrAY7DZxWNuh3dhrPsnw93TRTYafp9nKJjL1WHkuj for booking ID: 19
2026-04-28 11:40:22.647 [task-5] INFO  c.h.h.service.EmailService - Booking confirmation email sent to: 2k22ece112@kiot.ac.in for booking: 19
2026-04-28 11:40:29.587 [http-nio-8081-exec-7] DEBUG c.h.h.s.CustomUserDetailsService - Loading user by email: 2k22ece112@kiot.ac.in
2026-04-28 11:40:29.587 [http-nio-8081-exec-6] DEBUG c.h.h.s.CustomUserDetailsService - Loading user by email: 2k22ece112@kiot.ac.in
2026-04-28 11:40:29.593 [http-nio-8081-exec-7] DEBUG c.h.h.config.JWTAuthFilter - Authenticated user: 2k22ece112@kiot.ac.in for URI: /api/payments/verify
2026-04-28 11:40:29.593 [http-nio-8081-exec-6] DEBUG c.h.h.config.JWTAuthFilter - Authenticated user: 2k22ece112@kiot.ac.in for URI: /api/payments/verify
2026-04-28 11:40:29.598 [http-nio-8081-exec-6] INFO  c.h.h.controller.PaymentController - POST /api/payments/verify/cs_test_a15XsRCSSvkUrIjB7GrAY7DZxWNuh3dhrPsnw93TRTYafp9nKJjL1WHkuj
2026-04-28 11:40:29.598 [http-nio-8081-exec-7] INFO  c.h.h.controller.PaymentController - POST /api/payments/verify/cs_test_a15XsRCSSvkUrIjB7GrAY7DZxWNuh3dhrPsnw93TRTYafp9nKJjL1WHkuj
2026-04-28 11:40:30.043 [http-nio-8081-exec-7] INFO  c.h.h.service.PaymentService - Booking 19 marked as CONFIRMED after payment. Sending email...
2026-04-28 11:40:30.056 [task-6] ERROR o.s.a.i.SimpleAsyncUncaughtExceptionHandler - Unexpected exception occurred invoking async method: public void com.hotel.hotel_backend.service.EmailService.sendBookingConfirmation(java.lang.String,java.lang.String,com.hotel.hotel_backend.entity.Booking)
org.hibernate.LazyInitializationException: could not initialize proxy [com.hotel.hotel_backend.entity.Hotel#1] - no Session
	at org.hibernate.proxy.AbstractLazyInitializer.initialize(AbstractLazyInitializer.java:164)
	at org.hibernate.proxy.AbstractLazyInitializer.getImplementation(AbstractLazyInitializer.java:310)
	at org.hibernate.proxy.pojo.bytebuddy.ByteBuddyInterceptor.intercept(ByteBuddyInterceptor.java:44)
	at org.hibernate.proxy.ProxyConfiguration$InterceptorDispatcher.intercept(ProxyConfiguration.java:102)
	at com.hotel.hotel_backend.entity.Hotel$HibernateProxy$sQ9HGW0O.getName(Unknown Source)
	at com.hotel.hotel_backend.service.EmailService.buildBookingConfirmationHtml(EmailService.java:141)
	at com.hotel.hotel_backend.service.EmailService.sendBookingConfirmation(EmailService.java:51)
	at java.base/jdk.internal.reflect.DirectMethodHandleAccessor.invoke(DirectMethodHandleAccessor.java:103)
	at java.base/java.lang.reflect.Method.invoke(Method.java:580)
	at org.springframework.aop.support.AopUtils.invokeJoinpointUsingReflection(AopUtils.java:352)
	at org.springframework.aop.framework.ReflectiveMethodInvocation.invokeJoinpoint(ReflectiveMethodInvocation.java:196)
	at org.springframework.aop.framework.ReflectiveMethodInvocation.proceed(ReflectiveMethodInvocation.java:163)
	at org.springframework.aop.framework.CglibAopProxy$CglibMethodInvocation.proceed(CglibAopProxy.java:765)
	at org.springframework.aop.interceptor.AsyncExecutionInterceptor.lambda$invoke$0(AsyncExecutionInterceptor.java:115)
	at java.base/java.util.concurrent.FutureTask.run(FutureTask.java:317)
	at java.base/java.util.concurrent.ThreadPoolExecutor.runWorker(ThreadPoolExecutor.java:1144)
	at java.base/java.util.concurrent.ThreadPoolExecutor$Worker.run(ThreadPoolExecutor.java:642)
	at java.base/java.lang.Thread.run(Thread.java:1583)
2026-04-28 11:40:30.057 [http-nio-8081-exec-5] DEBUG c.h.h.s.CustomUserDetailsService - Loading user by email: 2k22ece112@kiot.ac.in
2026-04-28 11:40:30.068 [http-nio-8081-exec-5] DEBUG c.h.h.config.JWTAuthFilter - Authenticated user: 2k22ece112@kiot.ac.in for URI: /api/bookings/my
2026-04-28 11:40:30.073 [http-nio-8081-exec-5] INFO  c.h.h.controller.BookingController - GET /api/bookings/my - user: 8
2026-04-28 11:40:30.124 [http-nio-8081-exec-3] DEBUG c.h.h.s.CustomUserDetailsService - Loading user by email: 2k22ece112@kiot.ac.in
2026-04-28 11:40:30.132 [http-nio-8081-exec-3] DEBUG c.h.h.config.JWTAuthFilter - Authenticated user: 2k22ece112@kiot.ac.in for URI: /api/bookings/my
2026-04-28 11:40:30.134 [http-nio-8081-exec-3] INFO  c.h.h.controller.BookingController - GET /api/bookings/my - user: 8
2026-04-28 12:03:42.039 [HikariPool-1 housekeeper] WARN  com.zaxxer.hikari.pool.HikariPool - HikariPool-1 - Thread starvation or clock leap detected (housekeeper delta=5m27s869ms404µs100ns).
2026-04-28 12:19:00.713 [http-nio-8081-exec-4] DEBUG c.h.h.s.CustomUserDetailsService - Loading user by email: 2k22ece112@kiot.ac.in
2026-04-28 12:19:00.713 [http-nio-8081-exec-1] DEBUG c.h.h.s.CustomUserDetailsService - Loading user by email: 2k22ece112@kiot.ac.in
2026-04-28 12:19:00.730 [http-nio-8081-exec-4] DEBUG c.h.h.config.JWTAuthFilter - Authenticated user: 2k22ece112@kiot.ac.in for URI: /api/hotels
2026-04-28 12:19:00.730 [http-nio-8081-exec-1] DEBUG c.h.h.config.JWTAuthFilter - Authenticated user: 2k22ece112@kiot.ac.in for URI: /api/hotels/locations
2026-04-28 12:19:00.736 [http-nio-8081-exec-4] INFO  c.h.h.controller.HotelController - GET /api/hotels
2026-04-28 12:19:00.750 [http-nio-8081-exec-4] INFO  c.h.h.service.HotelService - Fetched 50 hotels
2026-04-28 12:19:00.765 [http-nio-8081-exec-10] DEBUG c.h.h.s.CustomUserDetailsService - Loading user by email: 2k22ece112@kiot.ac.in
2026-04-28 12:19:00.769 [http-nio-8081-exec-4] DEBUG c.h.h.s.CustomUserDetailsService - Loading user by email: 2k22ece112@kiot.ac.in
2026-04-28 12:19:00.773 [http-nio-8081-exec-10] DEBUG c.h.h.config.JWTAuthFilter - Authenticated user: 2k22ece112@kiot.ac.in for URI: /api/hotels/locations
2026-04-28 12:19:00.776 [http-nio-8081-exec-4] DEBUG c.h.h.config.JWTAuthFilter - Authenticated user: 2k22ece112@kiot.ac.in for URI: /api/hotels
2026-04-28 12:19:00.779 [http-nio-8081-exec-4] INFO  c.h.h.controller.HotelController - GET /api/hotels
2026-04-28 12:19:00.789 [http-nio-8081-exec-4] INFO  c.h.h.service.HotelService - Fetched 50 hotels
2026-04-28 12:19:13.971 [http-nio-8081-exec-9] DEBUG c.h.h.s.CustomUserDetailsService - Loading user by email: 2k22ece112@kiot.ac.in
2026-04-28 12:19:13.977 [http-nio-8081-exec-9] DEBUG c.h.h.config.JWTAuthFilter - Authenticated user: 2k22ece112@kiot.ac.in for URI: /api/hotels/1
2026-04-28 12:19:13.980 [http-nio-8081-exec-9] INFO  c.h.h.controller.HotelController - GET /api/hotels/1
2026-04-28 12:19:13.998 [http-nio-8081-exec-2] DEBUG c.h.h.s.CustomUserDetailsService - Loading user by email: 2k22ece112@kiot.ac.in
2026-04-28 12:19:14.005 [http-nio-8081-exec-2] DEBUG c.h.h.config.JWTAuthFilter - Authenticated user: 2k22ece112@kiot.ac.in for URI: /api/hotels/1
2026-04-28 12:19:14.006 [http-nio-8081-exec-2] INFO  c.h.h.controller.HotelController - GET /api/hotels/1
2026-04-28 12:19:31.239 [http-nio-8081-exec-1] DEBUG c.h.h.s.CustomUserDetailsService - Loading user by email: 2k22ece112@kiot.ac.in
2026-04-28 12:19:31.252 [http-nio-8081-exec-1] DEBUG c.h.h.config.JWTAuthFilter - Authenticated user: 2k22ece112@kiot.ac.in for URI: /api/bookings
2026-04-28 12:19:31.260 [http-nio-8081-exec-1] INFO  c.h.h.controller.BookingController - POST /api/bookings - user: 8
2026-04-28 12:19:31.260 [http-nio-8081-exec-1] INFO  c.h.h.service.BookingService - Creating booking for user 8 room 1
2026-04-28 12:19:31.333 [http-nio-8081-exec-1] WARN  c.h.h.e.GlobalExceptionHandler - Business exception: Room is already booked for the selected dates
2026-04-28 12:19:44.683 [http-nio-8081-exec-7] DEBUG c.h.h.s.CustomUserDetailsService - Loading user by email: 2k22ece112@kiot.ac.in
2026-04-28 12:19:44.700 [http-nio-8081-exec-7] DEBUG c.h.h.config.JWTAuthFilter - Authenticated user: 2k22ece112@kiot.ac.in for URI: /api/bookings
2026-04-28 12:19:44.703 [http-nio-8081-exec-7] INFO  c.h.h.controller.BookingController - POST /api/bookings - user: 8
2026-04-28 12:19:44.703 [http-nio-8081-exec-7] INFO  c.h.h.service.BookingService - Creating booking for user 8 room 121
2026-04-28 12:19:44.762 [http-nio-8081-exec-7] INFO  c.h.h.service.BookingService - Booking created in PENDING_PAYMENT: 20 for user: 8
2026-04-28 12:19:44.789 [http-nio-8081-exec-4] DEBUG c.h.h.s.CustomUserDetailsService - Loading user by email: 2k22ece112@kiot.ac.in
2026-04-28 12:19:44.796 [http-nio-8081-exec-4] DEBUG c.h.h.config.JWTAuthFilter - Authenticated user: 2k22ece112@kiot.ac.in for URI: /api/payments/checkout/20
2026-04-28 12:19:44.804 [http-nio-8081-exec-4] INFO  c.h.h.controller.PaymentController - POST /api/payments/checkout/20
2026-04-28 12:19:45.723 [http-nio-8081-exec-4] INFO  c.h.h.service.PaymentService - Stripe Session created: cs_test_a1cWmbdbaYFifBYG5LMzdPigHlvdRfhvnlbMvsGpNksCXPHv7PXTOqUxPF for booking ID: 20
2026-04-28 12:19:48.869 [task-7] INFO  c.h.h.service.EmailService - Booking confirmation email sent to: 2k22ece112@kiot.ac.in for booking: 20
2026-04-28 12:20:29.687 [http-nio-8081-exec-8] DEBUG c.h.h.s.CustomUserDetailsService - Loading user by email: 2k22ece112@kiot.ac.in
2026-04-28 12:20:29.687 [http-nio-8081-exec-1] DEBUG c.h.h.s.CustomUserDetailsService - Loading user by email: 2k22ece112@kiot.ac.in
2026-04-28 12:20:29.695 [http-nio-8081-exec-8] DEBUG c.h.h.config.JWTAuthFilter - Authenticated user: 2k22ece112@kiot.ac.in for URI: /api/hotels
2026-04-28 12:20:29.697 [http-nio-8081-exec-1] DEBUG c.h.h.config.JWTAuthFilter - Authenticated user: 2k22ece112@kiot.ac.in for URI: /api/hotels/locations
2026-04-28 12:20:29.699 [http-nio-8081-exec-8] INFO  c.h.h.controller.HotelController - GET /api/hotels
2026-04-28 12:20:29.708 [http-nio-8081-exec-7] DEBUG c.h.h.s.CustomUserDetailsService - Loading user by email: 2k22ece112@kiot.ac.in
2026-04-28 12:20:29.709 [http-nio-8081-exec-8] INFO  c.h.h.service.HotelService - Fetched 50 hotels
2026-04-28 12:20:29.716 [http-nio-8081-exec-7] DEBUG c.h.h.config.JWTAuthFilter - Authenticated user: 2k22ece112@kiot.ac.in for URI: /api/hotels/locations
2026-04-28 12:20:29.716 [http-nio-8081-exec-10] DEBUG c.h.h.s.CustomUserDetailsService - Loading user by email: 2k22ece112@kiot.ac.in
2026-04-28 12:20:29.725 [http-nio-8081-exec-10] DEBUG c.h.h.config.JWTAuthFilter - Authenticated user: 2k22ece112@kiot.ac.in for URI: /api/hotels
2026-04-28 12:20:29.726 [http-nio-8081-exec-10] INFO  c.h.h.controller.HotelController - GET /api/hotels
2026-04-28 12:20:29.737 [http-nio-8081-exec-10] INFO  c.h.h.service.HotelService - Fetched 50 hotels
2026-04-28 12:20:36.566 [http-nio-8081-exec-6] DEBUG c.h.h.s.CustomUserDetailsService - Loading user by email: 2k22ece112@kiot.ac.in
2026-04-28 12:20:36.571 [http-nio-8081-exec-6] DEBUG c.h.h.config.JWTAuthFilter - Authenticated user: 2k22ece112@kiot.ac.in for URI: /api/hotels/5
2026-04-28 12:20:36.575 [http-nio-8081-exec-6] INFO  c.h.h.controller.HotelController - GET /api/hotels/5
2026-04-28 12:20:36.588 [http-nio-8081-exec-6] DEBUG c.h.h.s.CustomUserDetailsService - Loading user by email: 2k22ece112@kiot.ac.in
2026-04-28 12:20:36.592 [http-nio-8081-exec-6] DEBUG c.h.h.config.JWTAuthFilter - Authenticated user: 2k22ece112@kiot.ac.in for URI: /api/hotels/5
2026-04-28 12:20:36.594 [http-nio-8081-exec-6] INFO  c.h.h.controller.HotelController - GET /api/hotels/5
2026-04-28 12:21:08.638 [http-nio-8081-exec-2] DEBUG c.h.h.s.CustomUserDetailsService - Loading user by email: 2k22ece112@kiot.ac.in
2026-04-28 12:21:08.655 [http-nio-8081-exec-2] DEBUG c.h.h.config.JWTAuthFilter - Authenticated user: 2k22ece112@kiot.ac.in for URI: /api/bookings
2026-04-28 12:21:08.659 [http-nio-8081-exec-2] INFO  c.h.h.controller.BookingController - POST /api/bookings - user: 8
2026-04-28 12:21:08.659 [http-nio-8081-exec-2] INFO  c.h.h.service.BookingService - Creating booking for user 8 room 9
2026-04-28 12:21:08.687 [http-nio-8081-exec-2] INFO  c.h.h.service.BookingService - Booking created in PENDING_PAYMENT: 21 for user: 8
2026-04-28 12:21:08.701 [http-nio-8081-exec-8] DEBUG c.h.h.s.CustomUserDetailsService - Loading user by email: 2k22ece112@kiot.ac.in
2026-04-28 12:21:08.708 [http-nio-8081-exec-8] DEBUG c.h.h.config.JWTAuthFilter - Authenticated user: 2k22ece112@kiot.ac.in for URI: /api/payments/checkout/21
2026-04-28 12:21:08.712 [http-nio-8081-exec-8] INFO  c.h.h.controller.PaymentController - POST /api/payments/checkout/21
2026-04-28 12:21:10.147 [http-nio-8081-exec-8] INFO  c.h.h.service.PaymentService - Stripe Session created: cs_test_a1GFOqV23rDZoHKp0jgPDn0O41oXBW5fBJNctUJautHDhWChZYBhL7cKwC for booking ID: 21
2026-04-28 12:21:14.394 [task-8] INFO  c.h.h.service.EmailService - Booking confirmation email sent to: 2k22ece112@kiot.ac.in for booking: 21
2026-04-28 12:27:11.142 [http-nio-8081-exec-5] DEBUG c.h.h.s.CustomUserDetailsService - Loading user by email: 2k22ece112@kiot.ac.in
2026-04-28 12:27:11.146 [http-nio-8081-exec-6] DEBUG c.h.h.s.CustomUserDetailsService - Loading user by email: 2k22ece112@kiot.ac.in
2026-04-28 12:27:11.152 [http-nio-8081-exec-6] DEBUG c.h.h.config.JWTAuthFilter - Authenticated user: 2k22ece112@kiot.ac.in for URI: /api/hotels/locations
2026-04-28 12:27:11.153 [http-nio-8081-exec-5] DEBUG c.h.h.config.JWTAuthFilter - Authenticated user: 2k22ece112@kiot.ac.in for URI: /api/hotels
2026-04-28 12:27:11.157 [http-nio-8081-exec-5] INFO  c.h.h.controller.HotelController - GET /api/hotels
2026-04-28 12:27:11.170 [http-nio-8081-exec-9] DEBUG c.h.h.s.CustomUserDetailsService - Loading user by email: 2k22ece112@kiot.ac.in
2026-04-28 12:27:11.170 [http-nio-8081-exec-5] INFO  c.h.h.service.HotelService - Fetched 50 hotels
2026-04-28 12:27:11.175 [http-nio-8081-exec-9] DEBUG c.h.h.config.JWTAuthFilter - Authenticated user: 2k22ece112@kiot.ac.in for URI: /api/hotels/locations
2026-04-28 12:27:11.176 [http-nio-8081-exec-2] DEBUG c.h.h.s.CustomUserDetailsService - Loading user by email: 2k22ece112@kiot.ac.in
2026-04-28 12:27:11.182 [http-nio-8081-exec-2] DEBUG c.h.h.config.JWTAuthFilter - Authenticated user: 2k22ece112@kiot.ac.in for URI: /api/hotels
2026-04-28 12:27:11.183 [http-nio-8081-exec-2] INFO  c.h.h.controller.HotelController - GET /api/hotels
2026-04-28 12:27:11.189 [http-nio-8081-exec-2] INFO  c.h.h.service.HotelService - Fetched 50 hotels
2026-04-28 12:27:30.021 [SpringApplicationShutdownHook] INFO  o.s.o.j.LocalContainerEntityManagerFactoryBean - Closing JPA EntityManagerFactory for persistence unit 'default'
2026-04-28 12:27:30.046 [SpringApplicationShutdownHook] INFO  com.zaxxer.hikari.HikariDataSource - HikariPool-1 - Shutdown initiated...
2026-04-28 12:27:30.052 [SpringApplicationShutdownHook] INFO  com.zaxxer.hikari.HikariDataSource - HikariPool-1 - Shutdown completed.
2026-04-28 12:27:37.400 [background-preinit] INFO  o.h.validator.internal.util.Version - HV000001: Hibernate Validator 8.0.1.Final
2026-04-28 12:27:37.454 [main] INFO  c.h.h.HotelBackendApplication - Starting HotelBackendApplication using Java 21.0.10 with PID 25152 (D:\Hackathon\HotelBooking\hotel-backend\target\classes started by girid in D:\Hackathon\HotelBooking\hotel-backend)
2026-04-28 12:27:37.456 [main] DEBUG c.h.h.HotelBackendApplication - Running with Spring Boot v3.2.0, Spring v6.1.1
2026-04-28 12:27:37.456 [main] INFO  c.h.h.HotelBackendApplication - No active profile set, falling back to 1 default profile: "default"
2026-04-28 12:27:38.220 [main] INFO  o.s.d.r.c.RepositoryConfigurationDelegate - Bootstrapping Spring Data JPA repositories in DEFAULT mode.
2026-04-28 12:27:38.299 [main] INFO  o.s.d.r.c.RepositoryConfigurationDelegate - Finished Spring Data repository scanning in 69 ms. Found 5 JPA repository interfaces.
2026-04-28 12:27:39.020 [main] INFO  o.s.b.w.e.tomcat.TomcatWebServer - Tomcat initialized with port 8081 (http)
2026-04-28 12:27:39.030 [main] INFO  o.a.coyote.http11.Http11NioProtocol - Initializing ProtocolHandler ["http-nio-8081"]
2026-04-28 12:27:39.037 [main] INFO  o.a.catalina.core.StandardService - Starting service [Tomcat]
2026-04-28 12:27:39.038 [main] INFO  o.a.catalina.core.StandardEngine - Starting Servlet engine: [Apache Tomcat/10.1.16]
2026-04-28 12:27:39.106 [main] INFO  o.a.c.c.C.[Tomcat].[localhost].[/] - Initializing Spring embedded WebApplicationContext
2026-04-28 12:27:39.107 [main] INFO  o.s.b.w.s.c.ServletWebServerApplicationContext - Root WebApplicationContext: initialization completed in 1580 ms
2026-04-28 12:27:39.259 [main] INFO  o.h.jpa.internal.util.LogHelper - HHH000204: Processing PersistenceUnitInfo [name: default]
2026-04-28 12:27:39.367 [main] INFO  org.hibernate.Version - HHH000412: Hibernate ORM core version 6.3.1.Final
2026-04-28 12:27:39.444 [main] INFO  o.h.c.i.RegionFactoryInitiator - HHH000026: Second-level cache disabled
2026-04-28 12:27:39.838 [main] INFO  o.s.o.j.p.SpringPersistenceUnitInfo - No LoadTimeWeaver setup: ignoring JPA class transformer
2026-04-28 12:27:39.876 [main] INFO  com.zaxxer.hikari.HikariDataSource - HikariPool-1 - Starting...
2026-04-28 12:27:40.096 [main] INFO  com.zaxxer.hikari.pool.HikariPool - HikariPool-1 - Added connection com.mysql.cj.jdbc.ConnectionImpl@79cdf2d4
2026-04-28 12:27:40.100 [main] INFO  com.zaxxer.hikari.HikariDataSource - HikariPool-1 - Start completed.
2026-04-28 12:27:40.207 [main] WARN  org.hibernate.orm.deprecation - HHH90000025: MySQLDialect does not need to be specified explicitly using 'hibernate.dialect' (remove the property setting and it will be selected by default)
2026-04-28 12:27:41.716 [main] INFO  o.h.e.t.j.p.i.JtaPlatformInitiator - HHH000489: No JTA platform available (set 'hibernate.transaction.jta.platform' to enable JTA platform integration)
2026-04-28 12:27:41.848 [main] INFO  o.s.o.j.LocalContainerEntityManagerFactoryBean - Initialized JPA EntityManagerFactory for persistence unit 'default'
2026-04-28 12:27:42.292 [main] DEBUG c.h.h.config.JWTAuthFilter - Filter 'JWTAuthFilter' configured for use
2026-04-28 12:27:42.623 [main] INFO  o.s.d.j.r.query.QueryEnhancerFactory - Hibernate is in classpath; If applicable, HQL parser will be used.
2026-04-28 12:27:43.363 [main] WARN  o.s.b.w.s.c.AnnotationConfigServletWebServerApplicationContext - Exception encountered during context initialization - cancelling refresh attempt: org.springframework.beans.factory.UnsatisfiedDependencyException: Error creating bean with name 'paymentController': Unsatisfied dependency expressed through field 'paymentService': Error creating bean with name 'paymentService': Lookup method resolution failed
2026-04-28 12:27:43.365 [main] INFO  o.s.o.j.LocalContainerEntityManagerFactoryBean - Closing JPA EntityManagerFactory for persistence unit 'default'
2026-04-28 12:27:43.367 [main] INFO  com.zaxxer.hikari.HikariDataSource - HikariPool-1 - Shutdown initiated...
2026-04-28 12:27:43.383 [main] INFO  com.zaxxer.hikari.HikariDataSource - HikariPool-1 - Shutdown completed.
2026-04-28 12:27:43.386 [main] INFO  o.a.catalina.core.StandardService - Stopping service [Tomcat]
2026-04-28 12:27:43.402 [main] INFO  o.s.b.a.l.ConditionEvaluationReportLogger - 

Error starting ApplicationContext. To display the condition evaluation report re-run your application with 'debug' enabled.
2026-04-28 12:27:43.430 [main] ERROR o.s.boot.SpringApplication - Application run failed
org.springframework.beans.factory.UnsatisfiedDependencyException: Error creating bean with name 'paymentController': Unsatisfied dependency expressed through field 'paymentService': Error creating bean with name 'paymentService': Lookup method resolution failed
	at org.springframework.beans.factory.annotation.AutowiredAnnotationBeanPostProcessor$AutowiredFieldElement.resolveFieldValue(AutowiredAnnotationBeanPostProcessor.java:772)
	at org.springframework.beans.factory.annotation.AutowiredAnnotationBeanPostProcessor$AutowiredFieldElement.inject(AutowiredAnnotationBeanPostProcessor.java:752)
	at org.springframework.beans.factory.annotation.InjectionMetadata.inject(InjectionMetadata.java:145)
	at org.springframework.beans.factory.annotation.AutowiredAnnotationBeanPostProcessor.postProcessProperties(AutowiredAnnotationBeanPostProcessor.java:493)
	at org.springframework.beans.factory.support.AbstractAutowireCapableBeanFactory.populateBean(AbstractAutowireCapableBeanFactory.java:1420)
	at org.springframework.beans.factory.support.AbstractAutowireCapableBeanFactory.doCreateBean(AbstractAutowireCapableBeanFactory.java:600)
	at org.springframework.beans.factory.support.AbstractAutowireCapableBeanFactory.createBean(AbstractAutowireCapableBeanFactory.java:523)
	at org.springframework.beans.factory.support.AbstractBeanFactory.lambda$doGetBean$0(AbstractBeanFactory.java:325)
	at org.springframework.beans.factory.support.DefaultSingletonBeanRegistry.getSingleton(DefaultSingletonBeanRegistry.java:234)
	at org.springframework.beans.factory.support.AbstractBeanFactory.doGetBean(AbstractBeanFactory.java:323)
	at org.springframework.beans.factory.support.AbstractBeanFactory.getBean(AbstractBeanFactory.java:199)
	at org.springframework.beans.factory.support.DefaultListableBeanFactory.preInstantiateSingletons(DefaultListableBeanFactory.java:973)
	at org.springframework.context.support.AbstractApplicationContext.finishBeanFactoryInitialization(AbstractApplicationContext.java:946)
	at org.springframework.context.support.AbstractApplicationContext.refresh(AbstractApplicationContext.java:616)
	at org.springframework.boot.web.servlet.context.ServletWebServerApplicationContext.refresh(ServletWebServerApplicationContext.java:146)
	at org.springframework.boot.SpringApplication.refresh(SpringApplication.java:753)
	at org.springframework.boot.SpringApplication.refreshContext(SpringApplication.java:455)
	at org.springframework.boot.SpringApplication.run(SpringApplication.java:323)
	at org.springframework.boot.SpringApplication.run(SpringApplication.java:1342)
	at org.springframework.boot.SpringApplication.run(SpringApplication.java:1331)
	at com.hotel.hotel_backend.HotelBackendApplication.main(HotelBackendApplication.java:12)
Caused by: org.springframework.beans.factory.BeanCreationException: Error creating bean with name 'paymentService': Lookup method resolution failed
	at org.springframework.beans.factory.annotation.AutowiredAnnotationBeanPostProcessor.checkLookupMethods(AutowiredAnnotationBeanPostProcessor.java:482)
	at org.springframework.beans.factory.annotation.AutowiredAnnotationBeanPostProcessor.determineCandidateConstructors(AutowiredAnnotationBeanPostProcessor.java:352)
	at org.springframework.beans.factory.support.AbstractAutowireCapableBeanFactory.determineConstructorsFromBeanPostProcessors(AbstractAutowireCapableBeanFactory.java:1295)
	at org.springframework.beans.factory.support.AbstractAutowireCapableBeanFactory.createBeanInstance(AbstractAutowireCapableBeanFactory.java:1190)
	at org.springframework.beans.factory.support.AbstractAutowireCapableBeanFactory.doCreateBean(AbstractAutowireCapableBeanFactory.java:563)
	at org.springframework.beans.factory.support.AbstractAutowireCapableBeanFactory.createBean(AbstractAutowireCapableBeanFactory.java:523)
	at org.springframework.beans.factory.support.AbstractBeanFactory.lambda$doGetBean$0(AbstractBeanFactory.java:325)
	at org.springframework.beans.factory.support.DefaultSingletonBeanRegistry.getSingleton(DefaultSingletonBeanRegistry.java:234)
	at org.springframework.beans.factory.support.AbstractBeanFactory.doGetBean(AbstractBeanFactory.java:323)
	at org.springframework.beans.factory.support.AbstractBeanFactory.getBean(AbstractBeanFactory.java:199)
	at org.springframework.beans.factory.config.DependencyDescriptor.resolveCandidate(DependencyDescriptor.java:254)
	at org.springframework.beans.factory.support.DefaultListableBeanFactory.doResolveDependency(DefaultListableBeanFactory.java:1441)
	at org.springframework.beans.factory.support.DefaultListableBeanFactory.resolveDependency(DefaultListableBeanFactory.java:1348)
	at org.springframework.beans.factory.annotation.AutowiredAnnotationBeanPostProcessor$AutowiredFieldElement.resolveFieldValue(AutowiredAnnotationBeanPostProcessor.java:769)
	... 20 common frames omitted
Caused by: java.lang.IllegalStateException: Failed to introspect Class [com.hotel.hotel_backend.service.PaymentService] from ClassLoader [jdk.internal.loader.ClassLoaders$AppClassLoader@33909752]
	at org.springframework.util.ReflectionUtils.getDeclaredMethods(ReflectionUtils.java:483)
	at org.springframework.util.ReflectionUtils.doWithLocalMethods(ReflectionUtils.java:320)
	at org.springframework.beans.factory.annotation.AutowiredAnnotationBeanPostProcessor.checkLookupMethods(AutowiredAnnotationBeanPostProcessor.java:460)
	... 33 common frames omitted
Caused by: java.lang.NoClassDefFoundError: StripeException
	at java.base/java.lang.Class.getDeclaredMethods0(Native Method)
	at java.base/java.lang.Class.privateGetDeclaredMethods(Class.java:3580)
	at java.base/java.lang.Class.getDeclaredMethods(Class.java:2678)
	at org.springframework.util.ReflectionUtils.getDeclaredMethods(ReflectionUtils.java:465)
	... 35 common frames omitted
Caused by: java.lang.ClassNotFoundException: StripeException
	at java.base/jdk.internal.loader.BuiltinClassLoader.loadClass(BuiltinClassLoader.java:641)
	at java.base/jdk.internal.loader.ClassLoaders$AppClassLoader.loadClass(ClassLoaders.java:188)
	at java.base/java.lang.ClassLoader.loadClass(ClassLoader.java:526)
	... 39 common frames omitted
2026-04-28 12:28:56.758 [background-preinit] INFO  o.h.validator.internal.util.Version - HV000001: Hibernate Validator 8.0.1.Final
2026-04-28 12:28:56.802 [main] INFO  c.h.h.HotelBackendApplication - Starting HotelBackendApplication using Java 21.0.10 with PID 14812 (D:\Hackathon\HotelBooking\hotel-backend\target\classes started by girid in D:\Hackathon\HotelBooking\hotel-backend)
2026-04-28 12:28:56.804 [main] DEBUG c.h.h.HotelBackendApplication - Running with Spring Boot v3.2.0, Spring v6.1.1
2026-04-28 12:28:56.805 [main] INFO  c.h.h.HotelBackendApplication - No active profile set, falling back to 1 default profile: "default"
2026-04-28 12:28:57.520 [main] INFO  o.s.d.r.c.RepositoryConfigurationDelegate - Bootstrapping Spring Data JPA repositories in DEFAULT mode.
2026-04-28 12:28:57.581 [main] INFO  o.s.d.r.c.RepositoryConfigurationDelegate - Finished Spring Data repository scanning in 55 ms. Found 5 JPA repository interfaces.
2026-04-28 12:28:58.109 [main] INFO  o.s.b.w.e.tomcat.TomcatWebServer - Tomcat initialized with port 8081 (http)
2026-04-28 12:28:58.117 [main] INFO  o.a.coyote.http11.Http11NioProtocol - Initializing ProtocolHandler ["http-nio-8081"]
2026-04-28 12:28:58.120 [main] INFO  o.a.catalina.core.StandardService - Starting service [Tomcat]
2026-04-28 12:28:58.120 [main] INFO  o.a.catalina.core.StandardEngine - Starting Servlet engine: [Apache Tomcat/10.1.16]
2026-04-28 12:28:58.176 [main] INFO  o.a.c.c.C.[Tomcat].[localhost].[/] - Initializing Spring embedded WebApplicationContext
2026-04-28 12:28:58.177 [main] INFO  o.s.b.w.s.c.ServletWebServerApplicationContext - Root WebApplicationContext: initialization completed in 1323 ms
2026-04-28 12:28:58.306 [main] INFO  o.h.jpa.internal.util.LogHelper - HHH000204: Processing PersistenceUnitInfo [name: default]
2026-04-28 12:28:58.349 [main] INFO  org.hibernate.Version - HHH000412: Hibernate ORM core version 6.3.1.Final
2026-04-28 12:28:58.380 [main] INFO  o.h.c.i.RegionFactoryInitiator - HHH000026: Second-level cache disabled
2026-04-28 12:28:58.573 [main] INFO  o.s.o.j.p.SpringPersistenceUnitInfo - No LoadTimeWeaver setup: ignoring JPA class transformer
2026-04-28 12:28:58.596 [main] INFO  com.zaxxer.hikari.HikariDataSource - HikariPool-1 - Starting...
2026-04-28 12:28:58.742 [main] INFO  com.zaxxer.hikari.pool.HikariPool - HikariPool-1 - Added connection com.mysql.cj.jdbc.ConnectionImpl@79cdf2d4
2026-04-28 12:28:58.744 [main] INFO  com.zaxxer.hikari.HikariDataSource - HikariPool-1 - Start completed.
2026-04-28 12:28:58.798 [main] WARN  org.hibernate.orm.deprecation - HHH90000025: MySQLDialect does not need to be specified explicitly using 'hibernate.dialect' (remove the property setting and it will be selected by default)
2026-04-28 12:28:59.673 [main] INFO  o.h.e.t.j.p.i.JtaPlatformInitiator - HHH000489: No JTA platform available (set 'hibernate.transaction.jta.platform' to enable JTA platform integration)
2026-04-28 12:28:59.763 [main] INFO  o.s.o.j.LocalContainerEntityManagerFactoryBean - Initialized JPA EntityManagerFactory for persistence unit 'default'
2026-04-28 12:29:00.052 [main] DEBUG c.h.h.config.JWTAuthFilter - Filter 'JWTAuthFilter' configured for use
2026-04-28 12:29:00.278 [main] INFO  o.s.d.j.r.query.QueryEnhancerFactory - Hibernate is in classpath; If applicable, HQL parser will be used.
2026-04-28 12:29:00.785 [main] WARN  o.s.b.w.s.c.AnnotationConfigServletWebServerApplicationContext - Exception encountered during context initialization - cancelling refresh attempt: org.springframework.beans.factory.UnsatisfiedDependencyException: Error creating bean with name 'paymentController': Unsatisfied dependency expressed through field 'paymentService': Error creating bean with name 'paymentService': Lookup method resolution failed
2026-04-28 12:29:00.785 [main] INFO  o.s.o.j.LocalContainerEntityManagerFactoryBean - Closing JPA EntityManagerFactory for persistence unit 'default'
2026-04-28 12:29:00.788 [main] INFO  com.zaxxer.hikari.HikariDataSource - HikariPool-1 - Shutdown initiated...
2026-04-28 12:29:00.795 [main] INFO  com.zaxxer.hikari.HikariDataSource - HikariPool-1 - Shutdown completed.
2026-04-28 12:29:00.796 [main] INFO  o.a.catalina.core.StandardService - Stopping service [Tomcat]
2026-04-28 12:29:00.807 [main] INFO  o.s.b.a.l.ConditionEvaluationReportLogger - 

Error starting ApplicationContext. To display the condition evaluation report re-run your application with 'debug' enabled.
2026-04-28 12:29:00.822 [main] ERROR o.s.boot.SpringApplication - Application run failed
org.springframework.beans.factory.UnsatisfiedDependencyException: Error creating bean with name 'paymentController': Unsatisfied dependency expressed through field 'paymentService': Error creating bean with name 'paymentService': Lookup method resolution failed
	at org.springframework.beans.factory.annotation.AutowiredAnnotationBeanPostProcessor$AutowiredFieldElement.resolveFieldValue(AutowiredAnnotationBeanPostProcessor.java:772)
	at org.springframework.beans.factory.annotation.AutowiredAnnotationBeanPostProcessor$AutowiredFieldElement.inject(AutowiredAnnotationBeanPostProcessor.java:752)
	at org.springframework.beans.factory.annotation.InjectionMetadata.inject(InjectionMetadata.java:145)
	at org.springframework.beans.factory.annotation.AutowiredAnnotationBeanPostProcessor.postProcessProperties(AutowiredAnnotationBeanPostProcessor.java:493)
	at org.springframework.beans.factory.support.AbstractAutowireCapableBeanFactory.populateBean(AbstractAutowireCapableBeanFactory.java:1420)
	at org.springframework.beans.factory.support.AbstractAutowireCapableBeanFactory.doCreateBean(AbstractAutowireCapableBeanFactory.java:600)
	at org.springframework.beans.factory.support.AbstractAutowireCapableBeanFactory.createBean(AbstractAutowireCapableBeanFactory.java:523)
	at org.springframework.beans.factory.support.AbstractBeanFactory.lambda$doGetBean$0(AbstractBeanFactory.java:325)
	at org.springframework.beans.factory.support.DefaultSingletonBeanRegistry.getSingleton(DefaultSingletonBeanRegistry.java:234)
	at org.springframework.beans.factory.support.AbstractBeanFactory.doGetBean(AbstractBeanFactory.java:323)
	at org.springframework.beans.factory.support.AbstractBeanFactory.getBean(AbstractBeanFactory.java:199)
	at org.springframework.beans.factory.support.DefaultListableBeanFactory.preInstantiateSingletons(DefaultListableBeanFactory.java:973)
	at org.springframework.context.support.AbstractApplicationContext.finishBeanFactoryInitialization(AbstractApplicationContext.java:946)
	at org.springframework.context.support.AbstractApplicationContext.refresh(AbstractApplicationContext.java:616)
	at org.springframework.boot.web.servlet.context.ServletWebServerApplicationContext.refresh(ServletWebServerApplicationContext.java:146)
	at org.springframework.boot.SpringApplication.refresh(SpringApplication.java:753)
	at org.springframework.boot.SpringApplication.refreshContext(SpringApplication.java:455)
	at org.springframework.boot.SpringApplication.run(SpringApplication.java:323)
	at org.springframework.boot.SpringApplication.run(SpringApplication.java:1342)
	at org.springframework.boot.SpringApplication.run(SpringApplication.java:1331)
	at com.hotel.hotel_backend.HotelBackendApplication.main(HotelBackendApplication.java:12)
Caused by: org.springframework.beans.factory.BeanCreationException: Error creating bean with name 'paymentService': Lookup method resolution failed
	at org.springframework.beans.factory.annotation.AutowiredAnnotationBeanPostProcessor.checkLookupMethods(AutowiredAnnotationBeanPostProcessor.java:482)
	at org.springframework.beans.factory.annotation.AutowiredAnnotationBeanPostProcessor.determineCandidateConstructors(AutowiredAnnotationBeanPostProcessor.java:352)
	at org.springframework.beans.factory.support.AbstractAutowireCapableBeanFactory.determineConstructorsFromBeanPostProcessors(AbstractAutowireCapableBeanFactory.java:1295)
	at org.springframework.beans.factory.support.AbstractAutowireCapableBeanFactory.createBeanInstance(AbstractAutowireCapableBeanFactory.java:1190)
	at org.springframework.beans.factory.support.AbstractAutowireCapableBeanFactory.doCreateBean(AbstractAutowireCapableBeanFactory.java:563)
	at org.springframework.beans.factory.support.AbstractAutowireCapableBeanFactory.createBean(AbstractAutowireCapableBeanFactory.java:523)
	at org.springframework.beans.factory.support.AbstractBeanFactory.lambda$doGetBean$0(AbstractBeanFactory.java:325)
	at org.springframework.beans.factory.support.DefaultSingletonBeanRegistry.getSingleton(DefaultSingletonBeanRegistry.java:234)
	at org.springframework.beans.factory.support.AbstractBeanFactory.doGetBean(AbstractBeanFactory.java:323)
	at org.springframework.beans.factory.support.AbstractBeanFactory.getBean(AbstractBeanFactory.java:199)
	at org.springframework.beans.factory.config.DependencyDescriptor.resolveCandidate(DependencyDescriptor.java:254)
	at org.springframework.beans.factory.support.DefaultListableBeanFactory.doResolveDependency(DefaultListableBeanFactory.java:1441)
	at org.springframework.beans.factory.support.DefaultListableBeanFactory.resolveDependency(DefaultListableBeanFactory.java:1348)
	at org.springframework.beans.factory.annotation.AutowiredAnnotationBeanPostProcessor$AutowiredFieldElement.resolveFieldValue(AutowiredAnnotationBeanPostProcessor.java:769)
	... 20 common frames omitted
Caused by: java.lang.IllegalStateException: Failed to introspect Class [com.hotel.hotel_backend.service.PaymentService] from ClassLoader [jdk.internal.loader.ClassLoaders$AppClassLoader@33909752]
	at org.springframework.util.ReflectionUtils.getDeclaredMethods(ReflectionUtils.java:483)
	at org.springframework.util.ReflectionUtils.doWithLocalMethods(ReflectionUtils.java:320)
	at org.springframework.beans.factory.annotation.AutowiredAnnotationBeanPostProcessor.checkLookupMethods(AutowiredAnnotationBeanPostProcessor.java:460)
	... 33 common frames omitted
Caused by: java.lang.NoClassDefFoundError: StripeException
	at java.base/java.lang.Class.getDeclaredMethods0(Native Method)
	at java.base/java.lang.Class.privateGetDeclaredMethods(Class.java:3580)
	at java.base/java.lang.Class.getDeclaredMethods(Class.java:2678)
	at org.springframework.util.ReflectionUtils.getDeclaredMethods(ReflectionUtils.java:465)
	... 35 common frames omitted
Caused by: java.lang.ClassNotFoundException: StripeException
	at java.base/jdk.internal.loader.BuiltinClassLoader.loadClass(BuiltinClassLoader.java:641)
	at java.base/jdk.internal.loader.ClassLoaders$AppClassLoader.loadClass(ClassLoaders.java:188)
	at java.base/java.lang.ClassLoader.loadClass(ClassLoader.java:526)
	... 39 common frames omitted
2026-04-28 12:30:07.802 [background-preinit] INFO  o.h.validator.internal.util.Version - HV000001: Hibernate Validator 8.0.1.Final
2026-04-28 12:30:07.851 [main] INFO  c.h.h.HotelBackendApplication - Starting HotelBackendApplication using Java 21.0.10 with PID 7644 (D:\Hackathon\HotelBooking\hotel-backend\target\classes started by girid in D:\Hackathon\HotelBooking\hotel-backend)
2026-04-28 12:30:07.852 [main] DEBUG c.h.h.HotelBackendApplication - Running with Spring Boot v3.2.0, Spring v6.1.1
2026-04-28 12:30:07.852 [main] INFO  c.h.h.HotelBackendApplication - No active profile set, falling back to 1 default profile: "default"
2026-04-28 12:30:08.677 [main] INFO  o.s.d.r.c.RepositoryConfigurationDelegate - Bootstrapping Spring Data JPA repositories in DEFAULT mode.
2026-04-28 12:30:08.752 [main] INFO  o.s.d.r.c.RepositoryConfigurationDelegate - Finished Spring Data repository scanning in 68 ms. Found 5 JPA repository interfaces.
2026-04-28 12:30:09.329 [main] INFO  o.s.b.w.e.tomcat.TomcatWebServer - Tomcat initialized with port 8081 (http)
2026-04-28 12:30:09.338 [main] INFO  o.a.coyote.http11.Http11NioProtocol - Initializing ProtocolHandler ["http-nio-8081"]
2026-04-28 12:30:09.339 [main] INFO  o.a.catalina.core.StandardService - Starting service [Tomcat]
2026-04-28 12:30:09.339 [main] INFO  o.a.catalina.core.StandardEngine - Starting Servlet engine: [Apache Tomcat/10.1.16]
2026-04-28 12:30:09.397 [main] INFO  o.a.c.c.C.[Tomcat].[localhost].[/] - Initializing Spring embedded WebApplicationContext
2026-04-28 12:30:09.398 [main] INFO  o.s.b.w.s.c.ServletWebServerApplicationContext - Root WebApplicationContext: initialization completed in 1488 ms
2026-04-28 12:30:09.532 [main] INFO  o.h.jpa.internal.util.LogHelper - HHH000204: Processing PersistenceUnitInfo [name: default]
2026-04-28 12:30:09.582 [main] INFO  org.hibernate.Version - HHH000412: Hibernate ORM core version 6.3.1.Final
2026-04-28 12:30:09.615 [main] INFO  o.h.c.i.RegionFactoryInitiator - HHH000026: Second-level cache disabled
2026-04-28 12:30:09.857 [main] INFO  o.s.o.j.p.SpringPersistenceUnitInfo - No LoadTimeWeaver setup: ignoring JPA class transformer
2026-04-28 12:30:09.880 [main] INFO  com.zaxxer.hikari.HikariDataSource - HikariPool-1 - Starting...
2026-04-28 12:30:10.035 [main] INFO  com.zaxxer.hikari.pool.HikariPool - HikariPool-1 - Added connection com.mysql.cj.jdbc.ConnectionImpl@1d7c9811
2026-04-28 12:30:10.037 [main] INFO  com.zaxxer.hikari.HikariDataSource - HikariPool-1 - Start completed.
2026-04-28 12:30:10.119 [main] WARN  org.hibernate.orm.deprecation - HHH90000025: MySQLDialect does not need to be specified explicitly using 'hibernate.dialect' (remove the property setting and it will be selected by default)
2026-04-28 12:30:11.152 [main] INFO  o.h.e.t.j.p.i.JtaPlatformInitiator - HHH000489: No JTA platform available (set 'hibernate.transaction.jta.platform' to enable JTA platform integration)
2026-04-28 12:30:11.263 [main] INFO  o.s.o.j.LocalContainerEntityManagerFactoryBean - Initialized JPA EntityManagerFactory for persistence unit 'default'
2026-04-28 12:30:11.710 [main] DEBUG c.h.h.config.JWTAuthFilter - Filter 'JWTAuthFilter' configured for use
2026-04-28 12:30:11.972 [main] INFO  o.s.d.j.r.query.QueryEnhancerFactory - Hibernate is in classpath; If applicable, HQL parser will be used.
2026-04-28 12:30:12.770 [main] WARN  o.s.b.a.o.j.JpaBaseConfiguration$JpaWebConfiguration - spring.jpa.open-in-view is enabled by default. Therefore, database queries may be performed during view rendering. Explicitly configure spring.jpa.open-in-view to disable this warning
2026-04-28 12:30:13.092 [main] INFO  o.s.s.web.DefaultSecurityFilterChain - Will secure any request with [org.springframework.security.web.session.DisableEncodeUrlFilter@36d5677, org.springframework.security.web.context.request.async.WebAsyncManagerIntegrationFilter@261d8a9c, org.springframework.security.web.context.SecurityContextHolderFilter@1b5860fb, org.springframework.security.web.header.HeaderWriterFilter@5c10216f, org.springframework.web.filter.CorsFilter@e43189c, org.springframework.security.web.authentication.logout.LogoutFilter@4b89b14a, com.hotel.hotel_backend.config.JWTAuthFilter@690e7b89, org.springframework.security.web.savedrequest.RequestCacheAwareFilter@4c89b58, org.springframework.security.web.servletapi.SecurityContextHolderAwareRequestFilter@472cf6af, org.springframework.security.web.authentication.AnonymousAuthenticationFilter@2fce55d6, org.springframework.security.web.session.SessionManagementFilter@6a4484e6, org.springframework.security.web.access.ExceptionTranslationFilter@5596f2bb, org.springframework.security.web.access.intercept.AuthorizationFilter@4e5d611f]
2026-04-28 12:30:13.479 [main] INFO  o.a.coyote.http11.Http11NioProtocol - Starting ProtocolHandler ["http-nio-8081"]
2026-04-28 12:30:13.523 [main] INFO  o.s.b.w.e.tomcat.TomcatWebServer - Tomcat started on port 8081 (http) with context path ''
2026-04-28 12:30:13.535 [main] INFO  c.h.h.HotelBackendApplication - Started HotelBackendApplication in 6.247 seconds (process running for 6.567)
2026-04-28 12:30:23.298 [http-nio-8081-exec-1] INFO  o.a.c.c.C.[Tomcat].[localhost].[/] - Initializing Spring DispatcherServlet 'dispatcherServlet'
2026-04-28 12:30:23.300 [http-nio-8081-exec-1] INFO  o.s.web.servlet.DispatcherServlet - Initializing Servlet 'dispatcherServlet'
2026-04-28 12:30:23.302 [http-nio-8081-exec-1] INFO  o.s.web.servlet.DispatcherServlet - Completed initialization in 2 ms
2026-04-28 12:30:23.374 [http-nio-8081-exec-7] WARN  o.s.w.s.h.HandlerMappingIntrospector - Cache miss for REQUEST dispatch to '/api/auth/login' (previous null). Performing MatchableHandlerMapping lookup. This is logged once only at WARN level, and every time at TRACE.
2026-04-28 12:30:23.688 [http-nio-8081-exec-7] INFO  c.h.h.controller.AuthController - POST /api/auth/login - email: krish@gmail.com
2026-04-28 12:30:23.689 [http-nio-8081-exec-7] INFO  c.h.h.service.UserService - Login attempt for email: krish@gmail.com
2026-04-28 12:30:23.887 [http-nio-8081-exec-7] DEBUG c.h.h.s.CustomUserDetailsService - Loading user by email: krish@gmail.com
2026-04-28 12:30:24.080 [http-nio-8081-exec-7] WARN  c.h.h.e.GlobalExceptionHandler - Bad credentials attempt
2026-04-28 12:31:25.049 [http-nio-8081-exec-5] INFO  c.h.h.controller.AuthController - POST /api/auth/register - email: 2k22ece005@kiot.ac.in
2026-04-28 12:31:25.051 [http-nio-8081-exec-5] INFO  c.h.h.service.UserService - Registering new user with email: 2k22ece005@kiot.ac.in
2026-04-28 12:31:25.302 [http-nio-8081-exec-5] INFO  c.h.h.service.UserService - User registered successfully with id: 9
2026-04-28 12:31:25.331 [http-nio-8081-exec-6] INFO  c.h.h.controller.AuthController - POST /api/auth/login - email: 2k22ece005@kiot.ac.in
2026-04-28 12:31:25.332 [http-nio-8081-exec-6] INFO  c.h.h.service.UserService - Login attempt for email: 2k22ece005@kiot.ac.in
2026-04-28 12:31:25.333 [http-nio-8081-exec-6] DEBUG c.h.h.s.CustomUserDetailsService - Loading user by email: 2k22ece005@kiot.ac.in
2026-04-28 12:31:25.689 [http-nio-8081-exec-6] INFO  c.h.h.service.UserService - User logged in successfully: 2k22ece005@kiot.ac.in
2026-04-28 12:31:25.813 [http-nio-8081-exec-8] DEBUG c.h.h.s.CustomUserDetailsService - Loading user by email: 2k22ece005@kiot.ac.in
2026-04-28 12:31:25.813 [http-nio-8081-exec-2] DEBUG c.h.h.s.CustomUserDetailsService - Loading user by email: 2k22ece005@kiot.ac.in
2026-04-28 12:31:25.828 [http-nio-8081-exec-2] DEBUG c.h.h.config.JWTAuthFilter - Authenticated user: 2k22ece005@kiot.ac.in for URI: /api/hotels
2026-04-28 12:31:25.828 [http-nio-8081-exec-8] DEBUG c.h.h.config.JWTAuthFilter - Authenticated user: 2k22ece005@kiot.ac.in for URI: /api/hotels/locations
2026-04-28 12:31:25.836 [http-nio-8081-exec-2] INFO  c.h.h.controller.HotelController - GET /api/hotels
2026-04-28 12:31:25.869 [http-nio-8081-exec-8] DEBUG c.h.h.s.CustomUserDetailsService - Loading user by email: 2k22ece005@kiot.ac.in
2026-04-28 12:31:25.884 [http-nio-8081-exec-8] DEBUG c.h.h.config.JWTAuthFilter - Authenticated user: 2k22ece005@kiot.ac.in for URI: /api/hotels/locations
2026-04-28 12:31:25.928 [http-nio-8081-exec-2] INFO  c.h.h.service.HotelService - Fetched 50 hotels
2026-04-28 12:31:25.954 [http-nio-8081-exec-9] DEBUG c.h.h.s.CustomUserDetailsService - Loading user by email: 2k22ece005@kiot.ac.in
2026-04-28 12:31:25.965 [http-nio-8081-exec-9] DEBUG c.h.h.config.JWTAuthFilter - Authenticated user: 2k22ece005@kiot.ac.in for URI: /api/hotels
2026-04-28 12:31:25.967 [http-nio-8081-exec-9] INFO  c.h.h.controller.HotelController - GET /api/hotels
2026-04-28 12:31:25.999 [http-nio-8081-exec-9] INFO  c.h.h.service.HotelService - Fetched 50 hotels
2026-04-28 12:31:31.502 [task-1] INFO  c.h.h.service.EmailService - Registration confirmation email sent to: 2k22ece005@kiot.ac.in
2026-04-28 12:31:36.768 [http-nio-8081-exec-1] DEBUG c.h.h.s.CustomUserDetailsService - Loading user by email: 2k22ece005@kiot.ac.in
2026-04-28 12:31:36.778 [http-nio-8081-exec-1] DEBUG c.h.h.config.JWTAuthFilter - Authenticated user: 2k22ece005@kiot.ac.in for URI: /api/rooms/search
2026-04-28 12:31:36.798 [http-nio-8081-exec-1] INFO  c.h.h.controller.HotelController - GET /api/rooms/search?location=Erode&checkIn=2026-04-28&checkOut=2026-04-29
2026-04-28 12:31:36.866 [http-nio-8081-exec-1] INFO  c.h.h.service.HotelService - Found 25 available rooms in Erode from 2026-04-28 to 2026-04-29
2026-04-28 12:31:39.789 [http-nio-8081-exec-4] DEBUG c.h.h.s.CustomUserDetailsService - Loading user by email: 2k22ece005@kiot.ac.in
2026-04-28 12:31:39.801 [http-nio-8081-exec-4] DEBUG c.h.h.config.JWTAuthFilter - Authenticated user: 2k22ece005@kiot.ac.in for URI: /api/hotels/8
2026-04-28 12:31:39.806 [http-nio-8081-exec-4] INFO  c.h.h.controller.HotelController - GET /api/hotels/8
2026-04-28 12:31:39.850 [http-nio-8081-exec-5] DEBUG c.h.h.s.CustomUserDetailsService - Loading user by email: 2k22ece005@kiot.ac.in
2026-04-28 12:31:39.859 [http-nio-8081-exec-5] DEBUG c.h.h.config.JWTAuthFilter - Authenticated user: 2k22ece005@kiot.ac.in for URI: /api/hotels/8
2026-04-28 12:31:39.863 [http-nio-8081-exec-5] INFO  c.h.h.controller.HotelController - GET /api/hotels/8
2026-04-28 12:31:44.981 [http-nio-8081-exec-6] DEBUG c.h.h.s.CustomUserDetailsService - Loading user by email: 2k22ece005@kiot.ac.in
2026-04-28 12:31:45.010 [http-nio-8081-exec-6] DEBUG c.h.h.config.JWTAuthFilter - Authenticated user: 2k22ece005@kiot.ac.in for URI: /api/bookings
2026-04-28 12:31:45.115 [http-nio-8081-exec-6] INFO  c.h.h.controller.BookingController - POST /api/bookings - user: 9
2026-04-28 12:31:45.115 [http-nio-8081-exec-6] INFO  c.h.h.service.BookingService - Creating booking for user 9 room 16
2026-04-28 12:31:45.166 [http-nio-8081-exec-6] INFO  c.h.h.service.BookingService - Booking created in PENDING_PAYMENT: 22 for user: 9
2026-04-28 12:31:45.192 [http-nio-8081-exec-9] DEBUG c.h.h.s.CustomUserDetailsService - Loading user by email: 2k22ece005@kiot.ac.in
2026-04-28 12:31:45.205 [http-nio-8081-exec-9] DEBUG c.h.h.config.JWTAuthFilter - Authenticated user: 2k22ece005@kiot.ac.in for URI: /api/bookings/22
2026-04-28 12:31:45.233 [http-nio-8081-exec-3] DEBUG c.h.h.s.CustomUserDetailsService - Loading user by email: 2k22ece005@kiot.ac.in
2026-04-28 12:31:45.239 [http-nio-8081-exec-10] DEBUG c.h.h.s.CustomUserDetailsService - Loading user by email: 2k22ece005@kiot.ac.in
2026-04-28 12:31:45.244 [http-nio-8081-exec-3] DEBUG c.h.h.config.JWTAuthFilter - Authenticated user: 2k22ece005@kiot.ac.in for URI: /api/bookings/22
2026-04-28 12:31:45.250 [http-nio-8081-exec-10] DEBUG c.h.h.config.JWTAuthFilter - Authenticated user: 2k22ece005@kiot.ac.in for URI: /api/payments/create-intent/22
2026-04-28 12:31:45.258 [http-nio-8081-exec-10] INFO  c.h.h.controller.PaymentController - POST /api/payments/create-intent/22
2026-04-28 12:31:45.273 [http-nio-8081-exec-7] DEBUG c.h.h.s.CustomUserDetailsService - Loading user by email: 2k22ece005@kiot.ac.in
2026-04-28 12:31:45.281 [http-nio-8081-exec-7] DEBUG c.h.h.config.JWTAuthFilter - Authenticated user: 2k22ece005@kiot.ac.in for URI: /api/payments/create-intent/22
2026-04-28 12:31:45.287 [http-nio-8081-exec-7] INFO  c.h.h.controller.PaymentController - POST /api/payments/create-intent/22
2026-04-28 12:31:46.512 [http-nio-8081-exec-7] INFO  c.h.h.service.PaymentService - Payment Intent created: pi_3TR5eQK0bJhHVc9b02KBNlb4 for booking ID: 22
2026-04-28 12:31:46.547 [http-nio-8081-exec-10] INFO  c.h.h.service.PaymentService - Payment Intent created: pi_3TR5eRK0bJhHVc9b1Ojux6k8 for booking ID: 22
2026-04-28 12:31:49.821 [task-2] INFO  c.h.h.service.EmailService - Booking confirmation email sent to: 2k22ece005@kiot.ac.in for booking: 22
2026-04-28 12:35:58.218 [SpringApplicationShutdownHook] INFO  o.s.o.j.LocalContainerEntityManagerFactoryBean - Closing JPA EntityManagerFactory for persistence unit 'default'
2026-04-28 12:35:58.224 [SpringApplicationShutdownHook] INFO  com.zaxxer.hikari.HikariDataSource - HikariPool-1 - Shutdown initiated...
2026-04-28 12:35:58.235 [SpringApplicationShutdownHook] INFO  com.zaxxer.hikari.HikariDataSource - HikariPool-1 - Shutdown completed.
2026-04-28 12:36:05.844 [background-preinit] INFO  o.h.validator.internal.util.Version - HV000001: Hibernate Validator 8.0.1.Final
2026-04-28 12:36:05.906 [main] INFO  c.h.h.HotelBackendApplication - Starting HotelBackendApplication using Java 21.0.10 with PID 26604 (D:\Hackathon\HotelBooking\hotel-backend\target\classes started by girid in D:\Hackathon\HotelBooking\hotel-backend)
2026-04-28 12:36:05.907 [main] DEBUG c.h.h.HotelBackendApplication - Running with Spring Boot v3.2.0, Spring v6.1.1
2026-04-28 12:36:05.908 [main] INFO  c.h.h.HotelBackendApplication - No active profile set, falling back to 1 default profile: "default"
2026-04-28 12:36:06.712 [main] INFO  o.s.d.r.c.RepositoryConfigurationDelegate - Bootstrapping Spring Data JPA repositories in DEFAULT mode.
2026-04-28 12:36:06.794 [main] INFO  o.s.d.r.c.RepositoryConfigurationDelegate - Finished Spring Data repository scanning in 74 ms. Found 5 JPA repository interfaces.
2026-04-28 12:36:07.538 [main] INFO  o.s.b.w.e.tomcat.TomcatWebServer - Tomcat initialized with port 8081 (http)
2026-04-28 12:36:07.551 [main] INFO  o.a.coyote.http11.Http11NioProtocol - Initializing ProtocolHandler ["http-nio-8081"]
2026-04-28 12:36:07.556 [main] INFO  o.a.catalina.core.StandardService - Starting service [Tomcat]
2026-04-28 12:36:07.600 [main] INFO  o.a.catalina.core.StandardEngine - Starting Servlet engine: [Apache Tomcat/10.1.16]
2026-04-28 12:36:07.690 [main] INFO  o.a.c.c.C.[Tomcat].[localhost].[/] - Initializing Spring embedded WebApplicationContext
2026-04-28 12:36:07.690 [main] INFO  o.s.b.w.s.c.ServletWebServerApplicationContext - Root WebApplicationContext: initialization completed in 1726 ms
2026-04-28 12:36:07.844 [main] INFO  o.h.jpa.internal.util.LogHelper - HHH000204: Processing PersistenceUnitInfo [name: default]
2026-04-28 12:36:07.973 [main] INFO  org.hibernate.Version - HHH000412: Hibernate ORM core version 6.3.1.Final
2026-04-28 12:36:08.046 [main] INFO  o.h.c.i.RegionFactoryInitiator - HHH000026: Second-level cache disabled
2026-04-28 12:36:08.388 [main] INFO  o.s.o.j.p.SpringPersistenceUnitInfo - No LoadTimeWeaver setup: ignoring JPA class transformer
2026-04-28 12:36:08.430 [main] INFO  com.zaxxer.hikari.HikariDataSource - HikariPool-1 - Starting...
2026-04-28 12:36:08.730 [main] INFO  com.zaxxer.hikari.pool.HikariPool - HikariPool-1 - Added connection com.mysql.cj.jdbc.ConnectionImpl@27261190
2026-04-28 12:36:08.733 [main] INFO  com.zaxxer.hikari.HikariDataSource - HikariPool-1 - Start completed.
2026-04-28 12:36:08.836 [main] WARN  org.hibernate.orm.deprecation - HHH90000025: MySQLDialect does not need to be specified explicitly using 'hibernate.dialect' (remove the property setting and it will be selected by default)
2026-04-28 12:36:10.025 [main] INFO  o.h.e.t.j.p.i.JtaPlatformInitiator - HHH000489: No JTA platform available (set 'hibernate.transaction.jta.platform' to enable JTA platform integration)
2026-04-28 12:36:10.159 [main] INFO  o.s.o.j.LocalContainerEntityManagerFactoryBean - Initialized JPA EntityManagerFactory for persistence unit 'default'
2026-04-28 12:36:10.544 [main] DEBUG c.h.h.config.JWTAuthFilter - Filter 'JWTAuthFilter' configured for use
2026-04-28 12:36:10.806 [main] INFO  o.s.d.j.r.query.QueryEnhancerFactory - Hibernate is in classpath; If applicable, HQL parser will be used.
2026-04-28 12:36:11.462 [main] WARN  o.s.b.a.o.j.JpaBaseConfiguration$JpaWebConfiguration - spring.jpa.open-in-view is enabled by default. Therefore, database queries may be performed during view rendering. Explicitly configure spring.jpa.open-in-view to disable this warning
2026-04-28 12:36:11.851 [main] INFO  o.s.s.web.DefaultSecurityFilterChain - Will secure any request with [org.springframework.security.web.session.DisableEncodeUrlFilter@8814bb5, org.springframework.security.web.context.request.async.WebAsyncManagerIntegrationFilter@1b2234a5, org.springframework.security.web.context.SecurityContextHolderFilter@308034aa, org.springframework.security.web.header.HeaderWriterFilter@fe32f34, org.springframework.web.filter.CorsFilter@7a5bccb8, org.springframework.security.web.authentication.logout.LogoutFilter@70e3f664, com.hotel.hotel_backend.config.JWTAuthFilter@263f6e96, org.springframework.security.web.savedrequest.RequestCacheAwareFilter@4fcbb165, org.springframework.security.web.servletapi.SecurityContextHolderAwareRequestFilter@6317f6d, org.springframework.security.web.authentication.AnonymousAuthenticationFilter@43da05ee, org.springframework.security.web.session.SessionManagementFilter@5c10216f, org.springframework.security.web.access.ExceptionTranslationFilter@34a82874, org.springframework.security.web.access.intercept.AuthorizationFilter@22c62ede]
2026-04-28 12:36:12.120 [main] INFO  o.a.coyote.http11.Http11NioProtocol - Starting ProtocolHandler ["http-nio-8081"]
2026-04-28 12:36:12.153 [main] INFO  o.s.b.w.e.tomcat.TomcatWebServer - Tomcat started on port 8081 (http) with context path ''
2026-04-28 12:36:12.160 [main] INFO  c.h.h.HotelBackendApplication - Started HotelBackendApplication in 7.037 seconds (process running for 7.396)
2026-04-28 12:36:19.602 [http-nio-8081-exec-1] INFO  o.a.c.c.C.[Tomcat].[localhost].[/] - Initializing Spring DispatcherServlet 'dispatcherServlet'
2026-04-28 12:36:19.602 [http-nio-8081-exec-1] INFO  o.s.web.servlet.DispatcherServlet - Initializing Servlet 'dispatcherServlet'
2026-04-28 12:36:19.605 [http-nio-8081-exec-1] INFO  o.s.web.servlet.DispatcherServlet - Completed initialization in 3 ms
2026-04-28 12:36:19.874 [http-nio-8081-exec-1] DEBUG c.h.h.s.CustomUserDetailsService - Loading user by email: 2k22ece005@kiot.ac.in
2026-04-28 12:36:19.892 [http-nio-8081-exec-1] DEBUG c.h.h.config.JWTAuthFilter - Authenticated user: 2k22ece005@kiot.ac.in for URI: /api/hotels/8
2026-04-28 12:36:19.897 [http-nio-8081-exec-1] WARN  o.s.w.s.h.HandlerMappingIntrospector - Cache miss for REQUEST dispatch to '/api/hotels/8' (previous null). Performing MatchableHandlerMapping lookup. This is logged once only at WARN level, and every time at TRACE.
2026-04-28 12:36:19.960 [http-nio-8081-exec-1] INFO  c.h.h.controller.HotelController - GET /api/hotels/8
2026-04-28 12:36:20.155 [http-nio-8081-exec-3] DEBUG c.h.h.s.CustomUserDetailsService - Loading user by email: 2k22ece005@kiot.ac.in
2026-04-28 12:36:20.162 [http-nio-8081-exec-3] DEBUG c.h.h.config.JWTAuthFilter - Authenticated user: 2k22ece005@kiot.ac.in for URI: /api/hotels/8
2026-04-28 12:36:20.167 [http-nio-8081-exec-3] INFO  c.h.h.controller.HotelController - GET /api/hotels/8
2026-04-28 12:36:22.604 [http-nio-8081-exec-6] DEBUG c.h.h.s.CustomUserDetailsService - Loading user by email: 2k22ece005@kiot.ac.in
2026-04-28 12:36:22.618 [http-nio-8081-exec-6] DEBUG c.h.h.config.JWTAuthFilter - Authenticated user: 2k22ece005@kiot.ac.in for URI: /api/bookings
2026-04-28 12:36:22.738 [http-nio-8081-exec-6] INFO  c.h.h.controller.BookingController - POST /api/bookings - user: 9
2026-04-28 12:36:22.738 [http-nio-8081-exec-6] INFO  c.h.h.service.BookingService - Creating booking for user 9 room 16
2026-04-28 12:36:22.794 [http-nio-8081-exec-6] WARN  c.h.h.e.GlobalExceptionHandler - Business exception: Room is already booked for the selected dates
2026-04-28 12:36:30.200 [http-nio-8081-exec-2] DEBUG c.h.h.s.CustomUserDetailsService - Loading user by email: 2k22ece005@kiot.ac.in
2026-04-28 12:36:30.212 [http-nio-8081-exec-2] DEBUG c.h.h.config.JWTAuthFilter - Authenticated user: 2k22ece005@kiot.ac.in for URI: /api/bookings
2026-04-28 12:36:30.218 [http-nio-8081-exec-2] INFO  c.h.h.controller.BookingController - POST /api/bookings - user: 9
2026-04-28 12:36:30.219 [http-nio-8081-exec-2] INFO  c.h.h.service.BookingService - Creating booking for user 9 room 17
2026-04-28 12:36:30.301 [http-nio-8081-exec-2] INFO  c.h.h.service.BookingService - Booking created in PENDING_PAYMENT: 23 for user: 9
2026-04-28 12:36:30.334 [http-nio-8081-exec-7] DEBUG c.h.h.s.CustomUserDetailsService - Loading user by email: 2k22ece005@kiot.ac.in
2026-04-28 12:36:30.348 [http-nio-8081-exec-7] DEBUG c.h.h.config.JWTAuthFilter - Authenticated user: 2k22ece005@kiot.ac.in for URI: /api/bookings/23
2026-04-28 12:36:30.382 [http-nio-8081-exec-8] DEBUG c.h.h.s.CustomUserDetailsService - Loading user by email: 2k22ece005@kiot.ac.in
2026-04-28 12:36:30.389 [http-nio-8081-exec-10] DEBUG c.h.h.s.CustomUserDetailsService - Loading user by email: 2k22ece005@kiot.ac.in
2026-04-28 12:36:30.395 [http-nio-8081-exec-8] DEBUG c.h.h.config.JWTAuthFilter - Authenticated user: 2k22ece005@kiot.ac.in for URI: /api/bookings/23
2026-04-28 12:36:30.399 [http-nio-8081-exec-10] DEBUG c.h.h.config.JWTAuthFilter - Authenticated user: 2k22ece005@kiot.ac.in for URI: /api/payments/create-intent/23
2026-04-28 12:36:30.408 [http-nio-8081-exec-10] INFO  c.h.h.controller.PaymentController - POST /api/payments/create-intent/23
2026-04-28 12:36:30.424 [http-nio-8081-exec-1] DEBUG c.h.h.s.CustomUserDetailsService - Loading user by email: 2k22ece005@kiot.ac.in
2026-04-28 12:36:30.435 [http-nio-8081-exec-1] DEBUG c.h.h.config.JWTAuthFilter - Authenticated user: 2k22ece005@kiot.ac.in for URI: /api/payments/create-intent/23
2026-04-28 12:36:30.439 [http-nio-8081-exec-1] INFO  c.h.h.controller.PaymentController - POST /api/payments/create-intent/23
2026-04-28 12:36:32.270 [http-nio-8081-exec-1] INFO  c.h.h.service.PaymentService - Payment Intent created: pi_3TR5j2K0bJhHVc9b0Xmbp8rZ for booking ID: 23
2026-04-28 12:36:32.270 [http-nio-8081-exec-10] INFO  c.h.h.service.PaymentService - Payment Intent created: pi_3TR5j2K0bJhHVc9b1Gn6NtLI for booking ID: 23
2026-04-28 12:36:34.968 [task-1] INFO  c.h.h.service.EmailService - Booking confirmation email sent to: 2k22ece005@kiot.ac.in for booking: 23
2026-04-28 12:37:47.951 [http-nio-8081-exec-2] DEBUG c.h.h.s.CustomUserDetailsService - Loading user by email: 2k22ece005@kiot.ac.in
2026-04-28 12:37:47.959 [http-nio-8081-exec-2] DEBUG c.h.h.config.JWTAuthFilter - Authenticated user: 2k22ece005@kiot.ac.in for URI: /api/bookings/23
2026-04-28 12:37:47.980 [http-nio-8081-exec-5] DEBUG c.h.h.s.CustomUserDetailsService - Loading user by email: 2k22ece005@kiot.ac.in
2026-04-28 12:37:47.987 [http-nio-8081-exec-5] DEBUG c.h.h.config.JWTAuthFilter - Authenticated user: 2k22ece005@kiot.ac.in for URI: /api/payments/create-intent/23
2026-04-28 12:37:47.989 [http-nio-8081-exec-5] INFO  c.h.h.controller.PaymentController - POST /api/payments/create-intent/23
2026-04-28 12:37:49.252 [http-nio-8081-exec-5] INFO  c.h.h.service.PaymentService - Payment Intent created: pi_3TR5kHK0bJhHVc9b15AfLLya for booking ID: 23
2026-04-28 12:38:06.520 [http-nio-8081-exec-4] DEBUG c.h.h.s.CustomUserDetailsService - Loading user by email: 2k22ece005@kiot.ac.in
2026-04-28 12:38:06.530 [http-nio-8081-exec-4] DEBUG c.h.h.config.JWTAuthFilter - Authenticated user: 2k22ece005@kiot.ac.in for URI: /api/bookings/23
2026-04-28 12:38:06.555 [http-nio-8081-exec-7] DEBUG c.h.h.s.CustomUserDetailsService - Loading user by email: 2k22ece005@kiot.ac.in
2026-04-28 12:38:06.556 [http-nio-8081-exec-9] DEBUG c.h.h.s.CustomUserDetailsService - Loading user by email: 2k22ece005@kiot.ac.in
2026-04-28 12:38:06.563 [http-nio-8081-exec-7] DEBUG c.h.h.config.JWTAuthFilter - Authenticated user: 2k22ece005@kiot.ac.in for URI: /api/bookings/23
2026-04-28 12:38:06.567 [http-nio-8081-exec-9] DEBUG c.h.h.config.JWTAuthFilter - Authenticated user: 2k22ece005@kiot.ac.in for URI: /api/payments/create-intent/23
2026-04-28 12:38:06.572 [http-nio-8081-exec-9] INFO  c.h.h.controller.PaymentController - POST /api/payments/create-intent/23
2026-04-28 12:38:06.610 [http-nio-8081-exec-8] DEBUG c.h.h.s.CustomUserDetailsService - Loading user by email: 2k22ece005@kiot.ac.in
2026-04-28 12:38:06.619 [http-nio-8081-exec-8] DEBUG c.h.h.config.JWTAuthFilter - Authenticated user: 2k22ece005@kiot.ac.in for URI: /api/payments/create-intent/23
2026-04-28 12:38:06.623 [http-nio-8081-exec-8] INFO  c.h.h.controller.PaymentController - POST /api/payments/create-intent/23
2026-04-28 12:38:07.085 [http-nio-8081-exec-9] INFO  c.h.h.service.PaymentService - Payment Intent created: pi_3TR5kZK0bJhHVc9b1bEBaAle for booking ID: 23
2026-04-28 12:38:07.151 [http-nio-8081-exec-8] INFO  c.h.h.service.PaymentService - Payment Intent created: pi_3TR5kZK0bJhHVc9b010TqPgO for booking ID: 23
2026-04-28 12:38:10.083 [http-nio-8081-exec-10] DEBUG c.h.h.s.CustomUserDetailsService - Loading user by email: 2k22ece005@kiot.ac.in
2026-04-28 12:38:10.099 [http-nio-8081-exec-10] DEBUG c.h.h.config.JWTAuthFilter - Authenticated user: 2k22ece005@kiot.ac.in for URI: /api/bookings/23
2026-04-28 12:38:10.140 [http-nio-8081-exec-1] DEBUG c.h.h.s.CustomUserDetailsService - Loading user by email: 2k22ece005@kiot.ac.in
2026-04-28 12:38:10.149 [http-nio-8081-exec-1] DEBUG c.h.h.config.JWTAuthFilter - Authenticated user: 2k22ece005@kiot.ac.in for URI: /api/payments/create-intent/23
2026-04-28 12:38:10.152 [http-nio-8081-exec-1] INFO  c.h.h.controller.PaymentController - POST /api/payments/create-intent/23
2026-04-28 12:38:10.588 [http-nio-8081-exec-1] INFO  c.h.h.service.PaymentService - Payment Intent created: pi_3TR5kdK0bJhHVc9b19KqCNTs for booking ID: 23
2026-04-28 12:40:43.963 [http-nio-8081-exec-2] DEBUG c.h.h.s.CustomUserDetailsService - Loading user by email: 2k22ece005@kiot.ac.in
2026-04-28 12:40:43.968 [http-nio-8081-exec-2] DEBUG c.h.h.config.JWTAuthFilter - Authenticated user: 2k22ece005@kiot.ac.in for URI: /api/bookings/23
2026-04-28 12:40:44.013 [http-nio-8081-exec-5] DEBUG c.h.h.s.CustomUserDetailsService - Loading user by email: 2k22ece005@kiot.ac.in
2026-04-28 12:40:44.022 [http-nio-8081-exec-5] DEBUG c.h.h.config.JWTAuthFilter - Authenticated user: 2k22ece005@kiot.ac.in for URI: /api/payments/create-intent/23
2026-04-28 12:40:44.025 [http-nio-8081-exec-5] INFO  c.h.h.controller.PaymentController - POST /api/payments/create-intent/23
2026-04-28 12:40:44.785 [http-nio-8081-exec-5] INFO  c.h.h.service.PaymentService - Payment Intent created: pi_3TR5n7K0bJhHVc9b0guuXiLd for booking ID: 23
2026-04-28 12:41:47.889 [SpringApplicationShutdownHook] INFO  o.s.o.j.LocalContainerEntityManagerFactoryBean - Closing JPA EntityManagerFactory for persistence unit 'default'
2026-04-28 12:41:47.891 [SpringApplicationShutdownHook] INFO  com.zaxxer.hikari.HikariDataSource - HikariPool-1 - Shutdown initiated...
2026-04-28 12:41:47.900 [SpringApplicationShutdownHook] INFO  com.zaxxer.hikari.HikariDataSource - HikariPool-1 - Shutdown completed.
2026-04-28 12:41:54.791 [background-preinit] INFO  o.h.validator.internal.util.Version - HV000001: Hibernate Validator 8.0.1.Final
2026-04-28 12:41:54.833 [main] INFO  c.h.h.HotelBackendApplication - Starting HotelBackendApplication using Java 21.0.10 with PID 32712 (D:\Hackathon\HotelBooking\hotel-backend\target\classes started by girid in D:\Hackathon\HotelBooking\hotel-backend)
2026-04-28 12:41:54.835 [main] DEBUG c.h.h.HotelBackendApplication - Running with Spring Boot v3.2.0, Spring v6.1.1
2026-04-28 12:41:54.837 [main] INFO  c.h.h.HotelBackendApplication - No active profile set, falling back to 1 default profile: "default"
2026-04-28 12:41:55.528 [main] INFO  o.s.d.r.c.RepositoryConfigurationDelegate - Bootstrapping Spring Data JPA repositories in DEFAULT mode.
2026-04-28 12:41:55.593 [main] INFO  o.s.d.r.c.RepositoryConfigurationDelegate - Finished Spring Data repository scanning in 59 ms. Found 5 JPA repository interfaces.
2026-04-28 12:41:56.145 [main] INFO  o.s.b.w.e.tomcat.TomcatWebServer - Tomcat initialized with port 8081 (http)
2026-04-28 12:41:56.156 [main] INFO  o.a.coyote.http11.Http11NioProtocol - Initializing ProtocolHandler ["http-nio-8081"]
2026-04-28 12:41:56.159 [main] INFO  o.a.catalina.core.StandardService - Starting service [Tomcat]
2026-04-28 12:41:56.160 [main] INFO  o.a.catalina.core.StandardEngine - Starting Servlet engine: [Apache Tomcat/10.1.16]
2026-04-28 12:41:56.218 [main] INFO  o.a.c.c.C.[Tomcat].[localhost].[/] - Initializing Spring embedded WebApplicationContext
2026-04-28 12:41:56.220 [main] INFO  o.s.b.w.s.c.ServletWebServerApplicationContext - Root WebApplicationContext: initialization completed in 1331 ms
2026-04-28 12:41:56.351 [main] INFO  o.h.jpa.internal.util.LogHelper - HHH000204: Processing PersistenceUnitInfo [name: default]
2026-04-28 12:41:56.396 [main] INFO  org.hibernate.Version - HHH000412: Hibernate ORM core version 6.3.1.Final
2026-04-28 12:41:56.472 [main] INFO  o.h.c.i.RegionFactoryInitiator - HHH000026: Second-level cache disabled
2026-04-28 12:41:56.673 [main] INFO  o.s.o.j.p.SpringPersistenceUnitInfo - No LoadTimeWeaver setup: ignoring JPA class transformer
2026-04-28 12:41:56.705 [main] INFO  com.zaxxer.hikari.HikariDataSource - HikariPool-1 - Starting...
2026-04-28 12:41:56.889 [main] INFO  com.zaxxer.hikari.pool.HikariPool - HikariPool-1 - Added connection com.mysql.cj.jdbc.ConnectionImpl@1d7c9811
2026-04-28 12:41:56.892 [main] INFO  com.zaxxer.hikari.HikariDataSource - HikariPool-1 - Start completed.
2026-04-28 12:41:56.947 [main] WARN  org.hibernate.orm.deprecation - HHH90000025: MySQLDialect does not need to be specified explicitly using 'hibernate.dialect' (remove the property setting and it will be selected by default)
2026-04-28 12:41:57.928 [main] INFO  o.h.e.t.j.p.i.JtaPlatformInitiator - HHH000489: No JTA platform available (set 'hibernate.transaction.jta.platform' to enable JTA platform integration)
2026-04-28 12:41:58.059 [main] INFO  o.s.o.j.LocalContainerEntityManagerFactoryBean - Initialized JPA EntityManagerFactory for persistence unit 'default'
2026-04-28 12:41:58.458 [main] DEBUG c.h.h.config.JWTAuthFilter - Filter 'JWTAuthFilter' configured for use
2026-04-28 12:41:58.735 [main] INFO  o.s.d.j.r.query.QueryEnhancerFactory - Hibernate is in classpath; If applicable, HQL parser will be used.
2026-04-28 12:41:59.449 [main] WARN  o.s.b.a.o.j.JpaBaseConfiguration$JpaWebConfiguration - spring.jpa.open-in-view is enabled by default. Therefore, database queries may be performed during view rendering. Explicitly configure spring.jpa.open-in-view to disable this warning
2026-04-28 12:41:59.775 [main] INFO  o.s.s.web.DefaultSecurityFilterChain - Will secure any request with [org.springframework.security.web.session.DisableEncodeUrlFilter@36d5677, org.springframework.security.web.context.request.async.WebAsyncManagerIntegrationFilter@261d8a9c, org.springframework.security.web.context.SecurityContextHolderFilter@1b5860fb, org.springframework.security.web.header.HeaderWriterFilter@5c10216f, org.springframework.web.filter.CorsFilter@e43189c, org.springframework.security.web.authentication.logout.LogoutFilter@4b89b14a, com.hotel.hotel_backend.config.JWTAuthFilter@690e7b89, org.springframework.security.web.savedrequest.RequestCacheAwareFilter@4c89b58, org.springframework.security.web.servletapi.SecurityContextHolderAwareRequestFilter@472cf6af, org.springframework.security.web.authentication.AnonymousAuthenticationFilter@2fce55d6, org.springframework.security.web.session.SessionManagementFilter@6a4484e6, org.springframework.security.web.access.ExceptionTranslationFilter@5596f2bb, org.springframework.security.web.access.intercept.AuthorizationFilter@4e5d611f]
2026-04-28 12:42:00.023 [main] INFO  o.a.coyote.http11.Http11NioProtocol - Starting ProtocolHandler ["http-nio-8081"]
2026-04-28 12:42:00.038 [main] INFO  o.s.b.w.e.tomcat.TomcatWebServer - Tomcat started on port 8081 (http) with context path ''
2026-04-28 12:42:00.046 [main] INFO  c.h.h.HotelBackendApplication - Started HotelBackendApplication in 5.736 seconds (process running for 6.071)
2026-04-28 12:42:08.132 [http-nio-8081-exec-1] INFO  o.a.c.c.C.[Tomcat].[localhost].[/] - Initializing Spring DispatcherServlet 'dispatcherServlet'
2026-04-28 12:42:08.133 [http-nio-8081-exec-1] INFO  o.s.web.servlet.DispatcherServlet - Initializing Servlet 'dispatcherServlet'
2026-04-28 12:42:08.137 [http-nio-8081-exec-1] INFO  o.s.web.servlet.DispatcherServlet - Completed initialization in 2 ms
2026-04-28 12:42:08.421 [http-nio-8081-exec-1] DEBUG c.h.h.s.CustomUserDetailsService - Loading user by email: 2k22ece005@kiot.ac.in
2026-04-28 12:42:08.436 [http-nio-8081-exec-1] DEBUG c.h.h.config.JWTAuthFilter - Authenticated user: 2k22ece005@kiot.ac.in for URI: /api/hotels/8
2026-04-28 12:42:08.442 [http-nio-8081-exec-1] WARN  o.s.w.s.h.HandlerMappingIntrospector - Cache miss for REQUEST dispatch to '/api/hotels/8' (previous null). Performing MatchableHandlerMapping lookup. This is logged once only at WARN level, and every time at TRACE.
2026-04-28 12:42:08.507 [http-nio-8081-exec-1] INFO  c.h.h.controller.HotelController - GET /api/hotels/8
2026-04-28 12:42:08.699 [http-nio-8081-exec-3] DEBUG c.h.h.s.CustomUserDetailsService - Loading user by email: 2k22ece005@kiot.ac.in
2026-04-28 12:42:08.710 [http-nio-8081-exec-3] DEBUG c.h.h.config.JWTAuthFilter - Authenticated user: 2k22ece005@kiot.ac.in for URI: /api/hotels/8
2026-04-28 12:42:08.713 [http-nio-8081-exec-3] INFO  c.h.h.controller.HotelController - GET /api/hotels/8
2026-04-28 12:42:11.024 [http-nio-8081-exec-2] DEBUG c.h.h.s.CustomUserDetailsService - Loading user by email: 2k22ece005@kiot.ac.in
2026-04-28 12:42:11.035 [http-nio-8081-exec-2] DEBUG c.h.h.config.JWTAuthFilter - Authenticated user: 2k22ece005@kiot.ac.in for URI: /api/bookings
2026-04-28 12:42:11.154 [http-nio-8081-exec-2] INFO  c.h.h.controller.BookingController - POST /api/bookings - user: 9
2026-04-28 12:42:11.155 [http-nio-8081-exec-2] INFO  c.h.h.service.BookingService - Creating booking for user 9 room 16
2026-04-28 12:42:11.210 [http-nio-8081-exec-2] WARN  c.h.h.e.GlobalExceptionHandler - Business exception: Room is already booked for the selected dates
2026-04-28 12:42:15.402 [http-nio-8081-exec-5] DEBUG c.h.h.s.CustomUserDetailsService - Loading user by email: 2k22ece005@kiot.ac.in
2026-04-28 12:42:15.402 [http-nio-8081-exec-4] DEBUG c.h.h.s.CustomUserDetailsService - Loading user by email: 2k22ece005@kiot.ac.in
2026-04-28 12:42:15.413 [http-nio-8081-exec-5] DEBUG c.h.h.config.JWTAuthFilter - Authenticated user: 2k22ece005@kiot.ac.in for URI: /api/hotels/locations
2026-04-28 12:42:15.415 [http-nio-8081-exec-4] DEBUG c.h.h.config.JWTAuthFilter - Authenticated user: 2k22ece005@kiot.ac.in for URI: /api/hotels
2026-04-28 12:42:15.417 [http-nio-8081-exec-4] INFO  c.h.h.controller.HotelController - GET /api/hotels
2026-04-28 12:42:15.437 [http-nio-8081-exec-6] DEBUG c.h.h.s.CustomUserDetailsService - Loading user by email: 2k22ece005@kiot.ac.in
2026-04-28 12:42:15.451 [http-nio-8081-exec-6] DEBUG c.h.h.config.JWTAuthFilter - Authenticated user: 2k22ece005@kiot.ac.in for URI: /api/hotels/locations
2026-04-28 12:42:15.457 [http-nio-8081-exec-4] INFO  c.h.h.service.HotelService - Fetched 50 hotels
2026-04-28 12:42:15.472 [http-nio-8081-exec-7] DEBUG c.h.h.s.CustomUserDetailsService - Loading user by email: 2k22ece005@kiot.ac.in
2026-04-28 12:42:15.483 [http-nio-8081-exec-7] DEBUG c.h.h.config.JWTAuthFilter - Authenticated user: 2k22ece005@kiot.ac.in for URI: /api/hotels
2026-04-28 12:42:15.486 [http-nio-8081-exec-7] INFO  c.h.h.controller.HotelController - GET /api/hotels
2026-04-28 12:42:15.516 [http-nio-8081-exec-7] INFO  c.h.h.service.HotelService - Fetched 50 hotels
2026-04-28 12:42:19.948 [http-nio-8081-exec-9] DEBUG c.h.h.s.CustomUserDetailsService - Loading user by email: 2k22ece005@kiot.ac.in
2026-04-28 12:42:19.956 [http-nio-8081-exec-9] DEBUG c.h.h.config.JWTAuthFilter - Authenticated user: 2k22ece005@kiot.ac.in for URI: /api/rooms/search
2026-04-28 12:42:19.977 [http-nio-8081-exec-9] INFO  c.h.h.controller.HotelController - GET /api/rooms/search?location=Tuticorin&checkIn=2026-04-28&checkOut=2026-04-29
2026-04-28 12:42:20.017 [http-nio-8081-exec-9] INFO  c.h.h.service.HotelService - Found 18 available rooms in Tuticorin from 2026-04-28 to 2026-04-29
2026-04-28 12:42:24.180 [http-nio-8081-exec-3] DEBUG c.h.h.s.CustomUserDetailsService - Loading user by email: 2k22ece005@kiot.ac.in
2026-04-28 12:42:24.192 [http-nio-8081-exec-3] DEBUG c.h.h.config.JWTAuthFilter - Authenticated user: 2k22ece005@kiot.ac.in for URI: /api/hotels/3
2026-04-28 12:42:24.196 [http-nio-8081-exec-3] INFO  c.h.h.controller.HotelController - GET /api/hotels/3
2026-04-28 12:42:24.215 [http-nio-8081-exec-2] DEBUG c.h.h.s.CustomUserDetailsService - Loading user by email: 2k22ece005@kiot.ac.in
2026-04-28 12:42:24.226 [http-nio-8081-exec-2] DEBUG c.h.h.config.JWTAuthFilter - Authenticated user: 2k22ece005@kiot.ac.in for URI: /api/hotels/3
2026-04-28 12:42:24.230 [http-nio-8081-exec-2] INFO  c.h.h.controller.HotelController - GET /api/hotels/3
2026-04-28 12:42:26.297 [http-nio-8081-exec-5] DEBUG c.h.h.s.CustomUserDetailsService - Loading user by email: 2k22ece005@kiot.ac.in
2026-04-28 12:42:26.310 [http-nio-8081-exec-5] DEBUG c.h.h.config.JWTAuthFilter - Authenticated user: 2k22ece005@kiot.ac.in for URI: /api/bookings
2026-04-28 12:42:26.317 [http-nio-8081-exec-5] INFO  c.h.h.controller.BookingController - POST /api/bookings - user: 9
2026-04-28 12:42:26.317 [http-nio-8081-exec-5] INFO  c.h.h.service.BookingService - Creating booking for user 9 room 5
2026-04-28 12:42:26.399 [http-nio-8081-exec-5] INFO  c.h.h.service.BookingService - Booking created in PENDING_PAYMENT: 24 for user: 9
2026-04-28 12:42:26.434 [http-nio-8081-exec-7] DEBUG c.h.h.s.CustomUserDetailsService - Loading user by email: 2k22ece005@kiot.ac.in
2026-04-28 12:42:26.442 [http-nio-8081-exec-7] DEBUG c.h.h.config.JWTAuthFilter - Authenticated user: 2k22ece005@kiot.ac.in for URI: /api/bookings/24
2026-04-28 12:42:26.470 [http-nio-8081-exec-8] DEBUG c.h.h.s.CustomUserDetailsService - Loading user by email: 2k22ece005@kiot.ac.in
2026-04-28 12:42:26.479 [http-nio-8081-exec-1] DEBUG c.h.h.s.CustomUserDetailsService - Loading user by email: 2k22ece005@kiot.ac.in
2026-04-28 12:42:26.484 [http-nio-8081-exec-8] DEBUG c.h.h.config.JWTAuthFilter - Authenticated user: 2k22ece005@kiot.ac.in for URI: /api/bookings/24
2026-04-28 12:42:26.490 [http-nio-8081-exec-1] DEBUG c.h.h.config.JWTAuthFilter - Authenticated user: 2k22ece005@kiot.ac.in for URI: /api/payments/create-intent/24
2026-04-28 12:42:26.497 [http-nio-8081-exec-1] INFO  c.h.h.controller.PaymentController - POST /api/payments/create-intent/24
2026-04-28 12:42:26.512 [http-nio-8081-exec-10] DEBUG c.h.h.s.CustomUserDetailsService - Loading user by email: 2k22ece005@kiot.ac.in
2026-04-28 12:42:26.524 [http-nio-8081-exec-10] DEBUG c.h.h.config.JWTAuthFilter - Authenticated user: 2k22ece005@kiot.ac.in for URI: /api/payments/create-intent/24
2026-04-28 12:42:26.528 [http-nio-8081-exec-10] INFO  c.h.h.controller.PaymentController - POST /api/payments/create-intent/24
2026-04-28 12:42:28.163 [http-nio-8081-exec-1] INFO  c.h.h.service.PaymentService - Payment Intent created: pi_3TR5omK0bJhHVc9b1JdFvw14 for booking ID: 24
2026-04-28 12:42:28.163 [http-nio-8081-exec-10] INFO  c.h.h.service.PaymentService - Payment Intent created: pi_3TR5omK0bJhHVc9b0B5FhuuX for booking ID: 24
2026-04-28 12:42:31.266 [task-1] INFO  c.h.h.service.EmailService - Booking confirmation email sent to: 2k22ece005@kiot.ac.in for booking: 24
2026-04-28 12:42:50.210 [http-nio-8081-exec-2] DEBUG c.h.h.s.CustomUserDetailsService - Loading user by email: 2k22ece005@kiot.ac.in
2026-04-28 12:42:50.219 [http-nio-8081-exec-2] DEBUG c.h.h.config.JWTAuthFilter - Authenticated user: 2k22ece005@kiot.ac.in for URI: /api/payments/confirm/24
2026-04-28 12:42:50.225 [http-nio-8081-exec-2] INFO  c.h.h.controller.PaymentController - POST /api/payments/confirm/24
2026-04-28 12:42:50.242 [http-nio-8081-exec-2] INFO  c.h.h.service.PaymentService - Booking 24 marked as CONFIRMED. Sending email...
2026-04-28 12:42:50.252 [task-2] ERROR o.s.a.i.SimpleAsyncUncaughtExceptionHandler - Unexpected exception occurred invoking async method: public void com.hotel.hotel_backend.service.EmailService.sendBookingConfirmation(java.lang.String,java.lang.String,com.hotel.hotel_backend.entity.Booking)
org.hibernate.LazyInitializationException: could not initialize proxy [com.hotel.hotel_backend.entity.Hotel#3] - no Session
	at org.hibernate.proxy.AbstractLazyInitializer.initialize(AbstractLazyInitializer.java:164)
	at org.hibernate.proxy.AbstractLazyInitializer.getImplementation(AbstractLazyInitializer.java:310)
	at org.hibernate.proxy.pojo.bytebuddy.ByteBuddyInterceptor.intercept(ByteBuddyInterceptor.java:44)
	at org.hibernate.proxy.ProxyConfiguration$InterceptorDispatcher.intercept(ProxyConfiguration.java:102)
	at com.hotel.hotel_backend.entity.Hotel$HibernateProxy$72KlWaEw.getName(Unknown Source)
	at com.hotel.hotel_backend.service.EmailService.buildBookingConfirmationHtml(EmailService.java:141)
	at com.hotel.hotel_backend.service.EmailService.sendBookingConfirmation(EmailService.java:51)
	at java.base/jdk.internal.reflect.DirectMethodHandleAccessor.invoke(DirectMethodHandleAccessor.java:103)
	at java.base/java.lang.reflect.Method.invoke(Method.java:580)
	at org.springframework.aop.support.AopUtils.invokeJoinpointUsingReflection(AopUtils.java:352)
	at org.springframework.aop.framework.ReflectiveMethodInvocation.invokeJoinpoint(ReflectiveMethodInvocation.java:196)
	at org.springframework.aop.framework.ReflectiveMethodInvocation.proceed(ReflectiveMethodInvocation.java:163)
	at org.springframework.aop.framework.CglibAopProxy$CglibMethodInvocation.proceed(CglibAopProxy.java:765)
	at org.springframework.aop.interceptor.AsyncExecutionInterceptor.lambda$invoke$0(AsyncExecutionInterceptor.java:115)
	at java.base/java.util.concurrent.FutureTask.run(FutureTask.java:317)
	at java.base/java.util.concurrent.ThreadPoolExecutor.runWorker(ThreadPoolExecutor.java:1144)
	at java.base/java.util.concurrent.ThreadPoolExecutor$Worker.run(ThreadPoolExecutor.java:642)
	at java.base/java.lang.Thread.run(Thread.java:1583)
2026-04-28 12:42:51.780 [http-nio-8081-exec-4] DEBUG c.h.h.s.CustomUserDetailsService - Loading user by email: 2k22ece005@kiot.ac.in
2026-04-28 12:42:51.793 [http-nio-8081-exec-4] DEBUG c.h.h.config.JWTAuthFilter - Authenticated user: 2k22ece005@kiot.ac.in for URI: /api/bookings/my
2026-04-28 12:42:51.801 [http-nio-8081-exec-4] INFO  c.h.h.controller.BookingController - GET /api/bookings/my - user: 9
2026-04-28 12:42:51.839 [http-nio-8081-exec-7] DEBUG c.h.h.s.CustomUserDetailsService - Loading user by email: 2k22ece005@kiot.ac.in
2026-04-28 12:42:51.848 [http-nio-8081-exec-7] DEBUG c.h.h.config.JWTAuthFilter - Authenticated user: 2k22ece005@kiot.ac.in for URI: /api/bookings/my
2026-04-28 12:42:51.851 [http-nio-8081-exec-7] INFO  c.h.h.controller.BookingController - GET /api/bookings/my - user: 9
2026-04-28 12:46:24.938 [http-nio-8081-exec-1] DEBUG c.h.h.s.CustomUserDetailsService - Loading user by email: 2k22ece005@kiot.ac.in
2026-04-28 12:46:24.944 [http-nio-8081-exec-1] DEBUG c.h.h.config.JWTAuthFilter - Authenticated user: 2k22ece005@kiot.ac.in for URI: /api/bookings/my
2026-04-28 12:46:24.945 [http-nio-8081-exec-1] INFO  c.h.h.controller.BookingController - GET /api/bookings/my - user: 9
2026-04-28 12:48:07.083 [SpringApplicationShutdownHook] INFO  o.s.o.j.LocalContainerEntityManagerFactoryBean - Closing JPA EntityManagerFactory for persistence unit 'default'
2026-04-28 12:48:07.085 [SpringApplicationShutdownHook] INFO  com.zaxxer.hikari.HikariDataSource - HikariPool-1 - Shutdown initiated...
2026-04-28 12:48:07.096 [SpringApplicationShutdownHook] INFO  com.zaxxer.hikari.HikariDataSource - HikariPool-1 - Shutdown completed.
2026-04-28 12:48:14.242 [background-preinit] INFO  o.h.validator.internal.util.Version - HV000001: Hibernate Validator 8.0.1.Final
2026-04-28 12:48:14.300 [main] INFO  c.h.h.HotelBackendApplication - Starting HotelBackendApplication using Java 21.0.10 with PID 31892 (D:\Hackathon\HotelBooking\hotel-backend\target\classes started by girid in D:\Hackathon\HotelBooking\hotel-backend)
2026-04-28 12:48:14.301 [main] DEBUG c.h.h.HotelBackendApplication - Running with Spring Boot v3.2.0, Spring v6.1.1
2026-04-28 12:48:14.301 [main] INFO  c.h.h.HotelBackendApplication - No active profile set, falling back to 1 default profile: "default"
2026-04-28 12:48:14.972 [main] INFO  o.s.d.r.c.RepositoryConfigurationDelegate - Bootstrapping Spring Data JPA repositories in DEFAULT mode.
2026-04-28 12:48:15.039 [main] INFO  o.s.d.r.c.RepositoryConfigurationDelegate - Finished Spring Data repository scanning in 54 ms. Found 5 JPA repository interfaces.
2026-04-28 12:48:15.597 [main] INFO  o.s.b.w.e.tomcat.TomcatWebServer - Tomcat initialized with port 8081 (http)
2026-04-28 12:48:15.607 [main] INFO  o.a.coyote.http11.Http11NioProtocol - Initializing ProtocolHandler ["http-nio-8081"]
2026-04-28 12:48:15.609 [main] INFO  o.a.catalina.core.StandardService - Starting service [Tomcat]
2026-04-28 12:48:15.610 [main] INFO  o.a.catalina.core.StandardEngine - Starting Servlet engine: [Apache Tomcat/10.1.16]
2026-04-28 12:48:15.667 [main] INFO  o.a.c.c.C.[Tomcat].[localhost].[/] - Initializing Spring embedded WebApplicationContext
2026-04-28 12:48:15.667 [main] INFO  o.s.b.w.s.c.ServletWebServerApplicationContext - Root WebApplicationContext: initialization completed in 1309 ms
2026-04-28 12:48:15.802 [main] INFO  o.h.jpa.internal.util.LogHelper - HHH000204: Processing PersistenceUnitInfo [name: default]
2026-04-28 12:48:15.865 [main] INFO  org.hibernate.Version - HHH000412: Hibernate ORM core version 6.3.1.Final
2026-04-28 12:48:15.894 [main] INFO  o.h.c.i.RegionFactoryInitiator - HHH000026: Second-level cache disabled
2026-04-28 12:48:16.098 [main] INFO  o.s.o.j.p.SpringPersistenceUnitInfo - No LoadTimeWeaver setup: ignoring JPA class transformer
2026-04-28 12:48:16.130 [main] INFO  com.zaxxer.hikari.HikariDataSource - HikariPool-1 - Starting...
2026-04-28 12:48:16.288 [main] INFO  com.zaxxer.hikari.pool.HikariPool - HikariPool-1 - Added connection com.mysql.cj.jdbc.ConnectionImpl@1d7c9811
2026-04-28 12:48:16.288 [main] INFO  com.zaxxer.hikari.HikariDataSource - HikariPool-1 - Start completed.
2026-04-28 12:48:16.352 [main] WARN  org.hibernate.orm.deprecation - HHH90000025: MySQLDialect does not need to be specified explicitly using 'hibernate.dialect' (remove the property setting and it will be selected by default)
2026-04-28 12:48:17.433 [main] INFO  o.h.e.t.j.p.i.JtaPlatformInitiator - HHH000489: No JTA platform available (set 'hibernate.transaction.jta.platform' to enable JTA platform integration)
2026-04-28 12:48:17.560 [main] INFO  o.s.o.j.LocalContainerEntityManagerFactoryBean - Initialized JPA EntityManagerFactory for persistence unit 'default'
2026-04-28 12:48:17.906 [main] DEBUG c.h.h.config.JWTAuthFilter - Filter 'JWTAuthFilter' configured for use
2026-04-28 12:48:18.155 [main] INFO  o.s.d.j.r.query.QueryEnhancerFactory - Hibernate is in classpath; If applicable, HQL parser will be used.
2026-04-28 12:48:18.909 [main] WARN  o.s.b.a.o.j.JpaBaseConfiguration$JpaWebConfiguration - spring.jpa.open-in-view is enabled by default. Therefore, database queries may be performed during view rendering. Explicitly configure spring.jpa.open-in-view to disable this warning
2026-04-28 12:48:19.249 [main] INFO  o.s.s.web.DefaultSecurityFilterChain - Will secure any request with [org.springframework.security.web.session.DisableEncodeUrlFilter@36d5677, org.springframework.security.web.context.request.async.WebAsyncManagerIntegrationFilter@261d8a9c, org.springframework.security.web.context.SecurityContextHolderFilter@1b5860fb, org.springframework.security.web.header.HeaderWriterFilter@5c10216f, org.springframework.web.filter.CorsFilter@e43189c, org.springframework.security.web.authentication.logout.LogoutFilter@4b89b14a, com.hotel.hotel_backend.config.JWTAuthFilter@690e7b89, org.springframework.security.web.savedrequest.RequestCacheAwareFilter@4c89b58, org.springframework.security.web.servletapi.SecurityContextHolderAwareRequestFilter@472cf6af, org.springframework.security.web.authentication.AnonymousAuthenticationFilter@2fce55d6, org.springframework.security.web.session.SessionManagementFilter@6a4484e6, org.springframework.security.web.access.ExceptionTranslationFilter@5596f2bb, org.springframework.security.web.access.intercept.AuthorizationFilter@4e5d611f]
2026-04-28 12:48:19.602 [main] INFO  o.a.coyote.http11.Http11NioProtocol - Starting ProtocolHandler ["http-nio-8081"]
2026-04-28 12:48:19.626 [main] INFO  o.s.b.w.e.tomcat.TomcatWebServer - Tomcat started on port 8081 (http) with context path ''
2026-04-28 12:48:19.633 [main] INFO  c.h.h.HotelBackendApplication - Started HotelBackendApplication in 5.895 seconds (process running for 6.24)
2026-04-28 12:48:57.088 [http-nio-8081-exec-8] INFO  o.a.c.c.C.[Tomcat].[localhost].[/] - Initializing Spring DispatcherServlet 'dispatcherServlet'
2026-04-28 12:48:57.091 [http-nio-8081-exec-8] INFO  o.s.web.servlet.DispatcherServlet - Initializing Servlet 'dispatcherServlet'
2026-04-28 12:48:57.093 [http-nio-8081-exec-8] INFO  o.s.web.servlet.DispatcherServlet - Completed initialization in 2 ms
2026-04-28 12:48:57.460 [http-nio-8081-exec-8] DEBUG c.h.h.s.CustomUserDetailsService - Loading user by email: 2k22ece005@kiot.ac.in
2026-04-28 12:48:57.475 [http-nio-8081-exec-8] DEBUG c.h.h.config.JWTAuthFilter - Authenticated user: 2k22ece005@kiot.ac.in for URI: /api/bookings/my
2026-04-28 12:48:57.482 [http-nio-8081-exec-8] WARN  o.s.w.s.h.HandlerMappingIntrospector - Cache miss for REQUEST dispatch to '/api/bookings/my' (previous null). Performing MatchableHandlerMapping lookup. This is logged once only at WARN level, and every time at TRACE.
2026-04-28 12:48:57.633 [http-nio-8081-exec-8] INFO  c.h.h.controller.BookingController - GET /api/bookings/my - user: 9
2026-04-28 12:49:01.977 [http-nio-8081-exec-1] DEBUG c.h.h.s.CustomUserDetailsService - Loading user by email: 2k22ece005@kiot.ac.in
2026-04-28 12:49:01.989 [http-nio-8081-exec-1] DEBUG c.h.h.config.JWTAuthFilter - Authenticated user: 2k22ece005@kiot.ac.in for URI: /api/bookings/my
2026-04-28 12:49:01.992 [http-nio-8081-exec-1] INFO  c.h.h.controller.BookingController - GET /api/bookings/my - user: 9
2026-04-28 12:51:21.807 [http-nio-8081-exec-4] DEBUG c.h.h.s.CustomUserDetailsService - Loading user by email: 2k22ece005@kiot.ac.in
2026-04-28 12:51:21.820 [http-nio-8081-exec-4] DEBUG c.h.h.config.JWTAuthFilter - Authenticated user: 2k22ece005@kiot.ac.in for URI: /api/bookings/my
2026-04-28 12:51:21.824 [http-nio-8081-exec-4] INFO  c.h.h.controller.BookingController - GET /api/bookings/my - user: 9
2026-04-28 12:51:21.856 [http-nio-8081-exec-5] DEBUG c.h.h.s.CustomUserDetailsService - Loading user by email: 2k22ece005@kiot.ac.in
2026-04-28 12:51:21.864 [http-nio-8081-exec-5] DEBUG c.h.h.config.JWTAuthFilter - Authenticated user: 2k22ece005@kiot.ac.in for URI: /api/bookings/my
2026-04-28 12:51:21.868 [http-nio-8081-exec-5] INFO  c.h.h.controller.BookingController - GET /api/bookings/my - user: 9
2026-04-28 12:51:24.770 [http-nio-8081-exec-6] DEBUG c.h.h.s.CustomUserDetailsService - Loading user by email: 2k22ece005@kiot.ac.in
2026-04-28 12:51:24.773 [http-nio-8081-exec-7] DEBUG c.h.h.s.CustomUserDetailsService - Loading user by email: 2k22ece005@kiot.ac.in
2026-04-28 12:51:24.780 [http-nio-8081-exec-7] DEBUG c.h.h.config.JWTAuthFilter - Authenticated user: 2k22ece005@kiot.ac.in for URI: /api/hotels/locations
2026-04-28 12:51:24.780 [http-nio-8081-exec-6] DEBUG c.h.h.config.JWTAuthFilter - Authenticated user: 2k22ece005@kiot.ac.in for URI: /api/hotels
2026-04-28 12:51:24.783 [http-nio-8081-exec-6] INFO  c.h.h.controller.HotelController - GET /api/hotels
2026-04-28 12:51:24.810 [http-nio-8081-exec-9] DEBUG c.h.h.s.CustomUserDetailsService - Loading user by email: 2k22ece005@kiot.ac.in
2026-04-28 12:51:24.819 [http-nio-8081-exec-9] DEBUG c.h.h.config.JWTAuthFilter - Authenticated user: 2k22ece005@kiot.ac.in for URI: /api/hotels/locations
2026-04-28 12:51:24.819 [http-nio-8081-exec-6] INFO  c.h.h.service.HotelService - Fetched 50 hotels
2026-04-28 12:51:24.840 [http-nio-8081-exec-2] DEBUG c.h.h.s.CustomUserDetailsService - Loading user by email: 2k22ece005@kiot.ac.in
2026-04-28 12:51:24.848 [http-nio-8081-exec-2] DEBUG c.h.h.config.JWTAuthFilter - Authenticated user: 2k22ece005@kiot.ac.in for URI: /api/hotels
2026-04-28 12:51:24.852 [http-nio-8081-exec-2] INFO  c.h.h.controller.HotelController - GET /api/hotels
2026-04-28 12:51:24.873 [http-nio-8081-exec-2] INFO  c.h.h.service.HotelService - Fetched 50 hotels
2026-04-28 12:51:53.401 [http-nio-8081-exec-3] INFO  c.h.h.controller.AuthController - POST /api/auth/register - email: 2k22ece005@kiot.ac.in
2026-04-28 12:51:53.401 [http-nio-8081-exec-3] INFO  c.h.h.service.UserService - Registering new user with email: 2k22ece005@kiot.ac.in
2026-04-28 12:51:53.409 [http-nio-8081-exec-3] WARN  c.h.h.e.GlobalExceptionHandler - Business exception: Email already in use: 2k22ece005@kiot.ac.in
2026-04-28 12:51:58.130 [http-nio-8081-exec-8] INFO  c.h.h.controller.AuthController - POST /api/auth/register - email: 2k22ece005@kiot.ac.in
2026-04-28 12:51:58.131 [http-nio-8081-exec-8] INFO  c.h.h.service.UserService - Registering new user with email: 2k22ece005@kiot.ac.in
2026-04-28 12:51:58.137 [http-nio-8081-exec-8] WARN  c.h.h.e.GlobalExceptionHandler - Business exception: Email already in use: 2k22ece005@kiot.ac.in
2026-04-28 12:52:05.329 [http-nio-8081-exec-1] INFO  c.h.h.controller.AuthController - POST /api/auth/register - email: 2k22ece021@kiot.ac.in
2026-04-28 12:52:05.331 [http-nio-8081-exec-1] INFO  c.h.h.service.UserService - Registering new user with email: 2k22ece021@kiot.ac.in
2026-04-28 12:52:05.562 [http-nio-8081-exec-1] INFO  c.h.h.service.UserService - User registered successfully with id: 10
2026-04-28 12:52:05.590 [http-nio-8081-exec-10] INFO  c.h.h.controller.AuthController - POST /api/auth/login - email: 2k22ece021@kiot.ac.in
2026-04-28 12:52:05.591 [http-nio-8081-exec-10] INFO  c.h.h.service.UserService - Login attempt for email: 2k22ece021@kiot.ac.in
2026-04-28 12:52:05.757 [http-nio-8081-exec-10] DEBUG c.h.h.s.CustomUserDetailsService - Loading user by email: 2k22ece021@kiot.ac.in
2026-04-28 12:52:05.946 [http-nio-8081-exec-10] INFO  c.h.h.service.UserService - User logged in successfully: 2k22ece021@kiot.ac.in
2026-04-28 12:52:05.960 [http-nio-8081-exec-5] DEBUG c.h.h.s.CustomUserDetailsService - Loading user by email: 2k22ece021@kiot.ac.in
2026-04-28 12:52:05.960 [http-nio-8081-exec-4] DEBUG c.h.h.s.CustomUserDetailsService - Loading user by email: 2k22ece021@kiot.ac.in
2026-04-28 12:52:05.966 [http-nio-8081-exec-4] DEBUG c.h.h.config.JWTAuthFilter - Authenticated user: 2k22ece021@kiot.ac.in for URI: /api/hotels
2026-04-28 12:52:05.966 [http-nio-8081-exec-5] DEBUG c.h.h.config.JWTAuthFilter - Authenticated user: 2k22ece021@kiot.ac.in for URI: /api/hotels/locations
2026-04-28 12:52:05.967 [http-nio-8081-exec-4] INFO  c.h.h.controller.HotelController - GET /api/hotels
2026-04-28 12:52:05.982 [http-nio-8081-exec-7] DEBUG c.h.h.s.CustomUserDetailsService - Loading user by email: 2k22ece021@kiot.ac.in
2026-04-28 12:52:05.992 [http-nio-8081-exec-7] DEBUG c.h.h.config.JWTAuthFilter - Authenticated user: 2k22ece021@kiot.ac.in for URI: /api/hotels/locations
2026-04-28 12:52:06.001 [http-nio-8081-exec-4] INFO  c.h.h.service.HotelService - Fetched 50 hotels
2026-04-28 12:52:06.014 [http-nio-8081-exec-9] DEBUG c.h.h.s.CustomUserDetailsService - Loading user by email: 2k22ece021@kiot.ac.in
2026-04-28 12:52:06.023 [http-nio-8081-exec-9] DEBUG c.h.h.config.JWTAuthFilter - Authenticated user: 2k22ece021@kiot.ac.in for URI: /api/hotels
2026-04-28 12:52:06.024 [http-nio-8081-exec-9] INFO  c.h.h.controller.HotelController - GET /api/hotels
2026-04-28 12:52:06.050 [http-nio-8081-exec-9] INFO  c.h.h.service.HotelService - Fetched 50 hotels
2026-04-28 12:52:10.944 [task-1] INFO  c.h.h.service.EmailService - Registration confirmation email sent to: 2k22ece021@kiot.ac.in
2026-04-28 12:52:13.673 [http-nio-8081-exec-2] DEBUG c.h.h.s.CustomUserDetailsService - Loading user by email: 2k22ece021@kiot.ac.in
2026-04-28 12:52:13.684 [http-nio-8081-exec-2] DEBUG c.h.h.config.JWTAuthFilter - Authenticated user: 2k22ece021@kiot.ac.in for URI: /api/rooms/search
2026-04-28 12:52:13.705 [http-nio-8081-exec-2] INFO  c.h.h.controller.HotelController - GET /api/rooms/search?location=Ooty&checkIn=2026-04-28&checkOut=2026-04-29
2026-04-28 12:52:13.749 [http-nio-8081-exec-2] INFO  c.h.h.service.HotelService - Found 9 available rooms in Ooty from 2026-04-28 to 2026-04-29
2026-04-28 12:52:19.019 [http-nio-8081-exec-1] DEBUG c.h.h.s.CustomUserDetailsService - Loading user by email: 2k22ece021@kiot.ac.in
2026-04-28 12:52:19.030 [http-nio-8081-exec-1] DEBUG c.h.h.config.JWTAuthFilter - Authenticated user: 2k22ece021@kiot.ac.in for URI: /api/hotels/17
2026-04-28 12:52:19.035 [http-nio-8081-exec-1] INFO  c.h.h.controller.HotelController - GET /api/hotels/17
2026-04-28 12:52:19.078 [http-nio-8081-exec-10] DEBUG c.h.h.s.CustomUserDetailsService - Loading user by email: 2k22ece021@kiot.ac.in
2026-04-28 12:52:19.085 [http-nio-8081-exec-10] DEBUG c.h.h.config.JWTAuthFilter - Authenticated user: 2k22ece021@kiot.ac.in for URI: /api/hotels/17
2026-04-28 12:52:19.089 [http-nio-8081-exec-10] INFO  c.h.h.controller.HotelController - GET /api/hotels/17
2026-04-28 12:52:24.399 [http-nio-8081-exec-5] DEBUG c.h.h.s.CustomUserDetailsService - Loading user by email: 2k22ece021@kiot.ac.in
2026-04-28 12:52:24.421 [http-nio-8081-exec-5] DEBUG c.h.h.config.JWTAuthFilter - Authenticated user: 2k22ece021@kiot.ac.in for URI: /api/bookings
2026-04-28 12:52:24.433 [http-nio-8081-exec-5] INFO  c.h.h.controller.BookingController - POST /api/bookings - user: 10
2026-04-28 12:52:24.433 [http-nio-8081-exec-5] INFO  c.h.h.service.BookingService - Creating booking for user 10 room 161
2026-04-28 12:52:24.481 [http-nio-8081-exec-5] INFO  c.h.h.service.BookingService - Booking created in PENDING_PAYMENT: 25 for user: 10
2026-04-28 12:52:24.501 [http-nio-8081-exec-9] DEBUG c.h.h.s.CustomUserDetailsService - Loading user by email: 2k22ece021@kiot.ac.in
2026-04-28 12:52:24.512 [http-nio-8081-exec-9] DEBUG c.h.h.config.JWTAuthFilter - Authenticated user: 2k22ece021@kiot.ac.in for URI: /api/bookings/25
2026-04-28 12:52:24.539 [http-nio-8081-exec-6] DEBUG c.h.h.s.CustomUserDetailsService - Loading user by email: 2k22ece021@kiot.ac.in
2026-04-28 12:52:24.542 [http-nio-8081-exec-8] DEBUG c.h.h.s.CustomUserDetailsService - Loading user by email: 2k22ece021@kiot.ac.in
2026-04-28 12:52:24.544 [http-nio-8081-exec-6] DEBUG c.h.h.config.JWTAuthFilter - Authenticated user: 2k22ece021@kiot.ac.in for URI: /api/bookings/25
2026-04-28 12:52:24.551 [http-nio-8081-exec-8] DEBUG c.h.h.config.JWTAuthFilter - Authenticated user: 2k22ece021@kiot.ac.in for URI: /api/payments/create-intent/25
2026-04-28 12:52:24.558 [http-nio-8081-exec-8] INFO  c.h.h.controller.PaymentController - POST /api/payments/create-intent/25
2026-04-28 12:52:24.567 [http-nio-8081-exec-3] DEBUG c.h.h.s.CustomUserDetailsService - Loading user by email: 2k22ece021@kiot.ac.in
2026-04-28 12:52:24.574 [http-nio-8081-exec-3] DEBUG c.h.h.config.JWTAuthFilter - Authenticated user: 2k22ece021@kiot.ac.in for URI: /api/payments/create-intent/25
2026-04-28 12:52:24.578 [http-nio-8081-exec-3] INFO  c.h.h.controller.PaymentController - POST /api/payments/create-intent/25
2026-04-28 12:52:25.887 [http-nio-8081-exec-8] INFO  c.h.h.service.PaymentService - Payment Intent created: pi_3TR5yQK0bJhHVc9b0OuvzZnM for booking ID: 25
2026-04-28 12:52:25.944 [http-nio-8081-exec-3] INFO  c.h.h.service.PaymentService - Payment Intent created: pi_3TR5yQK0bJhHVc9b13EdMINd for booking ID: 25
2026-04-28 12:52:28.952 [task-2] INFO  c.h.h.service.EmailService - Booking confirmation email sent to: 2k22ece021@kiot.ac.in for booking: 25
2026-04-28 12:52:46.710 [http-nio-8081-exec-10] DEBUG c.h.h.s.CustomUserDetailsService - Loading user by email: 2k22ece021@kiot.ac.in
2026-04-28 12:52:46.718 [http-nio-8081-exec-10] DEBUG c.h.h.config.JWTAuthFilter - Authenticated user: 2k22ece021@kiot.ac.in for URI: /api/payments/confirm/25
2026-04-28 12:52:46.723 [http-nio-8081-exec-10] INFO  c.h.h.controller.PaymentController - POST /api/payments/confirm/25
2026-04-28 12:52:46.742 [http-nio-8081-exec-10] INFO  c.h.h.service.PaymentService - Booking 25 marked as CONFIRMED. Sending email...
2026-04-28 12:52:46.754 [task-3] ERROR o.s.a.i.SimpleAsyncUncaughtExceptionHandler - Unexpected exception occurred invoking async method: public void com.hotel.hotel_backend.service.EmailService.sendBookingConfirmation(java.lang.String,java.lang.String,com.hotel.hotel_backend.entity.Booking)
org.hibernate.LazyInitializationException: could not initialize proxy [com.hotel.hotel_backend.entity.Hotel#17] - no Session
	at org.hibernate.proxy.AbstractLazyInitializer.initialize(AbstractLazyInitializer.java:164)
	at org.hibernate.proxy.AbstractLazyInitializer.getImplementation(AbstractLazyInitializer.java:310)
	at org.hibernate.proxy.pojo.bytebuddy.ByteBuddyInterceptor.intercept(ByteBuddyInterceptor.java:44)
	at org.hibernate.proxy.ProxyConfiguration$InterceptorDispatcher.intercept(ProxyConfiguration.java:102)
	at com.hotel.hotel_backend.entity.Hotel$HibernateProxy$deKHcQ6Z.getName(Unknown Source)
	at com.hotel.hotel_backend.service.EmailService.buildBookingConfirmationHtml(EmailService.java:141)
	at com.hotel.hotel_backend.service.EmailService.sendBookingConfirmation(EmailService.java:51)
	at java.base/jdk.internal.reflect.DirectMethodHandleAccessor.invoke(DirectMethodHandleAccessor.java:103)
	at java.base/java.lang.reflect.Method.invoke(Method.java:580)
	at org.springframework.aop.support.AopUtils.invokeJoinpointUsingReflection(AopUtils.java:352)
	at org.springframework.aop.framework.ReflectiveMethodInvocation.invokeJoinpoint(ReflectiveMethodInvocation.java:196)
	at org.springframework.aop.framework.ReflectiveMethodInvocation.proceed(ReflectiveMethodInvocation.java:163)
	at org.springframework.aop.framework.CglibAopProxy$CglibMethodInvocation.proceed(CglibAopProxy.java:765)
	at org.springframework.aop.interceptor.AsyncExecutionInterceptor.lambda$invoke$0(AsyncExecutionInterceptor.java:115)
	at java.base/java.util.concurrent.FutureTask.run(FutureTask.java:317)
	at java.base/java.util.concurrent.ThreadPoolExecutor.runWorker(ThreadPoolExecutor.java:1144)
	at java.base/java.util.concurrent.ThreadPoolExecutor$Worker.run(ThreadPoolExecutor.java:642)
	at java.base/java.lang.Thread.run(Thread.java:1583)
2026-04-28 12:52:48.278 [http-nio-8081-exec-5] DEBUG c.h.h.s.CustomUserDetailsService - Loading user by email: 2k22ece021@kiot.ac.in
2026-04-28 12:52:48.288 [http-nio-8081-exec-5] DEBUG c.h.h.config.JWTAuthFilter - Authenticated user: 2k22ece021@kiot.ac.in for URI: /api/bookings/my
2026-04-28 12:52:48.291 [http-nio-8081-exec-5] INFO  c.h.h.controller.BookingController - GET /api/bookings/my - user: 10
2026-04-28 12:52:48.308 [http-nio-8081-exec-7] DEBUG c.h.h.s.CustomUserDetailsService - Loading user by email: 2k22ece021@kiot.ac.in
2026-04-28 12:52:48.315 [http-nio-8081-exec-7] DEBUG c.h.h.config.JWTAuthFilter - Authenticated user: 2k22ece021@kiot.ac.in for URI: /api/bookings/my
2026-04-28 12:52:48.316 [http-nio-8081-exec-7] INFO  c.h.h.controller.BookingController - GET /api/bookings/my - user: 10
2026-04-28 12:58:32.333 [HikariPool-1 housekeeper] WARN  com.zaxxer.hikari.pool.HikariPool - HikariPool-1 - Thread starvation or clock leap detected (housekeeper delta=45s809ms63µs200ns).
2026-04-28 13:00:53.378 [http-nio-8081-exec-8] DEBUG c.h.h.s.CustomUserDetailsService - Loading user by email: 2k22ece021@kiot.ac.in
2026-04-28 13:00:53.378 [http-nio-8081-exec-6] DEBUG c.h.h.s.CustomUserDetailsService - Loading user by email: 2k22ece021@kiot.ac.in
2026-04-28 13:00:53.385 [http-nio-8081-exec-6] DEBUG c.h.h.config.JWTAuthFilter - Authenticated user: 2k22ece021@kiot.ac.in for URI: /api/hotels
2026-04-28 13:00:53.385 [http-nio-8081-exec-8] DEBUG c.h.h.config.JWTAuthFilter - Authenticated user: 2k22ece021@kiot.ac.in for URI: /api/hotels/locations
2026-04-28 13:00:53.389 [http-nio-8081-exec-6] INFO  c.h.h.controller.HotelController - GET /api/hotels
2026-04-28 13:00:53.405 [http-nio-8081-exec-3] DEBUG c.h.h.s.CustomUserDetailsService - Loading user by email: 2k22ece021@kiot.ac.in
2026-04-28 13:00:53.407 [http-nio-8081-exec-6] INFO  c.h.h.service.HotelService - Fetched 50 hotels
2026-04-28 13:00:53.412 [http-nio-8081-exec-3] DEBUG c.h.h.config.JWTAuthFilter - Authenticated user: 2k22ece021@kiot.ac.in for URI: /api/hotels/locations
2026-04-28 13:00:53.415 [http-nio-8081-exec-1] DEBUG c.h.h.s.CustomUserDetailsService - Loading user by email: 2k22ece021@kiot.ac.in
2026-04-28 13:00:53.419 [http-nio-8081-exec-1] DEBUG c.h.h.config.JWTAuthFilter - Authenticated user: 2k22ece021@kiot.ac.in for URI: /api/hotels
2026-04-28 13:00:53.423 [http-nio-8081-exec-1] INFO  c.h.h.controller.HotelController - GET /api/hotels
2026-04-28 13:00:53.442 [http-nio-8081-exec-1] INFO  c.h.h.service.HotelService - Fetched 50 hotels
2026-04-28 13:01:00.824 [http-nio-8081-exec-10] DEBUG c.h.h.s.CustomUserDetailsService - Loading user by email: 2k22ece021@kiot.ac.in
2026-04-28 13:01:00.835 [http-nio-8081-exec-10] DEBUG c.h.h.config.JWTAuthFilter - Authenticated user: 2k22ece021@kiot.ac.in for URI: /api/hotels/5
2026-04-28 13:01:00.838 [http-nio-8081-exec-10] INFO  c.h.h.controller.HotelController - GET /api/hotels/5
2026-04-28 13:01:00.856 [http-nio-8081-exec-5] DEBUG c.h.h.s.CustomUserDetailsService - Loading user by email: 2k22ece021@kiot.ac.in
2026-04-28 13:01:00.866 [http-nio-8081-exec-5] DEBUG c.h.h.config.JWTAuthFilter - Authenticated user: 2k22ece021@kiot.ac.in for URI: /api/hotels/5
2026-04-28 13:01:00.869 [http-nio-8081-exec-5] INFO  c.h.h.controller.HotelController - GET /api/hotels/5
2026-04-28 13:01:05.930 [http-nio-8081-exec-7] DEBUG c.h.h.s.CustomUserDetailsService - Loading user by email: 2k22ece021@kiot.ac.in
2026-04-28 13:01:05.938 [http-nio-8081-exec-7] DEBUG c.h.h.config.JWTAuthFilter - Authenticated user: 2k22ece021@kiot.ac.in for URI: /api/bookings
2026-04-28 13:01:05.942 [http-nio-8081-exec-7] INFO  c.h.h.controller.BookingController - POST /api/bookings - user: 10
2026-04-28 13:01:05.943 [http-nio-8081-exec-7] INFO  c.h.h.service.BookingService - Creating booking for user 10 room 11
2026-04-28 13:01:05.961 [http-nio-8081-exec-7] WARN  c.h.h.e.GlobalExceptionHandler - Business exception: Room is already booked for the selected dates
2026-04-28 13:01:12.043 [http-nio-8081-exec-4] DEBUG c.h.h.s.CustomUserDetailsService - Loading user by email: 2k22ece021@kiot.ac.in
2026-04-28 13:01:12.052 [http-nio-8081-exec-4] DEBUG c.h.h.config.JWTAuthFilter - Authenticated user: 2k22ece021@kiot.ac.in for URI: /api/bookings
2026-04-28 13:01:12.056 [http-nio-8081-exec-4] INFO  c.h.h.controller.BookingController - POST /api/bookings - user: 10
2026-04-28 13:01:12.056 [http-nio-8081-exec-4] INFO  c.h.h.service.BookingService - Creating booking for user 10 room 130
2026-04-28 13:01:12.079 [http-nio-8081-exec-4] INFO  c.h.h.service.BookingService - Booking created in PENDING_PAYMENT: 26 for user: 10
2026-04-28 13:01:12.104 [http-nio-8081-exec-8] DEBUG c.h.h.s.CustomUserDetailsService - Loading user by email: 2k22ece021@kiot.ac.in
2026-04-28 13:01:12.109 [http-nio-8081-exec-8] DEBUG c.h.h.config.JWTAuthFilter - Authenticated user: 2k22ece021@kiot.ac.in for URI: /api/bookings/26
2026-04-28 13:01:12.127 [http-nio-8081-exec-6] DEBUG c.h.h.s.CustomUserDetailsService - Loading user by email: 2k22ece021@kiot.ac.in
2026-04-28 13:01:12.132 [http-nio-8081-exec-1] DEBUG c.h.h.s.CustomUserDetailsService - Loading user by email: 2k22ece021@kiot.ac.in
2026-04-28 13:01:12.132 [http-nio-8081-exec-6] DEBUG c.h.h.config.JWTAuthFilter - Authenticated user: 2k22ece021@kiot.ac.in for URI: /api/bookings/26
2026-04-28 13:01:12.138 [http-nio-8081-exec-1] DEBUG c.h.h.config.JWTAuthFilter - Authenticated user: 2k22ece021@kiot.ac.in for URI: /api/payments/create-intent/26
2026-04-28 13:01:12.138 [http-nio-8081-exec-1] INFO  c.h.h.controller.PaymentController - POST /api/payments/create-intent/26
2026-04-28 13:01:12.152 [http-nio-8081-exec-10] DEBUG c.h.h.s.CustomUserDetailsService - Loading user by email: 2k22ece021@kiot.ac.in
2026-04-28 13:01:12.159 [http-nio-8081-exec-10] DEBUG c.h.h.config.JWTAuthFilter - Authenticated user: 2k22ece021@kiot.ac.in for URI: /api/payments/create-intent/26
2026-04-28 13:01:12.163 [http-nio-8081-exec-10] INFO  c.h.h.controller.PaymentController - POST /api/payments/create-intent/26
2026-04-28 13:01:12.982 [http-nio-8081-exec-1] INFO  c.h.h.service.PaymentService - Payment Intent created: pi_3TR66vK0bJhHVc9b0vKGHKS8 for booking ID: 26
2026-04-28 13:01:13.218 [http-nio-8081-exec-10] INFO  c.h.h.service.PaymentService - Payment Intent created: pi_3TR66vK0bJhHVc9b1QgCT1GR for booking ID: 26
2026-04-28 13:01:14.935 [http-nio-8081-exec-5] DEBUG c.h.h.s.CustomUserDetailsService - Loading user by email: 2k22ece021@kiot.ac.in
2026-04-28 13:01:14.940 [http-nio-8081-exec-5] DEBUG c.h.h.config.JWTAuthFilter - Authenticated user: 2k22ece021@kiot.ac.in for URI: /api/bookings/my
2026-04-28 13:01:14.944 [http-nio-8081-exec-5] INFO  c.h.h.controller.BookingController - GET /api/bookings/my - user: 10
2026-04-28 13:01:14.968 [http-nio-8081-exec-7] DEBUG c.h.h.s.CustomUserDetailsService - Loading user by email: 2k22ece021@kiot.ac.in
2026-04-28 13:01:14.973 [http-nio-8081-exec-7] DEBUG c.h.h.config.JWTAuthFilter - Authenticated user: 2k22ece021@kiot.ac.in for URI: /api/bookings/my
2026-04-28 13:01:14.974 [http-nio-8081-exec-7] INFO  c.h.h.controller.BookingController - GET /api/bookings/my - user: 10
2026-04-28 13:01:16.694 [task-4] INFO  c.h.h.service.EmailService - Booking confirmation email sent to: 2k22ece021@kiot.ac.in for booking: 26
2026-04-28 13:01:21.270 [http-nio-8081-exec-2] DEBUG c.h.h.s.CustomUserDetailsService - Loading user by email: 2k22ece021@kiot.ac.in
2026-04-28 13:01:21.270 [http-nio-8081-exec-4] DEBUG c.h.h.s.CustomUserDetailsService - Loading user by email: 2k22ece021@kiot.ac.in
2026-04-28 13:01:21.277 [http-nio-8081-exec-2] DEBUG c.h.h.config.JWTAuthFilter - Authenticated user: 2k22ece021@kiot.ac.in for URI: /api/hotels
2026-04-28 13:01:21.277 [http-nio-8081-exec-4] DEBUG c.h.h.config.JWTAuthFilter - Authenticated user: 2k22ece021@kiot.ac.in for URI: /api/hotels/locations
2026-04-28 13:01:21.278 [http-nio-8081-exec-2] INFO  c.h.h.controller.HotelController - GET /api/hotels
2026-04-28 13:01:21.285 [http-nio-8081-exec-2] INFO  c.h.h.service.HotelService - Fetched 50 hotels
2026-04-28 13:01:21.289 [http-nio-8081-exec-9] DEBUG c.h.h.s.CustomUserDetailsService - Loading user by email: 2k22ece021@kiot.ac.in
2026-04-28 13:01:21.290 [http-nio-8081-exec-8] DEBUG c.h.h.s.CustomUserDetailsService - Loading user by email: 2k22ece021@kiot.ac.in
2026-04-28 13:01:21.296 [http-nio-8081-exec-9] DEBUG c.h.h.config.JWTAuthFilter - Authenticated user: 2k22ece021@kiot.ac.in for URI: /api/hotels/locations
2026-04-28 13:01:21.299 [http-nio-8081-exec-8] DEBUG c.h.h.config.JWTAuthFilter - Authenticated user: 2k22ece021@kiot.ac.in for URI: /api/hotels
2026-04-28 13:01:21.300 [http-nio-8081-exec-8] INFO  c.h.h.controller.HotelController - GET /api/hotels
2026-04-28 13:01:21.310 [http-nio-8081-exec-8] INFO  c.h.h.service.HotelService - Fetched 50 hotels
2026-04-28 13:01:25.353 [http-nio-8081-exec-3] DEBUG c.h.h.s.CustomUserDetailsService - Loading user by email: 2k22ece021@kiot.ac.in
2026-04-28 13:01:25.360 [http-nio-8081-exec-3] DEBUG c.h.h.config.JWTAuthFilter - Authenticated user: 2k22ece021@kiot.ac.in for URI: /api/bookings/my
2026-04-28 13:01:25.365 [http-nio-8081-exec-3] INFO  c.h.h.controller.BookingController - GET /api/bookings/my - user: 10
2026-04-28 13:01:25.389 [http-nio-8081-exec-6] DEBUG c.h.h.s.CustomUserDetailsService - Loading user by email: 2k22ece021@kiot.ac.in
2026-04-28 13:01:25.403 [http-nio-8081-exec-6] DEBUG c.h.h.config.JWTAuthFilter - Authenticated user: 2k22ece021@kiot.ac.in for URI: /api/bookings/my
2026-04-28 13:01:25.408 [http-nio-8081-exec-6] INFO  c.h.h.controller.BookingController - GET /api/bookings/my - user: 10
2026-04-28 13:01:26.803 [http-nio-8081-exec-1] DEBUG c.h.h.s.CustomUserDetailsService - Loading user by email: 2k22ece021@kiot.ac.in
2026-04-28 13:01:26.811 [http-nio-8081-exec-1] DEBUG c.h.h.config.JWTAuthFilter - Authenticated user: 2k22ece021@kiot.ac.in for URI: /api/bookings/26
2026-04-28 13:01:26.831 [http-nio-8081-exec-10] DEBUG c.h.h.s.CustomUserDetailsService - Loading user by email: 2k22ece021@kiot.ac.in
2026-04-28 13:01:26.833 [http-nio-8081-exec-5] DEBUG c.h.h.s.CustomUserDetailsService - Loading user by email: 2k22ece021@kiot.ac.in
2026-04-28 13:01:26.838 [http-nio-8081-exec-10] DEBUG c.h.h.config.JWTAuthFilter - Authenticated user: 2k22ece021@kiot.ac.in for URI: /api/bookings/26
2026-04-28 13:01:26.838 [http-nio-8081-exec-5] DEBUG c.h.h.config.JWTAuthFilter - Authenticated user: 2k22ece021@kiot.ac.in for URI: /api/payments/create-intent/26
2026-04-28 13:01:26.844 [http-nio-8081-exec-5] INFO  c.h.h.controller.PaymentController - POST /api/payments/create-intent/26
2026-04-28 13:01:26.859 [http-nio-8081-exec-7] DEBUG c.h.h.s.CustomUserDetailsService - Loading user by email: 2k22ece021@kiot.ac.in
2026-04-28 13:01:26.866 [http-nio-8081-exec-7] DEBUG c.h.h.config.JWTAuthFilter - Authenticated user: 2k22ece021@kiot.ac.in for URI: /api/payments/create-intent/26
2026-04-28 13:01:26.868 [http-nio-8081-exec-7] INFO  c.h.h.controller.PaymentController - POST /api/payments/create-intent/26
2026-04-28 13:01:27.493 [http-nio-8081-exec-5] INFO  c.h.h.service.PaymentService - Payment Intent created: pi_3TR679K0bJhHVc9b0JSbUzo2 for booking ID: 26
2026-04-28 13:01:27.493 [http-nio-8081-exec-7] INFO  c.h.h.service.PaymentService - Payment Intent created: pi_3TR679K0bJhHVc9b1FAkvNP8 for booking ID: 26
2026-04-28 13:03:14.738 [http-nio-8081-exec-8] DEBUG c.h.h.s.CustomUserDetailsService - Loading user by email: 2k22ece021@kiot.ac.in
2026-04-28 13:03:14.738 [http-nio-8081-exec-3] DEBUG c.h.h.s.CustomUserDetailsService - Loading user by email: 2k22ece021@kiot.ac.in
2026-04-28 13:03:14.747 [http-nio-8081-exec-8] DEBUG c.h.h.config.JWTAuthFilter - Authenticated user: 2k22ece021@kiot.ac.in for URI: /api/hotels
2026-04-28 13:03:14.747 [http-nio-8081-exec-3] DEBUG c.h.h.config.JWTAuthFilter - Authenticated user: 2k22ece021@kiot.ac.in for URI: /api/hotels/locations
2026-04-28 13:03:14.749 [http-nio-8081-exec-8] INFO  c.h.h.controller.HotelController - GET /api/hotels
2026-04-28 13:03:14.761 [http-nio-8081-exec-6] DEBUG c.h.h.s.CustomUserDetailsService - Loading user by email: 2k22ece021@kiot.ac.in
2026-04-28 13:03:14.762 [http-nio-8081-exec-8] INFO  c.h.h.service.HotelService - Fetched 50 hotels
2026-04-28 13:03:14.769 [http-nio-8081-exec-1] DEBUG c.h.h.s.CustomUserDetailsService - Loading user by email: 2k22ece021@kiot.ac.in
2026-04-28 13:03:14.769 [http-nio-8081-exec-6] DEBUG c.h.h.config.JWTAuthFilter - Authenticated user: 2k22ece021@kiot.ac.in for URI: /api/hotels/locations
2026-04-28 13:03:14.773 [http-nio-8081-exec-1] DEBUG c.h.h.config.JWTAuthFilter - Authenticated user: 2k22ece021@kiot.ac.in for URI: /api/hotels
2026-04-28 13:03:14.775 [http-nio-8081-exec-1] INFO  c.h.h.controller.HotelController - GET /api/hotels
2026-04-28 13:03:14.783 [http-nio-8081-exec-1] INFO  c.h.h.service.HotelService - Fetched 50 hotels
2026-04-28 13:03:28.379 [SpringApplicationShutdownHook] INFO  o.s.o.j.LocalContainerEntityManagerFactoryBean - Closing JPA EntityManagerFactory for persistence unit 'default'
2026-04-28 13:03:28.383 [SpringApplicationShutdownHook] INFO  com.zaxxer.hikari.HikariDataSource - HikariPool-1 - Shutdown initiated...
2026-04-28 13:03:28.392 [SpringApplicationShutdownHook] INFO  com.zaxxer.hikari.HikariDataSource - HikariPool-1 - Shutdown completed.
2026-04-28 13:03:35.493 [background-preinit] INFO  o.h.validator.internal.util.Version - HV000001: Hibernate Validator 8.0.1.Final
2026-04-28 13:03:35.543 [main] INFO  c.h.h.HotelBackendApplication - Starting HotelBackendApplication using Java 21.0.10 with PID 15124 (D:\Hackathon\HotelBooking\hotel-backend\target\classes started by girid in D:\Hackathon\HotelBooking\hotel-backend)
2026-04-28 13:03:35.546 [main] DEBUG c.h.h.HotelBackendApplication - Running with Spring Boot v3.2.0, Spring v6.1.1
2026-04-28 13:03:35.548 [main] INFO  c.h.h.HotelBackendApplication - No active profile set, falling back to 1 default profile: "default"
2026-04-28 13:03:36.376 [main] INFO  o.s.d.r.c.RepositoryConfigurationDelegate - Bootstrapping Spring Data JPA repositories in DEFAULT mode.
2026-04-28 13:03:36.442 [main] INFO  o.s.d.r.c.RepositoryConfigurationDelegate - Finished Spring Data repository scanning in 58 ms. Found 5 JPA repository interfaces.
2026-04-28 13:03:37.113 [main] INFO  o.s.b.w.e.tomcat.TomcatWebServer - Tomcat initialized with port 8081 (http)
2026-04-28 13:03:37.123 [main] INFO  o.a.coyote.http11.Http11NioProtocol - Initializing ProtocolHandler ["http-nio-8081"]
2026-04-28 13:03:37.127 [main] INFO  o.a.catalina.core.StandardService - Starting service [Tomcat]
2026-04-28 13:03:37.128 [main] INFO  o.a.catalina.core.StandardEngine - Starting Servlet engine: [Apache Tomcat/10.1.16]
2026-04-28 13:03:37.208 [main] INFO  o.a.c.c.C.[Tomcat].[localhost].[/] - Initializing Spring embedded WebApplicationContext
2026-04-28 13:03:37.209 [main] INFO  o.s.b.w.s.c.ServletWebServerApplicationContext - Root WebApplicationContext: initialization completed in 1603 ms
2026-04-28 13:03:37.369 [main] INFO  o.h.jpa.internal.util.LogHelper - HHH000204: Processing PersistenceUnitInfo [name: default]
2026-04-28 13:03:37.444 [main] INFO  org.hibernate.Version - HHH000412: Hibernate ORM core version 6.3.1.Final
2026-04-28 13:03:37.483 [main] INFO  o.h.c.i.RegionFactoryInitiator - HHH000026: Second-level cache disabled
2026-04-28 13:03:37.862 [main] INFO  o.s.o.j.p.SpringPersistenceUnitInfo - No LoadTimeWeaver setup: ignoring JPA class transformer
2026-04-28 13:03:37.904 [main] INFO  com.zaxxer.hikari.HikariDataSource - HikariPool-1 - Starting...
2026-04-28 13:03:38.130 [main] INFO  com.zaxxer.hikari.pool.HikariPool - HikariPool-1 - Added connection com.mysql.cj.jdbc.ConnectionImpl@1d7c9811
2026-04-28 13:03:38.133 [main] INFO  com.zaxxer.hikari.HikariDataSource - HikariPool-1 - Start completed.
2026-04-28 13:03:38.213 [main] WARN  org.hibernate.orm.deprecation - HHH90000025: MySQLDialect does not need to be specified explicitly using 'hibernate.dialect' (remove the property setting and it will be selected by default)
2026-04-28 13:03:39.733 [main] INFO  o.h.e.t.j.p.i.JtaPlatformInitiator - HHH000489: No JTA platform available (set 'hibernate.transaction.jta.platform' to enable JTA platform integration)
2026-04-28 13:03:39.857 [main] INFO  o.s.o.j.LocalContainerEntityManagerFactoryBean - Initialized JPA EntityManagerFactory for persistence unit 'default'
2026-04-28 13:03:40.250 [main] DEBUG c.h.h.config.JWTAuthFilter - Filter 'JWTAuthFilter' configured for use
2026-04-28 13:03:40.560 [main] INFO  o.s.d.j.r.query.QueryEnhancerFactory - Hibernate is in classpath; If applicable, HQL parser will be used.
2026-04-28 13:03:41.412 [main] WARN  o.s.b.a.o.j.JpaBaseConfiguration$JpaWebConfiguration - spring.jpa.open-in-view is enabled by default. Therefore, database queries may be performed during view rendering. Explicitly configure spring.jpa.open-in-view to disable this warning
2026-04-28 13:03:41.775 [main] INFO  o.s.s.web.DefaultSecurityFilterChain - Will secure any request with [org.springframework.security.web.session.DisableEncodeUrlFilter@36d5677, org.springframework.security.web.context.request.async.WebAsyncManagerIntegrationFilter@261d8a9c, org.springframework.security.web.context.SecurityContextHolderFilter@1b5860fb, org.springframework.security.web.header.HeaderWriterFilter@5c10216f, org.springframework.web.filter.CorsFilter@e43189c, org.springframework.security.web.authentication.logout.LogoutFilter@4b89b14a, com.hotel.hotel_backend.config.JWTAuthFilter@690e7b89, org.springframework.security.web.savedrequest.RequestCacheAwareFilter@4c89b58, org.springframework.security.web.servletapi.SecurityContextHolderAwareRequestFilter@472cf6af, org.springframework.security.web.authentication.AnonymousAuthenticationFilter@2fce55d6, org.springframework.security.web.session.SessionManagementFilter@6a4484e6, org.springframework.security.web.access.ExceptionTranslationFilter@5596f2bb, org.springframework.security.web.access.intercept.AuthorizationFilter@4e5d611f]
2026-04-28 13:03:42.046 [main] INFO  o.a.coyote.http11.Http11NioProtocol - Starting ProtocolHandler ["http-nio-8081"]
2026-04-28 13:03:42.074 [main] INFO  o.s.b.w.e.tomcat.TomcatWebServer - Tomcat started on port 8081 (http) with context path ''
2026-04-28 13:03:42.081 [main] INFO  c.h.h.HotelBackendApplication - Started HotelBackendApplication in 7.167 seconds (process running for 7.496)
2026-04-28 13:04:02.970 [http-nio-8081-exec-5] INFO  o.a.c.c.C.[Tomcat].[localhost].[/] - Initializing Spring DispatcherServlet 'dispatcherServlet'
2026-04-28 13:04:02.972 [http-nio-8081-exec-5] INFO  o.s.web.servlet.DispatcherServlet - Initializing Servlet 'dispatcherServlet'
2026-04-28 13:04:02.974 [http-nio-8081-exec-5] INFO  o.s.web.servlet.DispatcherServlet - Completed initialization in 1 ms
2026-04-28 13:04:03.262 [http-nio-8081-exec-5] DEBUG c.h.h.s.CustomUserDetailsService - Loading user by email: 2k22ece021@kiot.ac.in
2026-04-28 13:04:03.276 [http-nio-8081-exec-5] DEBUG c.h.h.config.JWTAuthFilter - Authenticated user: 2k22ece021@kiot.ac.in for URI: /api/hotels/5
2026-04-28 13:04:03.283 [http-nio-8081-exec-5] WARN  o.s.w.s.h.HandlerMappingIntrospector - Cache miss for REQUEST dispatch to '/api/hotels/5' (previous null). Performing MatchableHandlerMapping lookup. This is logged once only at WARN level, and every time at TRACE.
2026-04-28 13:04:03.343 [http-nio-8081-exec-5] INFO  c.h.h.controller.HotelController - GET /api/hotels/5
2026-04-28 13:04:03.516 [http-nio-8081-exec-1] DEBUG c.h.h.s.CustomUserDetailsService - Loading user by email: 2k22ece021@kiot.ac.in
2026-04-28 13:04:03.523 [http-nio-8081-exec-1] DEBUG c.h.h.config.JWTAuthFilter - Authenticated user: 2k22ece021@kiot.ac.in for URI: /api/hotels/5
2026-04-28 13:04:03.527 [http-nio-8081-exec-1] INFO  c.h.h.controller.HotelController - GET /api/hotels/5
2026-04-28 13:04:07.061 [http-nio-8081-exec-2] DEBUG c.h.h.s.CustomUserDetailsService - Loading user by email: 2k22ece021@kiot.ac.in
2026-04-28 13:04:07.074 [http-nio-8081-exec-2] DEBUG c.h.h.config.JWTAuthFilter - Authenticated user: 2k22ece021@kiot.ac.in for URI: /api/bookings
2026-04-28 13:04:07.183 [http-nio-8081-exec-2] INFO  c.h.h.controller.BookingController - POST /api/bookings - user: 10
2026-04-28 13:04:07.183 [http-nio-8081-exec-2] INFO  c.h.h.service.BookingService - Creating booking for user 10 room 10
2026-04-28 13:04:07.275 [http-nio-8081-exec-2] INFO  c.h.h.service.BookingService - Booking created in PENDING_PAYMENT: 27 for user: 10
2026-04-28 13:04:07.317 [http-nio-8081-exec-4] DEBUG c.h.h.s.CustomUserDetailsService - Loading user by email: 2k22ece021@kiot.ac.in
2026-04-28 13:04:07.338 [http-nio-8081-exec-4] DEBUG c.h.h.config.JWTAuthFilter - Authenticated user: 2k22ece021@kiot.ac.in for URI: /api/bookings/27
2026-04-28 13:04:07.379 [http-nio-8081-exec-8] DEBUG c.h.h.s.CustomUserDetailsService - Loading user by email: 2k22ece021@kiot.ac.in
2026-04-28 13:04:07.385 [http-nio-8081-exec-9] DEBUG c.h.h.s.CustomUserDetailsService - Loading user by email: 2k22ece021@kiot.ac.in
2026-04-28 13:04:07.393 [http-nio-8081-exec-8] DEBUG c.h.h.config.JWTAuthFilter - Authenticated user: 2k22ece021@kiot.ac.in for URI: /api/bookings/27
2026-04-28 13:04:07.396 [http-nio-8081-exec-9] DEBUG c.h.h.config.JWTAuthFilter - Authenticated user: 2k22ece021@kiot.ac.in for URI: /api/payments/create-intent/27
2026-04-28 13:04:07.402 [http-nio-8081-exec-9] INFO  c.h.h.controller.PaymentController - POST /api/payments/create-intent/27
2026-04-28 13:04:07.424 [http-nio-8081-exec-10] DEBUG c.h.h.s.CustomUserDetailsService - Loading user by email: 2k22ece021@kiot.ac.in
2026-04-28 13:04:07.434 [http-nio-8081-exec-10] DEBUG c.h.h.config.JWTAuthFilter - Authenticated user: 2k22ece021@kiot.ac.in for URI: /api/payments/create-intent/27
2026-04-28 13:04:07.438 [http-nio-8081-exec-10] INFO  c.h.h.controller.PaymentController - POST /api/payments/create-intent/27
2026-04-28 13:04:08.844 [http-nio-8081-exec-5] DEBUG c.h.h.s.CustomUserDetailsService - Loading user by email: 2k22ece021@kiot.ac.in
2026-04-28 13:04:08.859 [http-nio-8081-exec-5] DEBUG c.h.h.config.JWTAuthFilter - Authenticated user: 2k22ece021@kiot.ac.in for URI: /api/bookings/my
2026-04-28 13:04:08.866 [http-nio-8081-exec-5] INFO  c.h.h.controller.BookingController - GET /api/bookings/my - user: 10
2026-04-28 13:04:08.914 [http-nio-8081-exec-1] DEBUG c.h.h.s.CustomUserDetailsService - Loading user by email: 2k22ece021@kiot.ac.in
2026-04-28 13:04:08.923 [http-nio-8081-exec-1] DEBUG c.h.h.config.JWTAuthFilter - Authenticated user: 2k22ece021@kiot.ac.in for URI: /api/bookings/my
2026-04-28 13:04:08.927 [http-nio-8081-exec-1] INFO  c.h.h.controller.BookingController - GET /api/bookings/my - user: 10
2026-04-28 13:04:09.200 [http-nio-8081-exec-10] INFO  c.h.h.service.PaymentService - Payment Intent created: pi_3TR69lK0bJhHVc9b0e0096aJ for booking ID: 27
2026-04-28 13:04:09.200 [http-nio-8081-exec-9] INFO  c.h.h.service.PaymentService - Payment Intent created: pi_3TR69lK0bJhHVc9b0o7ns15j for booking ID: 27
2026-04-28 13:04:12.049 [task-1] INFO  c.h.h.service.EmailService - Booking confirmation email sent to: 2k22ece021@kiot.ac.in for booking: 27
2026-04-28 13:04:13.608 [http-nio-8081-exec-6] DEBUG c.h.h.s.CustomUserDetailsService - Loading user by email: 2k22ece021@kiot.ac.in
2026-04-28 13:04:13.621 [http-nio-8081-exec-6] DEBUG c.h.h.config.JWTAuthFilter - Authenticated user: 2k22ece021@kiot.ac.in for URI: /api/bookings/27/cancel
2026-04-28 13:04:13.627 [http-nio-8081-exec-6] INFO  c.h.h.controller.BookingController - PUT /api/bookings/27/cancel - user: 10
2026-04-28 13:04:13.628 [http-nio-8081-exec-6] INFO  c.h.h.service.BookingService - Processing cancellation for booking 27 by user 10
2026-04-28 13:04:13.642 [http-nio-8081-exec-6] INFO  c.h.h.service.BookingService - Booking 27 cancelled directly by user 10
2026-04-28 13:04:13.684 [http-nio-8081-exec-3] DEBUG c.h.h.s.CustomUserDetailsService - Loading user by email: 2k22ece021@kiot.ac.in
2026-04-28 13:04:13.698 [http-nio-8081-exec-3] DEBUG c.h.h.config.JWTAuthFilter - Authenticated user: 2k22ece021@kiot.ac.in for URI: /api/bookings/my
2026-04-28 13:04:13.704 [http-nio-8081-exec-3] INFO  c.h.h.controller.BookingController - GET /api/bookings/my - user: 10
2026-04-28 13:04:16.212 [http-nio-8081-exec-4] DEBUG c.h.h.s.CustomUserDetailsService - Loading user by email: 2k22ece021@kiot.ac.in
2026-04-28 13:04:16.225 [http-nio-8081-exec-4] DEBUG c.h.h.config.JWTAuthFilter - Authenticated user: 2k22ece021@kiot.ac.in for URI: /api/hotels/5
2026-04-28 13:04:16.227 [http-nio-8081-exec-4] INFO  c.h.h.controller.HotelController - GET /api/hotels/5
2026-04-28 13:04:16.248 [http-nio-8081-exec-7] DEBUG c.h.h.s.CustomUserDetailsService - Loading user by email: 2k22ece021@kiot.ac.in
2026-04-28 13:04:16.259 [http-nio-8081-exec-7] DEBUG c.h.h.config.JWTAuthFilter - Authenticated user: 2k22ece021@kiot.ac.in for URI: /api/hotels/5
2026-04-28 13:04:16.260 [http-nio-8081-exec-7] INFO  c.h.h.controller.HotelController - GET /api/hotels/5
2026-04-28 13:04:18.398 [task-2] INFO  c.h.h.service.EmailService - Cancellation email sent to: 2k22ece021@kiot.ac.in for booking: 27
2026-04-28 13:04:19.715 [http-nio-8081-exec-8] DEBUG c.h.h.s.CustomUserDetailsService - Loading user by email: 2k22ece021@kiot.ac.in
2026-04-28 13:04:19.725 [http-nio-8081-exec-8] DEBUG c.h.h.config.JWTAuthFilter - Authenticated user: 2k22ece021@kiot.ac.in for URI: /api/bookings
2026-04-28 13:04:19.733 [http-nio-8081-exec-8] INFO  c.h.h.controller.BookingController - POST /api/bookings - user: 10
2026-04-28 13:04:19.735 [http-nio-8081-exec-8] INFO  c.h.h.service.BookingService - Creating booking for user 10 room 9
2026-04-28 13:04:19.760 [http-nio-8081-exec-8] WARN  c.h.h.e.GlobalExceptionHandler - Business exception: Room is already booked for the selected dates
2026-04-28 13:04:24.343 [http-nio-8081-exec-1] DEBUG c.h.h.s.CustomUserDetailsService - Loading user by email: 2k22ece021@kiot.ac.in
2026-04-28 13:04:24.343 [http-nio-8081-exec-5] DEBUG c.h.h.s.CustomUserDetailsService - Loading user by email: 2k22ece021@kiot.ac.in
2026-04-28 13:04:24.355 [http-nio-8081-exec-5] DEBUG c.h.h.config.JWTAuthFilter - Authenticated user: 2k22ece021@kiot.ac.in for URI: /api/hotels
2026-04-28 13:04:24.357 [http-nio-8081-exec-1] DEBUG c.h.h.config.JWTAuthFilter - Authenticated user: 2k22ece021@kiot.ac.in for URI: /api/hotels/locations
2026-04-28 13:04:24.358 [http-nio-8081-exec-5] INFO  c.h.h.controller.HotelController - GET /api/hotels
2026-04-28 13:04:24.376 [http-nio-8081-exec-10] DEBUG c.h.h.s.CustomUserDetailsService - Loading user by email: 2k22ece021@kiot.ac.in
2026-04-28 13:04:24.390 [http-nio-8081-exec-10] DEBUG c.h.h.config.JWTAuthFilter - Authenticated user: 2k22ece021@kiot.ac.in for URI: /api/hotels/locations
2026-04-28 13:04:24.400 [http-nio-8081-exec-5] INFO  c.h.h.service.HotelService - Fetched 50 hotels
2026-04-28 13:04:24.412 [http-nio-8081-exec-9] DEBUG c.h.h.s.CustomUserDetailsService - Loading user by email: 2k22ece021@kiot.ac.in
2026-04-28 13:04:24.423 [http-nio-8081-exec-9] DEBUG c.h.h.config.JWTAuthFilter - Authenticated user: 2k22ece021@kiot.ac.in for URI: /api/hotels
2026-04-28 13:04:24.425 [http-nio-8081-exec-9] INFO  c.h.h.controller.HotelController - GET /api/hotels
2026-04-28 13:04:24.446 [http-nio-8081-exec-9] INFO  c.h.h.service.HotelService - Fetched 50 hotels
2026-04-28 13:04:27.092 [http-nio-8081-exec-2] DEBUG c.h.h.s.CustomUserDetailsService - Loading user by email: 2k22ece021@kiot.ac.in
2026-04-28 13:04:27.102 [http-nio-8081-exec-2] DEBUG c.h.h.config.JWTAuthFilter - Authenticated user: 2k22ece021@kiot.ac.in for URI: /api/hotels/5
2026-04-28 13:04:27.106 [http-nio-8081-exec-2] INFO  c.h.h.controller.HotelController - GET /api/hotels/5
2026-04-28 13:04:27.125 [http-nio-8081-exec-6] DEBUG c.h.h.s.CustomUserDetailsService - Loading user by email: 2k22ece021@kiot.ac.in
2026-04-28 13:04:27.132 [http-nio-8081-exec-6] DEBUG c.h.h.config.JWTAuthFilter - Authenticated user: 2k22ece021@kiot.ac.in for URI: /api/hotels/5
2026-04-28 13:04:27.136 [http-nio-8081-exec-6] INFO  c.h.h.controller.HotelController - GET /api/hotels/5
2026-04-28 13:04:33.819 [http-nio-8081-exec-3] DEBUG c.h.h.s.CustomUserDetailsService - Loading user by email: 2k22ece021@kiot.ac.in
2026-04-28 13:04:33.830 [http-nio-8081-exec-3] DEBUG c.h.h.config.JWTAuthFilter - Authenticated user: 2k22ece021@kiot.ac.in for URI: /api/bookings
2026-04-28 13:04:33.835 [http-nio-8081-exec-3] INFO  c.h.h.controller.BookingController - POST /api/bookings - user: 10
2026-04-28 13:04:33.835 [http-nio-8081-exec-3] INFO  c.h.h.service.BookingService - Creating booking for user 10 room 130
2026-04-28 13:04:33.854 [http-nio-8081-exec-3] WARN  c.h.h.e.GlobalExceptionHandler - Business exception: Room is already booked for the selected dates
2026-04-28 13:04:48.724 [http-nio-8081-exec-4] DEBUG c.h.h.s.CustomUserDetailsService - Loading user by email: 2k22ece021@kiot.ac.in
2026-04-28 13:04:48.739 [http-nio-8081-exec-4] DEBUG c.h.h.config.JWTAuthFilter - Authenticated user: 2k22ece021@kiot.ac.in for URI: /api/bookings
2026-04-28 13:04:48.744 [http-nio-8081-exec-4] INFO  c.h.h.controller.BookingController - POST /api/bookings - user: 10
2026-04-28 13:04:48.744 [http-nio-8081-exec-4] INFO  c.h.h.service.BookingService - Creating booking for user 10 room 130
2026-04-28 13:04:48.779 [http-nio-8081-exec-4] INFO  c.h.h.service.BookingService - Booking created in PENDING_PAYMENT: 28 for user: 10
2026-04-28 13:04:48.805 [http-nio-8081-exec-1] DEBUG c.h.h.s.CustomUserDetailsService - Loading user by email: 2k22ece021@kiot.ac.in
2026-04-28 13:04:48.817 [http-nio-8081-exec-1] DEBUG c.h.h.config.JWTAuthFilter - Authenticated user: 2k22ece021@kiot.ac.in for URI: /api/bookings/28
2026-04-28 13:04:48.841 [http-nio-8081-exec-10] DEBUG c.h.h.s.CustomUserDetailsService - Loading user by email: 2k22ece021@kiot.ac.in
2026-04-28 13:04:48.848 [http-nio-8081-exec-9] DEBUG c.h.h.s.CustomUserDetailsService - Loading user by email: 2k22ece021@kiot.ac.in
2026-04-28 13:04:48.850 [http-nio-8081-exec-10] DEBUG c.h.h.config.JWTAuthFilter - Authenticated user: 2k22ece021@kiot.ac.in for URI: /api/bookings/28
2026-04-28 13:04:48.859 [http-nio-8081-exec-9] DEBUG c.h.h.config.JWTAuthFilter - Authenticated user: 2k22ece021@kiot.ac.in for URI: /api/payments/create-intent/28
2026-04-28 13:04:48.862 [http-nio-8081-exec-9] INFO  c.h.h.controller.PaymentController - POST /api/payments/create-intent/28
2026-04-28 13:04:48.874 [http-nio-8081-exec-2] DEBUG c.h.h.s.CustomUserDetailsService - Loading user by email: 2k22ece021@kiot.ac.in
2026-04-28 13:04:48.882 [http-nio-8081-exec-2] DEBUG c.h.h.config.JWTAuthFilter - Authenticated user: 2k22ece021@kiot.ac.in for URI: /api/payments/create-intent/28
2026-04-28 13:04:48.887 [http-nio-8081-exec-2] INFO  c.h.h.controller.PaymentController - POST /api/payments/create-intent/28
2026-04-28 13:04:49.628 [http-nio-8081-exec-9] INFO  c.h.h.service.PaymentService - Payment Intent created: pi_3TR6AQK0bJhHVc9b0NzTxzGu for booking ID: 28
2026-04-28 13:04:49.628 [http-nio-8081-exec-2] INFO  c.h.h.service.PaymentService - Payment Intent created: pi_3TR6AQK0bJhHVc9b1YuOsO1V for booking ID: 28
2026-04-28 13:04:53.210 [task-3] INFO  c.h.h.service.EmailService - Booking confirmation email sent to: 2k22ece021@kiot.ac.in for booking: 28
2026-04-28 13:05:09.925 [http-nio-8081-exec-3] DEBUG c.h.h.s.CustomUserDetailsService - Loading user by email: 2k22ece021@kiot.ac.in
2026-04-28 13:05:09.933 [http-nio-8081-exec-3] DEBUG c.h.h.config.JWTAuthFilter - Authenticated user: 2k22ece021@kiot.ac.in for URI: /api/payments/confirm/28
2026-04-28 13:05:09.938 [http-nio-8081-exec-3] INFO  c.h.h.controller.PaymentController - POST /api/payments/confirm/28
2026-04-28 13:05:09.955 [http-nio-8081-exec-3] INFO  c.h.h.service.PaymentService - Booking 28 marked as CONFIRMED. Sending email...
2026-04-28 13:05:09.969 [task-4] ERROR o.s.a.i.SimpleAsyncUncaughtExceptionHandler - Unexpected exception occurred invoking async method: public void com.hotel.hotel_backend.service.EmailService.sendBookingConfirmation(java.lang.String,java.lang.String,com.hotel.hotel_backend.entity.Booking)
org.hibernate.LazyInitializationException: could not initialize proxy [com.hotel.hotel_backend.entity.Hotel#5] - no Session
	at org.hibernate.proxy.AbstractLazyInitializer.initialize(AbstractLazyInitializer.java:164)
	at org.hibernate.proxy.AbstractLazyInitializer.getImplementation(AbstractLazyInitializer.java:310)
	at org.hibernate.proxy.pojo.bytebuddy.ByteBuddyInterceptor.intercept(ByteBuddyInterceptor.java:44)
	at org.hibernate.proxy.ProxyConfiguration$InterceptorDispatcher.intercept(ProxyConfiguration.java:102)
	at com.hotel.hotel_backend.entity.Hotel$HibernateProxy$dZFbNy0g.getName(Unknown Source)
	at com.hotel.hotel_backend.service.EmailService.buildBookingConfirmationHtml(EmailService.java:141)
	at com.hotel.hotel_backend.service.EmailService.sendBookingConfirmation(EmailService.java:51)
	at java.base/jdk.internal.reflect.DirectMethodHandleAccessor.invoke(DirectMethodHandleAccessor.java:103)
	at java.base/java.lang.reflect.Method.invoke(Method.java:580)
	at org.springframework.aop.support.AopUtils.invokeJoinpointUsingReflection(AopUtils.java:352)
	at org.springframework.aop.framework.ReflectiveMethodInvocation.invokeJoinpoint(ReflectiveMethodInvocation.java:196)
	at org.springframework.aop.framework.ReflectiveMethodInvocation.proceed(ReflectiveMethodInvocation.java:163)
	at org.springframework.aop.framework.CglibAopProxy$CglibMethodInvocation.proceed(CglibAopProxy.java:765)
	at org.springframework.aop.interceptor.AsyncExecutionInterceptor.lambda$invoke$0(AsyncExecutionInterceptor.java:115)
	at java.base/java.util.concurrent.FutureTask.run(FutureTask.java:317)
	at java.base/java.util.concurrent.ThreadPoolExecutor.runWorker(ThreadPoolExecutor.java:1144)
	at java.base/java.util.concurrent.ThreadPoolExecutor$Worker.run(ThreadPoolExecutor.java:642)
	at java.base/java.lang.Thread.run(Thread.java:1583)
2026-04-28 13:05:11.488 [http-nio-8081-exec-4] DEBUG c.h.h.s.CustomUserDetailsService - Loading user by email: 2k22ece021@kiot.ac.in
2026-04-28 13:05:11.498 [http-nio-8081-exec-4] DEBUG c.h.h.config.JWTAuthFilter - Authenticated user: 2k22ece021@kiot.ac.in for URI: /api/bookings/my
2026-04-28 13:05:11.504 [http-nio-8081-exec-4] INFO  c.h.h.controller.BookingController - GET /api/bookings/my - user: 10
2026-04-28 13:05:11.538 [http-nio-8081-exec-7] DEBUG c.h.h.s.CustomUserDetailsService - Loading user by email: 2k22ece021@kiot.ac.in
2026-04-28 13:05:11.548 [http-nio-8081-exec-7] DEBUG c.h.h.config.JWTAuthFilter - Authenticated user: 2k22ece021@kiot.ac.in for URI: /api/bookings/my
2026-04-28 13:05:11.552 [http-nio-8081-exec-7] INFO  c.h.h.controller.BookingController - GET /api/bookings/my - user: 10
2026-04-28 13:06:27.944 [http-nio-8081-exec-5] DEBUG c.h.h.s.CustomUserDetailsService - Loading user by email: 2k22ece021@kiot.ac.in
2026-04-28 13:06:27.949 [http-nio-8081-exec-5] DEBUG c.h.h.config.JWTAuthFilter - Authenticated user: 2k22ece021@kiot.ac.in for URI: /api/bookings/my
2026-04-28 13:06:27.951 [http-nio-8081-exec-5] INFO  c.h.h.controller.BookingController - GET /api/bookings/my - user: 10
2026-04-28 13:06:36.956 [http-nio-8081-exec-10] DEBUG c.h.h.s.CustomUserDetailsService - Loading user by email: 2k22ece021@kiot.ac.in
2026-04-28 13:06:36.961 [http-nio-8081-exec-10] DEBUG c.h.h.config.JWTAuthFilter - Authenticated user: 2k22ece021@kiot.ac.in for URI: /api/bookings/my
2026-04-28 13:06:36.962 [http-nio-8081-exec-10] INFO  c.h.h.controller.BookingController - GET /api/bookings/my - user: 10
2026-04-28 13:06:46.878 [SpringApplicationShutdownHook] INFO  o.s.o.j.LocalContainerEntityManagerFactoryBean - Closing JPA EntityManagerFactory for persistence unit 'default'
2026-04-28 13:06:46.880 [SpringApplicationShutdownHook] INFO  com.zaxxer.hikari.HikariDataSource - HikariPool-1 - Shutdown initiated...
2026-04-28 13:06:46.889 [SpringApplicationShutdownHook] INFO  com.zaxxer.hikari.HikariDataSource - HikariPool-1 - Shutdown completed.
2026-04-28 13:06:53.997 [background-preinit] INFO  o.h.validator.internal.util.Version - HV000001: Hibernate Validator 8.0.1.Final
2026-04-28 13:06:54.045 [main] INFO  c.h.h.HotelBackendApplication - Starting HotelBackendApplication using Java 21.0.10 with PID 30248 (D:\Hackathon\HotelBooking\hotel-backend\target\classes started by girid in D:\Hackathon\HotelBooking\hotel-backend)
2026-04-28 13:06:54.046 [main] DEBUG c.h.h.HotelBackendApplication - Running with Spring Boot v3.2.0, Spring v6.1.1
2026-04-28 13:06:54.046 [main] INFO  c.h.h.HotelBackendApplication - No active profile set, falling back to 1 default profile: "default"
2026-04-28 13:06:54.717 [main] INFO  o.s.d.r.c.RepositoryConfigurationDelegate - Bootstrapping Spring Data JPA repositories in DEFAULT mode.
2026-04-28 13:06:54.791 [main] INFO  o.s.d.r.c.RepositoryConfigurationDelegate - Finished Spring Data repository scanning in 64 ms. Found 5 JPA repository interfaces.
2026-04-28 13:06:55.375 [main] INFO  o.s.b.w.e.tomcat.TomcatWebServer - Tomcat initialized with port 8081 (http)
2026-04-28 13:06:55.390 [main] INFO  o.a.coyote.http11.Http11NioProtocol - Initializing ProtocolHandler ["http-nio-8081"]
2026-04-28 13:06:55.391 [main] INFO  o.a.catalina.core.StandardService - Starting service [Tomcat]
2026-04-28 13:06:55.394 [main] INFO  o.a.catalina.core.StandardEngine - Starting Servlet engine: [Apache Tomcat/10.1.16]
2026-04-28 13:06:55.451 [main] INFO  o.a.c.c.C.[Tomcat].[localhost].[/] - Initializing Spring embedded WebApplicationContext
2026-04-28 13:06:55.452 [main] INFO  o.s.b.w.s.c.ServletWebServerApplicationContext - Root WebApplicationContext: initialization completed in 1354 ms
2026-04-28 13:06:55.580 [main] INFO  o.h.jpa.internal.util.LogHelper - HHH000204: Processing PersistenceUnitInfo [name: default]
2026-04-28 13:06:55.630 [main] INFO  org.hibernate.Version - HHH000412: Hibernate ORM core version 6.3.1.Final
2026-04-28 13:06:55.657 [main] INFO  o.h.c.i.RegionFactoryInitiator - HHH000026: Second-level cache disabled
2026-04-28 13:06:55.866 [main] INFO  o.s.o.j.p.SpringPersistenceUnitInfo - No LoadTimeWeaver setup: ignoring JPA class transformer
2026-04-28 13:06:55.889 [main] INFO  com.zaxxer.hikari.HikariDataSource - HikariPool-1 - Starting...
2026-04-28 13:06:56.046 [main] INFO  com.zaxxer.hikari.pool.HikariPool - HikariPool-1 - Added connection com.mysql.cj.jdbc.ConnectionImpl@48632f69
2026-04-28 13:06:56.048 [main] INFO  com.zaxxer.hikari.HikariDataSource - HikariPool-1 - Start completed.
2026-04-28 13:06:56.100 [main] WARN  org.hibernate.orm.deprecation - HHH90000025: MySQLDialect does not need to be specified explicitly using 'hibernate.dialect' (remove the property setting and it will be selected by default)
2026-04-28 13:06:57.110 [main] INFO  o.h.e.t.j.p.i.JtaPlatformInitiator - HHH000489: No JTA platform available (set 'hibernate.transaction.jta.platform' to enable JTA platform integration)
2026-04-28 13:06:57.262 [main] INFO  o.s.o.j.LocalContainerEntityManagerFactoryBean - Initialized JPA EntityManagerFactory for persistence unit 'default'
2026-04-28 13:06:57.583 [main] DEBUG c.h.h.config.JWTAuthFilter - Filter 'JWTAuthFilter' configured for use
2026-04-28 13:06:57.810 [main] INFO  o.s.d.j.r.query.QueryEnhancerFactory - Hibernate is in classpath; If applicable, HQL parser will be used.
2026-04-28 13:06:58.512 [main] WARN  o.s.b.a.o.j.JpaBaseConfiguration$JpaWebConfiguration - spring.jpa.open-in-view is enabled by default. Therefore, database queries may be performed during view rendering. Explicitly configure spring.jpa.open-in-view to disable this warning
2026-04-28 13:06:58.810 [main] INFO  o.s.s.web.DefaultSecurityFilterChain - Will secure any request with [org.springframework.security.web.session.DisableEncodeUrlFilter@418422c3, org.springframework.security.web.context.request.async.WebAsyncManagerIntegrationFilter@4b89b14a, org.springframework.security.web.context.SecurityContextHolderFilter@37a53e65, org.springframework.security.web.header.HeaderWriterFilter@1af2c5c8, org.springframework.web.filter.CorsFilter@6f139a8f, org.springframework.security.web.authentication.logout.LogoutFilter@3519fc2a, com.hotel.hotel_backend.config.JWTAuthFilter@643a73fa, org.springframework.security.web.savedrequest.RequestCacheAwareFilter@7b6b3ed6, org.springframework.security.web.servletapi.SecurityContextHolderAwareRequestFilter@762cfcc1, org.springframework.security.web.authentication.AnonymousAuthenticationFilter@7cf517f6, org.springframework.security.web.session.SessionManagementFilter@6dc6608c, org.springframework.security.web.access.ExceptionTranslationFilter@2040722f, org.springframework.security.web.access.intercept.AuthorizationFilter@1b2234a5]
2026-04-28 13:06:59.144 [main] INFO  o.a.coyote.http11.Http11NioProtocol - Starting ProtocolHandler ["http-nio-8081"]
2026-04-28 13:06:59.167 [main] INFO  o.s.b.w.e.tomcat.TomcatWebServer - Tomcat started on port 8081 (http) with context path ''
2026-04-28 13:06:59.173 [main] INFO  c.h.h.HotelBackendApplication - Started HotelBackendApplication in 5.686 seconds (process running for 5.999)
2026-04-28 13:07:06.655 [http-nio-8081-exec-1] INFO  o.a.c.c.C.[Tomcat].[localhost].[/] - Initializing Spring DispatcherServlet 'dispatcherServlet'
2026-04-28 13:07:06.656 [http-nio-8081-exec-1] INFO  o.s.web.servlet.DispatcherServlet - Initializing Servlet 'dispatcherServlet'
2026-04-28 13:07:06.659 [http-nio-8081-exec-1] INFO  o.s.web.servlet.DispatcherServlet - Completed initialization in 1 ms
2026-04-28 13:07:06.973 [http-nio-8081-exec-1] DEBUG c.h.h.s.CustomUserDetailsService - Loading user by email: 2k22ece021@kiot.ac.in
2026-04-28 13:07:06.987 [http-nio-8081-exec-1] DEBUG c.h.h.config.JWTAuthFilter - Authenticated user: 2k22ece021@kiot.ac.in for URI: /api/bookings/my
2026-04-28 13:07:06.992 [http-nio-8081-exec-1] WARN  o.s.w.s.h.HandlerMappingIntrospector - Cache miss for REQUEST dispatch to '/api/bookings/my' (previous null). Performing MatchableHandlerMapping lookup. This is logged once only at WARN level, and every time at TRACE.
2026-04-28 13:07:07.088 [http-nio-8081-exec-1] INFO  c.h.h.controller.BookingController - GET /api/bookings/my - user: 10
2026-04-28 13:07:07.279 [http-nio-8081-exec-6] DEBUG c.h.h.s.CustomUserDetailsService - Loading user by email: 2k22ece021@kiot.ac.in
2026-04-28 13:07:07.288 [http-nio-8081-exec-6] DEBUG c.h.h.config.JWTAuthFilter - Authenticated user: 2k22ece021@kiot.ac.in for URI: /api/bookings/my
2026-04-28 13:07:07.293 [http-nio-8081-exec-6] INFO  c.h.h.controller.BookingController - GET /api/bookings/my - user: 10
2026-04-28 13:07:13.770 [http-nio-8081-exec-4] DEBUG c.h.h.s.CustomUserDetailsService - Loading user by email: 2k22ece021@kiot.ac.in
2026-04-28 13:07:13.783 [http-nio-8081-exec-4] DEBUG c.h.h.config.JWTAuthFilter - Authenticated user: 2k22ece021@kiot.ac.in for URI: /api/bookings/28/cancel
2026-04-28 13:07:13.807 [http-nio-8081-exec-4] INFO  c.h.h.controller.BookingController - PUT /api/bookings/28/cancel - user: 10
2026-04-28 13:07:13.811 [http-nio-8081-exec-4] INFO  c.h.h.service.BookingService - Processing cancellation for booking 28 by user 10
2026-04-28 13:07:13.831 [http-nio-8081-exec-4] INFO  c.h.h.service.BookingService - Refund request initiated for booking 28 by user 10
2026-04-28 13:07:13.877 [http-nio-8081-exec-4] INFO  c.h.h.service.BookingService - Refund request stored for admin review.
2026-04-28 13:07:13.903 [http-nio-8081-exec-5] DEBUG c.h.h.s.CustomUserDetailsService - Loading user by email: 2k22ece021@kiot.ac.in
2026-04-28 13:07:13.917 [http-nio-8081-exec-5] DEBUG c.h.h.config.JWTAuthFilter - Authenticated user: 2k22ece021@kiot.ac.in for URI: /api/bookings/my
2026-04-28 13:07:13.924 [http-nio-8081-exec-5] INFO  c.h.h.controller.BookingController - GET /api/bookings/my - user: 10
2026-04-28 13:07:27.739 [http-nio-8081-exec-7] DEBUG c.h.h.s.CustomUserDetailsService - Loading user by email: 2k22ece021@kiot.ac.in
2026-04-28 13:07:27.739 [http-nio-8081-exec-3] DEBUG c.h.h.s.CustomUserDetailsService - Loading user by email: 2k22ece021@kiot.ac.in
2026-04-28 13:07:27.755 [http-nio-8081-exec-7] DEBUG c.h.h.config.JWTAuthFilter - Authenticated user: 2k22ece021@kiot.ac.in for URI: /api/hotels/locations
2026-04-28 13:07:27.754 [http-nio-8081-exec-3] DEBUG c.h.h.config.JWTAuthFilter - Authenticated user: 2k22ece021@kiot.ac.in for URI: /api/hotels
2026-04-28 13:07:27.761 [http-nio-8081-exec-3] INFO  c.h.h.controller.HotelController - GET /api/hotels
2026-04-28 13:07:27.784 [http-nio-8081-exec-7] DEBUG c.h.h.s.CustomUserDetailsService - Loading user by email: 2k22ece021@kiot.ac.in
2026-04-28 13:07:27.796 [http-nio-8081-exec-7] DEBUG c.h.h.config.JWTAuthFilter - Authenticated user: 2k22ece021@kiot.ac.in for URI: /api/hotels/locations
2026-04-28 13:07:27.817 [http-nio-8081-exec-3] INFO  c.h.h.service.HotelService - Fetched 50 hotels
2026-04-28 13:07:27.877 [http-nio-8081-exec-10] DEBUG c.h.h.s.CustomUserDetailsService - Loading user by email: 2k22ece021@kiot.ac.in
2026-04-28 13:07:27.912 [http-nio-8081-exec-10] DEBUG c.h.h.config.JWTAuthFilter - Authenticated user: 2k22ece021@kiot.ac.in for URI: /api/hotels
2026-04-28 13:07:27.914 [http-nio-8081-exec-10] INFO  c.h.h.controller.HotelController - GET /api/hotels
2026-04-28 13:07:27.946 [http-nio-8081-exec-10] INFO  c.h.h.service.HotelService - Fetched 50 hotels
2026-04-28 13:07:45.667 [http-nio-8081-exec-9] INFO  c.h.h.controller.AuthController - POST /api/auth/login - email: admin@hotel.com
2026-04-28 13:07:45.668 [http-nio-8081-exec-9] INFO  c.h.h.service.UserService - Login attempt for email: admin@hotel.com
2026-04-28 13:07:45.866 [http-nio-8081-exec-9] DEBUG c.h.h.s.CustomUserDetailsService - Loading user by email: admin@hotel.com
2026-04-28 13:07:46.111 [http-nio-8081-exec-9] INFO  c.h.h.service.UserService - User logged in successfully: admin@hotel.com
2026-04-28 13:07:46.131 [http-nio-8081-exec-8] DEBUG c.h.h.s.CustomUserDetailsService - Loading user by email: admin@hotel.com
2026-04-28 13:07:46.132 [http-nio-8081-exec-1] DEBUG c.h.h.s.CustomUserDetailsService - Loading user by email: admin@hotel.com
2026-04-28 13:07:46.139 [http-nio-8081-exec-1] DEBUG c.h.h.config.JWTAuthFilter - Authenticated user: admin@hotel.com for URI: /api/hotels/locations
2026-04-28 13:07:46.139 [http-nio-8081-exec-8] DEBUG c.h.h.config.JWTAuthFilter - Authenticated user: admin@hotel.com for URI: /api/hotels
2026-04-28 13:07:46.142 [http-nio-8081-exec-8] INFO  c.h.h.controller.HotelController - GET /api/hotels
2026-04-28 13:07:46.153 [http-nio-8081-exec-6] DEBUG c.h.h.s.CustomUserDetailsService - Loading user by email: admin@hotel.com
2026-04-28 13:07:46.167 [http-nio-8081-exec-6] DEBUG c.h.h.config.JWTAuthFilter - Authenticated user: admin@hotel.com for URI: /api/hotels/locations
2026-04-28 13:07:46.173 [http-nio-8081-exec-8] INFO  c.h.h.service.HotelService - Fetched 50 hotels
2026-04-28 13:07:46.183 [http-nio-8081-exec-2] DEBUG c.h.h.s.CustomUserDetailsService - Loading user by email: admin@hotel.com
2026-04-28 13:07:46.194 [http-nio-8081-exec-2] DEBUG c.h.h.config.JWTAuthFilter - Authenticated user: admin@hotel.com for URI: /api/hotels
2026-04-28 13:07:46.196 [http-nio-8081-exec-2] INFO  c.h.h.controller.HotelController - GET /api/hotels
2026-04-28 13:07:46.217 [http-nio-8081-exec-2] INFO  c.h.h.service.HotelService - Fetched 50 hotels
2026-04-28 13:07:49.758 [http-nio-8081-exec-4] DEBUG c.h.h.s.CustomUserDetailsService - Loading user by email: admin@hotel.com
2026-04-28 13:07:49.768 [http-nio-8081-exec-4] DEBUG c.h.h.config.JWTAuthFilter - Authenticated user: admin@hotel.com for URI: /api/hotels
2026-04-28 13:07:49.770 [http-nio-8081-exec-4] INFO  c.h.h.controller.HotelController - GET /api/hotels
2026-04-28 13:07:49.801 [http-nio-8081-exec-4] INFO  c.h.h.service.HotelService - Fetched 50 hotels
2026-04-28 13:07:49.827 [http-nio-8081-exec-5] DEBUG c.h.h.s.CustomUserDetailsService - Loading user by email: admin@hotel.com
2026-04-28 13:07:49.844 [http-nio-8081-exec-5] DEBUG c.h.h.config.JWTAuthFilter - Authenticated user: admin@hotel.com for URI: /api/hotels
2026-04-28 13:07:49.851 [http-nio-8081-exec-5] INFO  c.h.h.controller.HotelController - GET /api/hotels
2026-04-28 13:07:49.882 [http-nio-8081-exec-5] INFO  c.h.h.service.HotelService - Fetched 50 hotels
2026-04-28 13:07:52.678 [http-nio-8081-exec-3] DEBUG c.h.h.s.CustomUserDetailsService - Loading user by email: admin@hotel.com
2026-04-28 13:07:52.685 [http-nio-8081-exec-3] DEBUG c.h.h.config.JWTAuthFilter - Authenticated user: admin@hotel.com for URI: /api/bookings/admin/all
2026-04-28 13:07:56.398 [http-nio-8081-exec-9] DEBUG c.h.h.s.CustomUserDetailsService - Loading user by email: admin@hotel.com
2026-04-28 13:07:56.409 [http-nio-8081-exec-9] DEBUG c.h.h.config.JWTAuthFilter - Authenticated user: admin@hotel.com for URI: /api/bookings/admin/28/approve-refund
2026-04-28 13:07:56.416 [http-nio-8081-exec-9] INFO  c.h.h.controller.BookingController - PUT /api/bookings/admin/28/approve-refund
2026-04-28 13:07:56.417 [http-nio-8081-exec-9] INFO  c.h.h.service.BookingService - Admin approving refund for booking 28
2026-04-28 13:07:56.446 [http-nio-8081-exec-9] INFO  c.h.h.service.BookingService - Booking 28 marked as REFUNDED by admin
2026-04-28 13:07:56.460 [http-nio-8081-exec-1] DEBUG c.h.h.s.CustomUserDetailsService - Loading user by email: admin@hotel.com
2026-04-28 13:07:56.472 [http-nio-8081-exec-1] DEBUG c.h.h.config.JWTAuthFilter - Authenticated user: admin@hotel.com for URI: /api/bookings/admin/all
2026-04-28 13:08:01.142 [http-nio-8081-exec-6] DEBUG c.h.h.s.CustomUserDetailsService - Loading user by email: admin@hotel.com
2026-04-28 13:08:01.152 [http-nio-8081-exec-6] DEBUG c.h.h.config.JWTAuthFilter - Authenticated user: admin@hotel.com for URI: /api/bookings/my
2026-04-28 13:08:01.162 [http-nio-8081-exec-6] WARN  c.h.h.e.GlobalExceptionHandler - Access denied: Access Denied
2026-04-28 13:08:01.173 [http-nio-8081-exec-8] DEBUG c.h.h.s.CustomUserDetailsService - Loading user by email: admin@hotel.com
2026-04-28 13:08:01.183 [http-nio-8081-exec-8] DEBUG c.h.h.config.JWTAuthFilter - Authenticated user: admin@hotel.com for URI: /api/bookings/my
2026-04-28 13:08:01.188 [http-nio-8081-exec-8] WARN  c.h.h.e.GlobalExceptionHandler - Access denied: Access Denied
2026-04-28 13:08:01.936 [task-1] INFO  c.h.h.service.EmailService - Cancellation email sent to: 2k22ece021@kiot.ac.in for booking: 28
2026-04-28 13:08:17.052 [http-nio-8081-exec-2] INFO  c.h.h.controller.HotelController - GET /api/hotels
2026-04-28 13:08:17.060 [http-nio-8081-exec-2] INFO  c.h.h.service.HotelService - Fetched 50 hotels
2026-04-28 13:08:17.068 [http-nio-8081-exec-7] INFO  c.h.h.controller.HotelController - GET /api/hotels
2026-04-28 13:08:17.089 [http-nio-8081-exec-7] INFO  c.h.h.service.HotelService - Fetched 50 hotels
2026-04-28 13:08:54.574 [http-nio-8081-exec-3] INFO  c.h.h.controller.AuthController - POST /api/auth/login - email: 2k22ece021@kiot.ac.in
2026-04-28 13:08:54.574 [http-nio-8081-exec-3] INFO  c.h.h.service.UserService - Login attempt for email: 2k22ece021@kiot.ac.in
2026-04-28 13:08:54.574 [http-nio-8081-exec-3] DEBUG c.h.h.s.CustomUserDetailsService - Loading user by email: 2k22ece021@kiot.ac.in
2026-04-28 13:08:54.783 [http-nio-8081-exec-3] INFO  c.h.h.service.UserService - User logged in successfully: 2k22ece021@kiot.ac.in
2026-04-28 13:08:54.810 [http-nio-8081-exec-9] DEBUG c.h.h.s.CustomUserDetailsService - Loading user by email: 2k22ece021@kiot.ac.in
2026-04-28 13:08:54.810 [http-nio-8081-exec-10] DEBUG c.h.h.s.CustomUserDetailsService - Loading user by email: 2k22ece021@kiot.ac.in
2026-04-28 13:08:54.819 [http-nio-8081-exec-10] DEBUG c.h.h.config.JWTAuthFilter - Authenticated user: 2k22ece021@kiot.ac.in for URI: /api/hotels
2026-04-28 13:08:54.819 [http-nio-8081-exec-9] DEBUG c.h.h.config.JWTAuthFilter - Authenticated user: 2k22ece021@kiot.ac.in for URI: /api/hotels/locations
2026-04-28 13:08:54.819 [http-nio-8081-exec-10] INFO  c.h.h.controller.HotelController - GET /api/hotels
2026-04-28 13:08:54.833 [http-nio-8081-exec-1] DEBUG c.h.h.s.CustomUserDetailsService - Loading user by email: 2k22ece021@kiot.ac.in
2026-04-28 13:08:54.836 [http-nio-8081-exec-10] INFO  c.h.h.service.HotelService - Fetched 50 hotels
2026-04-28 13:08:54.846 [http-nio-8081-exec-1] DEBUG c.h.h.config.JWTAuthFilter - Authenticated user: 2k22ece021@kiot.ac.in for URI: /api/hotels/locations
2026-04-28 13:08:54.846 [http-nio-8081-exec-6] DEBUG c.h.h.s.CustomUserDetailsService - Loading user by email: 2k22ece021@kiot.ac.in
2026-04-28 13:08:54.863 [http-nio-8081-exec-6] DEBUG c.h.h.config.JWTAuthFilter - Authenticated user: 2k22ece021@kiot.ac.in for URI: /api/hotels
2026-04-28 13:08:54.868 [http-nio-8081-exec-6] INFO  c.h.h.controller.HotelController - GET /api/hotels
2026-04-28 13:08:54.878 [http-nio-8081-exec-6] INFO  c.h.h.service.HotelService - Fetched 50 hotels
2026-04-28 13:09:00.568 [http-nio-8081-exec-8] DEBUG c.h.h.s.CustomUserDetailsService - Loading user by email: 2k22ece021@kiot.ac.in
2026-04-28 13:09:00.577 [http-nio-8081-exec-8] DEBUG c.h.h.config.JWTAuthFilter - Authenticated user: 2k22ece021@kiot.ac.in for URI: /api/bookings/my
2026-04-28 13:09:00.582 [http-nio-8081-exec-8] INFO  c.h.h.controller.BookingController - GET /api/bookings/my - user: 10
2026-04-28 13:09:00.612 [http-nio-8081-exec-4] DEBUG c.h.h.s.CustomUserDetailsService - Loading user by email: 2k22ece021@kiot.ac.in
2026-04-28 13:09:00.621 [http-nio-8081-exec-4] DEBUG c.h.h.config.JWTAuthFilter - Authenticated user: 2k22ece021@kiot.ac.in for URI: /api/bookings/my
2026-04-28 13:09:00.623 [http-nio-8081-exec-4] INFO  c.h.h.controller.BookingController - GET /api/bookings/my - user: 10
2026-04-28 13:09:44.856 [http-nio-8081-exec-2] INFO  c.h.h.controller.HotelController - GET /api/hotels
2026-04-28 13:09:44.866 [http-nio-8081-exec-2] INFO  c.h.h.service.HotelService - Fetched 50 hotels
2026-04-28 13:09:44.875 [http-nio-8081-exec-3] INFO  c.h.h.controller.HotelController - GET /api/hotels
2026-04-28 13:09:44.892 [http-nio-8081-exec-3] INFO  c.h.h.service.HotelService - Fetched 50 hotels
2026-04-28 13:09:49.108 [http-nio-8081-exec-9] INFO  c.h.h.controller.HotelController - GET /api/hotels
2026-04-28 13:09:49.116 [http-nio-8081-exec-9] INFO  c.h.h.service.HotelService - Fetched 50 hotels
2026-04-28 13:09:49.122 [http-nio-8081-exec-6] INFO  c.h.h.controller.HotelController - GET /api/hotels
2026-04-28 13:09:49.141 [http-nio-8081-exec-6] INFO  c.h.h.service.HotelService - Fetched 50 hotels
2026-04-28 13:12:24.527 [SpringApplicationShutdownHook] INFO  o.s.o.j.LocalContainerEntityManagerFactoryBean - Closing JPA EntityManagerFactory for persistence unit 'default'
2026-04-28 13:12:24.531 [SpringApplicationShutdownHook] INFO  com.zaxxer.hikari.HikariDataSource - HikariPool-1 - Shutdown initiated...
2026-04-28 13:12:24.538 [SpringApplicationShutdownHook] INFO  com.zaxxer.hikari.HikariDataSource - HikariPool-1 - Shutdown completed.
2026-04-28 13:13:06.417 [background-preinit] INFO  o.h.validator.internal.util.Version - HV000001: Hibernate Validator 8.0.1.Final
2026-04-28 13:13:06.468 [main] INFO  c.h.h.HotelBackendApplication - Starting HotelBackendApplication using Java 21.0.10 with PID 30916 (D:\Hackathon\HotelBooking\hotel-backend\target\classes started by girid in D:\Hackathon\HotelBooking\hotel-backend)
2026-04-28 13:13:06.469 [main] DEBUG c.h.h.HotelBackendApplication - Running with Spring Boot v3.2.0, Spring v6.1.1
2026-04-28 13:13:06.470 [main] INFO  c.h.h.HotelBackendApplication - No active profile set, falling back to 1 default profile: "default"
2026-04-28 13:13:07.237 [main] INFO  o.s.d.r.c.RepositoryConfigurationDelegate - Bootstrapping Spring Data JPA repositories in DEFAULT mode.
2026-04-28 13:13:07.312 [main] INFO  o.s.d.r.c.RepositoryConfigurationDelegate - Finished Spring Data repository scanning in 70 ms. Found 5 JPA repository interfaces.
2026-04-28 13:13:07.888 [main] INFO  o.s.b.w.e.tomcat.TomcatWebServer - Tomcat initialized with port 8081 (http)
2026-04-28 13:13:07.899 [main] INFO  o.a.coyote.http11.Http11NioProtocol - Initializing ProtocolHandler ["http-nio-8081"]
2026-04-28 13:13:07.902 [main] INFO  o.a.catalina.core.StandardService - Starting service [Tomcat]
2026-04-28 13:13:07.902 [main] INFO  o.a.catalina.core.StandardEngine - Starting Servlet engine: [Apache Tomcat/10.1.16]
2026-04-28 13:13:07.965 [main] INFO  o.a.c.c.C.[Tomcat].[localhost].[/] - Initializing Spring embedded WebApplicationContext
2026-04-28 13:13:07.965 [main] INFO  o.s.b.w.s.c.ServletWebServerApplicationContext - Root WebApplicationContext: initialization completed in 1433 ms
2026-04-28 13:13:08.123 [main] INFO  o.h.jpa.internal.util.LogHelper - HHH000204: Processing PersistenceUnitInfo [name: default]
2026-04-28 13:13:08.175 [main] INFO  org.hibernate.Version - HHH000412: Hibernate ORM core version 6.3.1.Final
2026-04-28 13:13:08.208 [main] INFO  o.h.c.i.RegionFactoryInitiator - HHH000026: Second-level cache disabled
2026-04-28 13:13:08.416 [main] INFO  o.s.o.j.p.SpringPersistenceUnitInfo - No LoadTimeWeaver setup: ignoring JPA class transformer
2026-04-28 13:13:08.446 [main] INFO  com.zaxxer.hikari.HikariDataSource - HikariPool-1 - Starting...
2026-04-28 13:13:09.779 [main] INFO  com.zaxxer.hikari.pool.HikariPool - HikariPool-1 - Added connection org.postgresql.jdbc.PgConnection@3f3c5ecd
2026-04-28 13:13:09.781 [main] INFO  com.zaxxer.hikari.HikariDataSource - HikariPool-1 - Start completed.
2026-04-28 13:13:09.881 [main] WARN  org.hibernate.orm.deprecation - HHH90000025: PostgreSQLDialect does not need to be specified explicitly using 'hibernate.dialect' (remove the property setting and it will be selected by default)
2026-04-28 13:13:10.983 [main] INFO  o.h.e.t.j.p.i.JtaPlatformInitiator - HHH000489: No JTA platform available (set 'hibernate.transaction.jta.platform' to enable JTA platform integration)
2026-04-28 13:13:11.685 [main] WARN  o.h.e.jdbc.spi.SqlExceptionHelper - SQL Warning Code: 0, SQLState: 00000
2026-04-28 13:13:11.687 [main] WARN  o.h.e.jdbc.spi.SqlExceptionHelper - constraint "uk_71lqwbwtklmljk3qlsugr1mig" of relation "password_reset_tokens" does not exist, skipping
2026-04-28 13:13:11.781 [main] WARN  o.h.e.jdbc.spi.SqlExceptionHelper - SQL Warning Code: 0, SQLState: 00000
2026-04-28 13:13:11.781 [main] WARN  o.h.e.jdbc.spi.SqlExceptionHelper - constraint "uk_la2ts67g4oh2sreayswhox1i6" of relation "password_reset_tokens" does not exist, skipping
2026-04-28 13:13:11.875 [main] WARN  o.h.e.jdbc.spi.SqlExceptionHelper - SQL Warning Code: 0, SQLState: 00000
2026-04-28 13:13:11.875 [main] WARN  o.h.e.jdbc.spi.SqlExceptionHelper - constraint "uk_6dotkott2kjsp8vw4d0m25fb7" of relation "users" does not exist, skipping
2026-04-28 13:13:12.093 [main] INFO  o.s.o.j.LocalContainerEntityManagerFactoryBean - Initialized JPA EntityManagerFactory for persistence unit 'default'
2026-04-28 13:13:12.430 [main] DEBUG c.h.h.config.JWTAuthFilter - Filter 'JWTAuthFilter' configured for use
2026-04-28 13:13:12.660 [main] INFO  o.s.d.j.r.query.QueryEnhancerFactory - Hibernate is in classpath; If applicable, HQL parser will be used.
2026-04-28 13:13:13.274 [main] WARN  o.s.b.a.o.j.JpaBaseConfiguration$JpaWebConfiguration - spring.jpa.open-in-view is enabled by default. Therefore, database queries may be performed during view rendering. Explicitly configure spring.jpa.open-in-view to disable this warning
2026-04-28 13:13:13.566 [main] INFO  o.s.s.web.DefaultSecurityFilterChain - Will secure any request with [org.springframework.security.web.session.DisableEncodeUrlFilter@1c3577ec, org.springframework.security.web.context.request.async.WebAsyncManagerIntegrationFilter@53a15397, org.springframework.security.web.context.SecurityContextHolderFilter@452888c2, org.springframework.security.web.header.HeaderWriterFilter@3a410524, org.springframework.web.filter.CorsFilter@53964b0e, org.springframework.security.web.authentication.logout.LogoutFilter@70ccf921, com.hotel.hotel_backend.config.JWTAuthFilter@ebbbe20, org.springframework.security.web.savedrequest.RequestCacheAwareFilter@487e4b06, org.springframework.security.web.servletapi.SecurityContextHolderAwareRequestFilter@3631667d, org.springframework.security.web.authentication.AnonymousAuthenticationFilter@50db0b17, org.springframework.security.web.session.SessionManagementFilter@77f76656, org.springframework.security.web.access.ExceptionTranslationFilter@5c33b964, org.springframework.security.web.access.intercept.AuthorizationFilter@307fe491]
2026-04-28 13:13:13.872 [main] INFO  o.a.coyote.http11.Http11NioProtocol - Starting ProtocolHandler ["http-nio-8081"]
2026-04-28 13:13:13.888 [main] INFO  o.s.b.w.e.tomcat.TomcatWebServer - Tomcat started on port 8081 (http) with context path ''
2026-04-28 13:13:13.894 [main] INFO  c.h.h.HotelBackendApplication - Started HotelBackendApplication in 8.076 seconds (process running for 8.438)
2026-04-28 13:13:41.184 [http-nio-8081-exec-3] INFO  o.a.c.c.C.[Tomcat].[localhost].[/] - Initializing Spring DispatcherServlet 'dispatcherServlet'
2026-04-28 13:13:41.185 [http-nio-8081-exec-3] INFO  o.s.web.servlet.DispatcherServlet - Initializing Servlet 'dispatcherServlet'
2026-04-28 13:13:41.187 [http-nio-8081-exec-3] INFO  o.s.web.servlet.DispatcherServlet - Completed initialization in 2 ms
2026-04-28 13:13:41.243 [http-nio-8081-exec-1] WARN  o.s.w.s.h.HandlerMappingIntrospector - Cache miss for REQUEST dispatch to '/api/hotels/locations' (previous null). Performing MatchableHandlerMapping lookup. This is logged once only at WARN level, and every time at TRACE.
2026-04-28 13:13:41.288 [http-nio-8081-exec-3] INFO  c.h.h.controller.HotelController - GET /api/hotels
2026-04-28 13:13:41.594 [http-nio-8081-exec-3] INFO  c.h.h.service.HotelService - Fetched 50 hotels
2026-04-28 13:13:41.625 [http-nio-8081-exec-2] INFO  c.h.h.controller.HotelController - GET /api/hotels
2026-04-28 13:13:41.860 [http-nio-8081-exec-2] INFO  c.h.h.service.HotelService - Fetched 50 hotels
2026-04-28 13:13:46.160 [http-nio-8081-exec-10] INFO  c.h.h.controller.HotelController - GET /api/hotels/2
2026-04-28 13:13:46.374 [http-nio-8081-exec-6] INFO  c.h.h.controller.HotelController - GET /api/hotels/2
2026-04-28 13:13:57.769 [http-nio-8081-exec-5] INFO  c.h.h.controller.AuthController - POST /api/auth/login - email: 2k22ece021@kiot.ac.in
2026-04-28 13:13:57.770 [http-nio-8081-exec-5] INFO  c.h.h.service.UserService - Login attempt for email: 2k22ece021@kiot.ac.in
2026-04-28 13:13:57.963 [http-nio-8081-exec-5] DEBUG c.h.h.s.CustomUserDetailsService - Loading user by email: 2k22ece021@kiot.ac.in
2026-04-28 13:13:58.193 [http-nio-8081-exec-5] WARN  c.h.h.e.GlobalExceptionHandler - Bad credentials attempt
2026-04-28 13:14:16.209 [http-nio-8081-exec-1] INFO  c.h.h.controller.AuthController - POST /api/auth/register - email: giridharyuvaraj07@gmail.com
2026-04-28 13:14:16.209 [http-nio-8081-exec-1] INFO  c.h.h.service.UserService - Registering new user with email: giridharyuvaraj07@gmail.com
2026-04-28 13:14:16.600 [http-nio-8081-exec-1] INFO  c.h.h.service.UserService - User registered successfully with id: 3
2026-04-28 13:14:16.623 [http-nio-8081-exec-4] INFO  c.h.h.controller.AuthController - POST /api/auth/login - email: giridharyuvaraj07@gmail.com
2026-04-28 13:14:16.623 [http-nio-8081-exec-4] INFO  c.h.h.service.UserService - Login attempt for email: giridharyuvaraj07@gmail.com
2026-04-28 13:14:16.623 [http-nio-8081-exec-4] DEBUG c.h.h.s.CustomUserDetailsService - Loading user by email: giridharyuvaraj07@gmail.com
2026-04-28 13:14:17.019 [http-nio-8081-exec-4] INFO  c.h.h.service.UserService - User logged in successfully: giridharyuvaraj07@gmail.com
2026-04-28 13:14:17.137 [http-nio-8081-exec-2] DEBUG c.h.h.s.CustomUserDetailsService - Loading user by email: giridharyuvaraj07@gmail.com
2026-04-28 13:14:17.137 [http-nio-8081-exec-3] DEBUG c.h.h.s.CustomUserDetailsService - Loading user by email: giridharyuvaraj07@gmail.com
2026-04-28 13:14:17.189 [http-nio-8081-exec-2] DEBUG c.h.h.config.JWTAuthFilter - Authenticated user: giridharyuvaraj07@gmail.com for URI: /api/hotels/locations
2026-04-28 13:14:17.224 [http-nio-8081-exec-3] DEBUG c.h.h.config.JWTAuthFilter - Authenticated user: giridharyuvaraj07@gmail.com for URI: /api/hotels
2026-04-28 13:14:17.228 [http-nio-8081-exec-3] INFO  c.h.h.controller.HotelController - GET /api/hotels
2026-04-28 13:14:17.238 [http-nio-8081-exec-10] DEBUG c.h.h.s.CustomUserDetailsService - Loading user by email: giridharyuvaraj07@gmail.com
2026-04-28 13:14:17.281 [http-nio-8081-exec-10] DEBUG c.h.h.config.JWTAuthFilter - Authenticated user: giridharyuvaraj07@gmail.com for URI: /api/hotels/locations
2026-04-28 13:14:17.407 [http-nio-8081-exec-3] INFO  c.h.h.service.HotelService - Fetched 50 hotels
2026-04-28 13:14:17.426 [http-nio-8081-exec-6] DEBUG c.h.h.s.CustomUserDetailsService - Loading user by email: giridharyuvaraj07@gmail.com
2026-04-28 13:14:17.474 [http-nio-8081-exec-6] DEBUG c.h.h.config.JWTAuthFilter - Authenticated user: giridharyuvaraj07@gmail.com for URI: /api/hotels
2026-04-28 13:14:17.477 [http-nio-8081-exec-6] INFO  c.h.h.controller.HotelController - GET /api/hotels
2026-04-28 13:14:17.610 [http-nio-8081-exec-6] INFO  c.h.h.service.HotelService - Fetched 50 hotels
2026-04-28 13:14:21.431 [task-1] INFO  c.h.h.service.EmailService - Registration confirmation email sent to: giridharyuvaraj07@gmail.com
2026-04-28 13:20:32.423 [SpringApplicationShutdownHook] INFO  o.s.o.j.LocalContainerEntityManagerFactoryBean - Closing JPA EntityManagerFactory for persistence unit 'default'
2026-04-28 13:20:32.432 [SpringApplicationShutdownHook] INFO  com.zaxxer.hikari.HikariDataSource - HikariPool-1 - Shutdown initiated...
2026-04-28 13:20:32.438 [SpringApplicationShutdownHook] INFO  com.zaxxer.hikari.HikariDataSource - HikariPool-1 - Shutdown completed.
2026-04-28 13:21:25.976 [background-preinit] INFO  o.h.validator.internal.util.Version - HV000001: Hibernate Validator 8.0.1.Final
2026-04-28 13:21:26.033 [main] INFO  c.h.h.HotelBackendApplication - Starting HotelBackendApplication using Java 21.0.10 with PID 22320 (D:\Hackathon\HotelBooking\hotel-backend\target\classes started by girid in D:\Hackathon\HotelBooking\hotel-backend)
2026-04-28 13:21:26.035 [main] DEBUG c.h.h.HotelBackendApplication - Running with Spring Boot v3.2.0, Spring v6.1.1
2026-04-28 13:21:26.035 [main] INFO  c.h.h.HotelBackendApplication - No active profile set, falling back to 1 default profile: "default"
2026-04-28 13:21:27.009 [main] INFO  o.s.d.r.c.RepositoryConfigurationDelegate - Bootstrapping Spring Data JPA repositories in DEFAULT mode.
2026-04-28 13:21:27.121 [main] INFO  o.s.d.r.c.RepositoryConfigurationDelegate - Finished Spring Data repository scanning in 99 ms. Found 5 JPA repository interfaces.
2026-04-28 13:21:28.133 [main] INFO  o.s.b.w.e.tomcat.TomcatWebServer - Tomcat initialized with port 8081 (http)
2026-04-28 13:21:28.152 [main] INFO  o.a.coyote.http11.Http11NioProtocol - Initializing ProtocolHandler ["http-nio-8081"]
2026-04-28 13:21:28.161 [main] INFO  o.a.catalina.core.StandardService - Starting service [Tomcat]
2026-04-28 13:21:28.163 [main] INFO  o.a.catalina.core.StandardEngine - Starting Servlet engine: [Apache Tomcat/10.1.16]
2026-04-28 13:21:28.363 [main] INFO  o.a.c.c.C.[Tomcat].[localhost].[/] - Initializing Spring embedded WebApplicationContext
2026-04-28 13:21:28.365 [main] INFO  o.s.b.w.s.c.ServletWebServerApplicationContext - Root WebApplicationContext: initialization completed in 2256 ms
2026-04-28 13:21:28.740 [main] INFO  o.h.jpa.internal.util.LogHelper - HHH000204: Processing PersistenceUnitInfo [name: default]
2026-04-28 13:21:28.870 [main] INFO  org.hibernate.Version - HHH000412: Hibernate ORM core version 6.3.1.Final
2026-04-28 13:21:28.940 [main] INFO  o.h.c.i.RegionFactoryInitiator - HHH000026: Second-level cache disabled
2026-04-28 13:21:29.586 [main] INFO  o.s.o.j.p.SpringPersistenceUnitInfo - No LoadTimeWeaver setup: ignoring JPA class transformer
2026-04-28 13:21:29.652 [main] INFO  com.zaxxer.hikari.HikariDataSource - HikariPool-1 - Starting...
2026-04-28 13:21:31.152 [main] INFO  com.zaxxer.hikari.pool.HikariPool - HikariPool-1 - Added connection org.postgresql.jdbc.PgConnection@67a6a2d0
2026-04-28 13:21:31.157 [main] INFO  com.zaxxer.hikari.HikariDataSource - HikariPool-1 - Start completed.
2026-04-28 13:21:31.261 [main] WARN  org.hibernate.orm.deprecation - HHH90000025: PostgreSQLDialect does not need to be specified explicitly using 'hibernate.dialect' (remove the property setting and it will be selected by default)
2026-04-28 13:21:33.483 [main] INFO  o.h.e.t.j.p.i.JtaPlatformInitiator - HHH000489: No JTA platform available (set 'hibernate.transaction.jta.platform' to enable JTA platform integration)
2026-04-28 13:21:34.405 [main] INFO  o.s.o.j.LocalContainerEntityManagerFactoryBean - Initialized JPA EntityManagerFactory for persistence unit 'default'
2026-04-28 13:21:35.283 [main] DEBUG c.h.h.config.JWTAuthFilter - Filter 'JWTAuthFilter' configured for use
2026-04-28 13:21:35.773 [main] INFO  o.s.d.j.r.query.QueryEnhancerFactory - Hibernate is in classpath; If applicable, HQL parser will be used.
2026-04-28 13:21:37.448 [main] WARN  o.s.b.a.o.j.JpaBaseConfiguration$JpaWebConfiguration - spring.jpa.open-in-view is enabled by default. Therefore, database queries may be performed during view rendering. Explicitly configure spring.jpa.open-in-view to disable this warning
2026-04-28 13:21:38.302 [main] INFO  o.s.s.web.DefaultSecurityFilterChain - Will secure any request with [org.springframework.security.web.session.DisableEncodeUrlFilter@6aa09c35, org.springframework.security.web.context.request.async.WebAsyncManagerIntegrationFilter@22457838, org.springframework.security.web.context.SecurityContextHolderFilter@83d91c1, org.springframework.security.web.header.HeaderWriterFilter@64f6964f, org.springframework.web.filter.CorsFilter@7a9794bd, org.springframework.security.web.authentication.logout.LogoutFilter@7f52aba0, com.hotel.hotel_backend.config.JWTAuthFilter@44a1ae4e, org.springframework.security.web.savedrequest.RequestCacheAwareFilter@4e7e42c4, org.springframework.security.web.servletapi.SecurityContextHolderAwareRequestFilter@99c24c, org.springframework.security.web.authentication.AnonymousAuthenticationFilter@297727ab, org.springframework.security.web.session.SessionManagementFilter@6bb7e609, org.springframework.security.web.access.ExceptionTranslationFilter@164ca703, org.springframework.security.web.access.intercept.AuthorizationFilter@1492c9d]
2026-04-28 13:21:39.229 [main] INFO  o.a.coyote.http11.Http11NioProtocol - Starting ProtocolHandler ["http-nio-8081"]
2026-04-28 13:21:39.283 [main] INFO  o.s.b.w.e.tomcat.TomcatWebServer - Tomcat started on port 8081 (http) with context path ''
2026-04-28 13:21:39.306 [main] INFO  c.h.h.HotelBackendApplication - Started HotelBackendApplication in 14.061 seconds (process running for 14.672)
2026-04-28 13:23:02.520 [http-nio-8081-exec-1] INFO  o.a.c.c.C.[Tomcat].[localhost].[/] - Initializing Spring DispatcherServlet 'dispatcherServlet'
2026-04-28 13:23:02.520 [http-nio-8081-exec-1] INFO  o.s.web.servlet.DispatcherServlet - Initializing Servlet 'dispatcherServlet'
2026-04-28 13:23:02.524 [http-nio-8081-exec-1] INFO  o.s.web.servlet.DispatcherServlet - Completed initialization in 4 ms
2026-04-28 13:23:02.814 [http-nio-8081-exec-6] DEBUG c.h.h.s.CustomUserDetailsService - Loading user by email: giridharyuvaraj07@gmail.com
2026-04-28 13:23:02.815 [http-nio-8081-exec-5] DEBUG c.h.h.s.CustomUserDetailsService - Loading user by email: giridharyuvaraj07@gmail.com
2026-04-28 13:23:02.913 [http-nio-8081-exec-6] DEBUG c.h.h.config.JWTAuthFilter - Authenticated user: giridharyuvaraj07@gmail.com for URI: /api/hotels/locations
2026-04-28 13:23:02.913 [http-nio-8081-exec-5] DEBUG c.h.h.config.JWTAuthFilter - Authenticated user: giridharyuvaraj07@gmail.com for URI: /api/hotels
2026-04-28 13:23:02.917 [http-nio-8081-exec-5] WARN  o.s.w.s.h.HandlerMappingIntrospector - Cache miss for REQUEST dispatch to '/api/hotels' (previous null). Performing MatchableHandlerMapping lookup. This is logged once only at WARN level, and every time at TRACE.
2026-04-28 13:23:02.962 [http-nio-8081-exec-5] INFO  c.h.h.controller.HotelController - GET /api/hotels
2026-04-28 13:23:03.153 [http-nio-8081-exec-7] DEBUG c.h.h.s.CustomUserDetailsService - Loading user by email: giridharyuvaraj07@gmail.com
2026-04-28 13:23:03.319 [http-nio-8081-exec-7] DEBUG c.h.h.config.JWTAuthFilter - Authenticated user: giridharyuvaraj07@gmail.com for URI: /api/hotels/locations
2026-04-28 13:23:03.413 [http-nio-8081-exec-5] INFO  c.h.h.service.HotelService - Fetched 50 hotels
2026-04-28 13:23:03.442 [http-nio-8081-exec-8] DEBUG c.h.h.s.CustomUserDetailsService - Loading user by email: giridharyuvaraj07@gmail.com
2026-04-28 13:23:03.517 [http-nio-8081-exec-8] DEBUG c.h.h.config.JWTAuthFilter - Authenticated user: giridharyuvaraj07@gmail.com for URI: /api/hotels
2026-04-28 13:23:03.520 [http-nio-8081-exec-8] INFO  c.h.h.controller.HotelController - GET /api/hotels
2026-04-28 13:23:04.033 [http-nio-8081-exec-8] INFO  c.h.h.service.HotelService - Fetched 50 hotels
2026-04-28 13:24:44.854 [http-nio-8081-exec-4] INFO  o.s.api.AbstractOpenApiResource - Init duration for springdoc-openapi is: 1266 ms
2026-04-28 13:27:54.368 [SpringApplicationShutdownHook] INFO  o.s.o.j.LocalContainerEntityManagerFactoryBean - Closing JPA EntityManagerFactory for persistence unit 'default'
2026-04-28 13:27:54.371 [SpringApplicationShutdownHook] INFO  com.zaxxer.hikari.HikariDataSource - HikariPool-1 - Shutdown initiated...
2026-04-28 13:27:54.384 [SpringApplicationShutdownHook] INFO  com.zaxxer.hikari.HikariDataSource - HikariPool-1 - Shutdown completed.
2026-04-28 15:33:01.786 [background-preinit] INFO  o.h.validator.internal.util.Version - HV000001: Hibernate Validator 8.0.1.Final
2026-04-28 15:33:01.828 [main] INFO  c.h.h.HotelBackendApplication - Starting HotelBackendApplication using Java 21.0.10 with PID 14536 (C:\Users\girid\Desktop\HotelBooking\hotel-backend\target\classes started by girid in C:\Users\girid\Desktop\HotelBooking\hotel-backend)
2026-04-28 15:33:01.829 [main] DEBUG c.h.h.HotelBackendApplication - Running with Spring Boot v3.2.0, Spring v6.1.1
2026-04-28 15:33:01.829 [main] INFO  c.h.h.HotelBackendApplication - No active profile set, falling back to 1 default profile: "default"
2026-04-28 15:33:02.363 [main] INFO  o.s.d.r.c.RepositoryConfigurationDelegate - Bootstrapping Spring Data JPA repositories in DEFAULT mode.
2026-04-28 15:33:02.417 [main] INFO  o.s.d.r.c.RepositoryConfigurationDelegate - Finished Spring Data repository scanning in 47 ms. Found 5 JPA repository interfaces.
2026-04-28 15:33:02.846 [main] INFO  o.s.b.w.e.tomcat.TomcatWebServer - Tomcat initialized with port 8081 (http)
2026-04-28 15:33:02.852 [main] INFO  o.a.coyote.http11.Http11NioProtocol - Initializing ProtocolHandler ["http-nio-8081"]
2026-04-28 15:33:02.854 [main] INFO  o.a.catalina.core.StandardService - Starting service [Tomcat]
2026-04-28 15:33:02.854 [main] INFO  o.a.catalina.core.StandardEngine - Starting Servlet engine: [Apache Tomcat/10.1.16]
2026-04-28 15:33:02.910 [main] INFO  o.a.c.c.C.[Tomcat].[localhost].[/] - Initializing Spring embedded WebApplicationContext
2026-04-28 15:33:02.911 [main] INFO  o.s.b.w.s.c.ServletWebServerApplicationContext - Root WebApplicationContext: initialization completed in 1051 ms
2026-04-28 15:33:03.021 [main] INFO  o.h.jpa.internal.util.LogHelper - HHH000204: Processing PersistenceUnitInfo [name: default]
2026-04-28 15:33:03.089 [main] INFO  org.hibernate.Version - HHH000412: Hibernate ORM core version 6.3.1.Final
2026-04-28 15:33:03.126 [main] INFO  o.h.c.i.RegionFactoryInitiator - HHH000026: Second-level cache disabled
2026-04-28 15:33:03.325 [main] INFO  o.s.o.j.p.SpringPersistenceUnitInfo - No LoadTimeWeaver setup: ignoring JPA class transformer
2026-04-28 15:33:03.346 [main] INFO  com.zaxxer.hikari.HikariDataSource - HikariPool-1 - Starting...
2026-04-28 15:33:05.426 [main] INFO  com.zaxxer.hikari.pool.HikariPool - HikariPool-1 - Added connection org.postgresql.jdbc.PgConnection@f1d1463
2026-04-28 15:33:05.429 [main] INFO  com.zaxxer.hikari.HikariDataSource - HikariPool-1 - Start completed.
2026-04-28 15:33:05.852 [main] WARN  org.hibernate.orm.deprecation - HHH90000025: PostgreSQLDialect does not need to be specified explicitly using 'hibernate.dialect' (remove the property setting and it will be selected by default)
2026-04-28 15:33:06.973 [main] INFO  o.h.e.t.j.p.i.JtaPlatformInitiator - HHH000489: No JTA platform available (set 'hibernate.transaction.jta.platform' to enable JTA platform integration)
2026-04-28 15:33:08.329 [main] INFO  o.s.o.j.LocalContainerEntityManagerFactoryBean - Initialized JPA EntityManagerFactory for persistence unit 'default'
2026-04-28 15:33:08.567 [main] DEBUG c.h.h.config.JWTAuthFilter - Filter 'JWTAuthFilter' configured for use
2026-04-28 15:33:08.733 [main] INFO  o.s.d.j.r.query.QueryEnhancerFactory - Hibernate is in classpath; If applicable, HQL parser will be used.
2026-04-28 15:33:09.224 [main] WARN  o.s.b.a.o.j.JpaBaseConfiguration$JpaWebConfiguration - spring.jpa.open-in-view is enabled by default. Therefore, database queries may be performed during view rendering. Explicitly configure spring.jpa.open-in-view to disable this warning
2026-04-28 15:33:09.449 [main] INFO  o.s.s.web.DefaultSecurityFilterChain - Will secure any request with [org.springframework.security.web.session.DisableEncodeUrlFilter@6ae67bf6, org.springframework.security.web.context.request.async.WebAsyncManagerIntegrationFilter@47fa54d, org.springframework.security.web.context.SecurityContextHolderFilter@22908698, org.springframework.security.web.header.HeaderWriterFilter@276038e7, org.springframework.web.filter.CorsFilter@3432a612, org.springframework.security.web.authentication.logout.LogoutFilter@30081ff4, com.hotel.hotel_backend.config.JWTAuthFilter@28d37d43, org.springframework.security.web.savedrequest.RequestCacheAwareFilter@6fe73630, org.springframework.security.web.servletapi.SecurityContextHolderAwareRequestFilter@3c23d6cf, org.springframework.security.web.authentication.AnonymousAuthenticationFilter@5e57149f, org.springframework.security.web.session.SessionManagementFilter@60291e59, org.springframework.security.web.access.ExceptionTranslationFilter@308617d3, org.springframework.security.web.access.intercept.AuthorizationFilter@4395bc43]
2026-04-28 15:33:09.675 [main] INFO  o.a.coyote.http11.Http11NioProtocol - Starting ProtocolHandler ["http-nio-8081"]
2026-04-28 15:33:09.692 [main] INFO  o.s.b.w.e.tomcat.TomcatWebServer - Tomcat started on port 8081 (http) with context path ''
2026-04-28 15:33:09.700 [main] INFO  c.h.h.HotelBackendApplication - Started HotelBackendApplication in 8.24 seconds (process running for 8.473)
2026-04-28 15:33:23.538 [http-nio-8081-exec-1] INFO  o.a.c.c.C.[Tomcat].[localhost].[/] - Initializing Spring DispatcherServlet 'dispatcherServlet'
2026-04-28 15:33:23.538 [http-nio-8081-exec-1] INFO  o.s.web.servlet.DispatcherServlet - Initializing Servlet 'dispatcherServlet'
2026-04-28 15:33:23.543 [http-nio-8081-exec-1] INFO  o.s.web.servlet.DispatcherServlet - Completed initialization in 4 ms
2026-04-28 15:33:23.623 [http-nio-8081-exec-2] WARN  o.s.w.s.h.HandlerMappingIntrospector - Cache miss for REQUEST dispatch to '/api/auth/login' (previous null). Performing MatchableHandlerMapping lookup. This is logged once only at WARN level, and every time at TRACE.
2026-04-28 15:33:23.887 [http-nio-8081-exec-2] INFO  c.h.h.controller.AuthController - POST /api/auth/login - email: giridharyuvaraj07@gmail.com
2026-04-28 15:33:23.888 [http-nio-8081-exec-2] INFO  c.h.h.service.UserService - Login attempt for email: giridharyuvaraj07@gmail.com
2026-04-28 15:33:24.035 [http-nio-8081-exec-2] DEBUG c.h.h.s.CustomUserDetailsService - Loading user by email: giridharyuvaraj07@gmail.com
2026-04-28 15:33:24.437 [http-nio-8081-exec-2] INFO  c.h.h.service.UserService - User logged in successfully: giridharyuvaraj07@gmail.com
2026-04-28 15:33:24.559 [http-nio-8081-exec-4] DEBUG c.h.h.s.CustomUserDetailsService - Loading user by email: giridharyuvaraj07@gmail.com
2026-04-28 15:33:24.559 [http-nio-8081-exec-3] DEBUG c.h.h.s.CustomUserDetailsService - Loading user by email: giridharyuvaraj07@gmail.com
2026-04-28 15:33:24.602 [http-nio-8081-exec-4] DEBUG c.h.h.config.JWTAuthFilter - Authenticated user: giridharyuvaraj07@gmail.com for URI: /api/hotels
2026-04-28 15:33:24.610 [http-nio-8081-exec-4] INFO  c.h.h.controller.HotelController - GET /api/hotels
2026-04-28 15:33:24.652 [http-nio-8081-exec-3] DEBUG c.h.h.config.JWTAuthFilter - Authenticated user: giridharyuvaraj07@gmail.com for URI: /api/hotels/locations
2026-04-28 15:33:24.727 [http-nio-8081-exec-9] DEBUG c.h.h.s.CustomUserDetailsService - Loading user by email: giridharyuvaraj07@gmail.com
2026-04-28 15:33:24.784 [http-nio-8081-exec-9] DEBUG c.h.h.config.JWTAuthFilter - Authenticated user: giridharyuvaraj07@gmail.com for URI: /api/hotels/locations
2026-04-28 15:33:24.839 [http-nio-8081-exec-4] INFO  c.h.h.service.HotelService - Fetched 49 hotels
2026-04-28 15:33:24.884 [http-nio-8081-exec-10] DEBUG c.h.h.s.CustomUserDetailsService - Loading user by email: giridharyuvaraj07@gmail.com
2026-04-28 15:33:24.932 [http-nio-8081-exec-10] DEBUG c.h.h.config.JWTAuthFilter - Authenticated user: giridharyuvaraj07@gmail.com for URI: /api/hotels
2026-04-28 15:33:24.935 [http-nio-8081-exec-10] INFO  c.h.h.controller.HotelController - GET /api/hotels
2026-04-28 15:33:25.029 [http-nio-8081-exec-10] INFO  c.h.h.service.HotelService - Fetched 49 hotels
2026-04-28 15:33:33.433 [http-nio-8081-exec-2] DEBUG c.h.h.s.CustomUserDetailsService - Loading user by email: giridharyuvaraj07@gmail.com
2026-04-28 15:33:33.510 [http-nio-8081-exec-2] DEBUG c.h.h.config.JWTAuthFilter - Authenticated user: giridharyuvaraj07@gmail.com for URI: /api/rooms/search
2026-04-28 15:33:33.532 [http-nio-8081-exec-2] INFO  c.h.h.controller.HotelController - GET /api/rooms/search?location=Namakkal&checkIn=2026-04-28&checkOut=2026-04-29
2026-04-28 15:33:33.816 [http-nio-8081-exec-2] INFO  c.h.h.service.HotelService - Found 14 available rooms in Namakkal from 2026-04-28 to 2026-04-29
2026-04-28 15:33:37.130 [http-nio-8081-exec-8] DEBUG c.h.h.s.CustomUserDetailsService - Loading user by email: giridharyuvaraj07@gmail.com
2026-04-28 15:33:37.206 [http-nio-8081-exec-8] DEBUG c.h.h.config.JWTAuthFilter - Authenticated user: giridharyuvaraj07@gmail.com for URI: /api/hotels/1
2026-04-28 15:33:37.213 [http-nio-8081-exec-8] INFO  c.h.h.controller.HotelController - GET /api/hotels/1
2026-04-28 15:33:37.357 [http-nio-8081-exec-8] DEBUG c.h.h.s.CustomUserDetailsService - Loading user by email: giridharyuvaraj07@gmail.com
2026-04-28 15:33:37.400 [http-nio-8081-exec-8] DEBUG c.h.h.config.JWTAuthFilter - Authenticated user: giridharyuvaraj07@gmail.com for URI: /api/hotels/1
2026-04-28 15:33:37.404 [http-nio-8081-exec-8] INFO  c.h.h.controller.HotelController - GET /api/hotels/1
2026-04-28 15:33:39.012 [http-nio-8081-exec-5] DEBUG c.h.h.s.CustomUserDetailsService - Loading user by email: giridharyuvaraj07@gmail.com
2026-04-28 15:33:39.088 [http-nio-8081-exec-5] DEBUG c.h.h.config.JWTAuthFilter - Authenticated user: giridharyuvaraj07@gmail.com for URI: /api/bookings
2026-04-28 15:33:39.116 [http-nio-8081-exec-5] INFO  c.h.h.controller.BookingController - POST /api/bookings - user: 3
2026-04-28 15:33:39.117 [http-nio-8081-exec-5] INFO  c.h.h.service.BookingService - Creating booking for user 3 room 1
2026-04-28 15:33:39.489 [http-nio-8081-exec-5] INFO  c.h.h.service.BookingService - Booking created in PENDING_PAYMENT: 6 for user: 3
2026-04-28 15:33:39.551 [http-nio-8081-exec-9] DEBUG c.h.h.s.CustomUserDetailsService - Loading user by email: giridharyuvaraj07@gmail.com
2026-04-28 15:33:39.642 [http-nio-8081-exec-9] DEBUG c.h.h.config.JWTAuthFilter - Authenticated user: giridharyuvaraj07@gmail.com for URI: /api/bookings/6
2026-04-28 15:33:39.833 [http-nio-8081-exec-4] DEBUG c.h.h.s.CustomUserDetailsService - Loading user by email: giridharyuvaraj07@gmail.com
2026-04-28 15:33:39.837 [http-nio-8081-exec-1] DEBUG c.h.h.s.CustomUserDetailsService - Loading user by email: giridharyuvaraj07@gmail.com
2026-04-28 15:33:39.874 [http-nio-8081-exec-4] DEBUG c.h.h.config.JWTAuthFilter - Authenticated user: giridharyuvaraj07@gmail.com for URI: /api/bookings/6
2026-04-28 15:33:39.885 [http-nio-8081-exec-1] DEBUG c.h.h.config.JWTAuthFilter - Authenticated user: giridharyuvaraj07@gmail.com for URI: /api/payments/create-intent/6
2026-04-28 15:33:39.894 [http-nio-8081-exec-1] INFO  c.h.h.controller.PaymentController - POST /api/payments/create-intent/6
2026-04-28 15:33:40.051 [http-nio-8081-exec-2] DEBUG c.h.h.s.CustomUserDetailsService - Loading user by email: giridharyuvaraj07@gmail.com
2026-04-28 15:33:40.092 [http-nio-8081-exec-2] DEBUG c.h.h.config.JWTAuthFilter - Authenticated user: giridharyuvaraj07@gmail.com for URI: /api/payments/create-intent/6
2026-04-28 15:33:40.098 [http-nio-8081-exec-2] INFO  c.h.h.controller.PaymentController - POST /api/payments/create-intent/6
2026-04-28 15:33:41.636 [http-nio-8081-exec-1] INFO  c.h.h.service.PaymentService - Payment Intent created: pi_3TR8UTK0bJhHVc9b0VyoxYHG for booking ID: 6
2026-04-28 15:33:41.636 [http-nio-8081-exec-2] INFO  c.h.h.service.PaymentService - Payment Intent created: pi_3TR8UTK0bJhHVc9b1IWWmjcK for booking ID: 6
2026-04-28 15:33:43.633 [task-1] INFO  c.h.h.service.EmailService - Booking confirmation email sent to: giridharyuvaraj07@gmail.com for booking: 6
2026-04-28 15:33:59.542 [http-nio-8081-exec-8] DEBUG c.h.h.s.CustomUserDetailsService - Loading user by email: giridharyuvaraj07@gmail.com
2026-04-28 15:33:59.618 [http-nio-8081-exec-8] DEBUG c.h.h.config.JWTAuthFilter - Authenticated user: giridharyuvaraj07@gmail.com for URI: /api/payments/confirm/6
2026-04-28 15:33:59.625 [http-nio-8081-exec-8] INFO  c.h.h.controller.PaymentController - POST /api/payments/confirm/6
2026-04-28 15:33:59.772 [http-nio-8081-exec-8] INFO  c.h.h.service.PaymentService - Booking 6 marked as CONFIRMED. Sending email...
2026-04-28 15:33:59.819 [task-2] ERROR o.s.a.i.SimpleAsyncUncaughtExceptionHandler - Unexpected exception occurred invoking async method: public void com.hotel.hotel_backend.service.EmailService.sendBookingConfirmation(java.lang.String,java.lang.String,com.hotel.hotel_backend.entity.Booking)
org.hibernate.LazyInitializationException: could not initialize proxy [com.hotel.hotel_backend.entity.Hotel#1] - no Session
	at org.hibernate.proxy.AbstractLazyInitializer.initialize(AbstractLazyInitializer.java:164)
	at org.hibernate.proxy.AbstractLazyInitializer.getImplementation(AbstractLazyInitializer.java:310)
	at org.hibernate.proxy.pojo.bytebuddy.ByteBuddyInterceptor.intercept(ByteBuddyInterceptor.java:44)
	at org.hibernate.proxy.ProxyConfiguration$InterceptorDispatcher.intercept(ProxyConfiguration.java:102)
	at com.hotel.hotel_backend.entity.Hotel$HibernateProxy$p8vz218k.getName(Unknown Source)
	at com.hotel.hotel_backend.service.EmailService.buildBookingConfirmationHtml(EmailService.java:141)
	at com.hotel.hotel_backend.service.EmailService.sendBookingConfirmation(EmailService.java:51)
	at java.base/jdk.internal.reflect.DirectMethodHandleAccessor.invoke(DirectMethodHandleAccessor.java:103)
	at java.base/java.lang.reflect.Method.invoke(Method.java:580)
	at org.springframework.aop.support.AopUtils.invokeJoinpointUsingReflection(AopUtils.java:352)
	at org.springframework.aop.framework.ReflectiveMethodInvocation.invokeJoinpoint(ReflectiveMethodInvocation.java:196)
	at org.springframework.aop.framework.ReflectiveMethodInvocation.proceed(ReflectiveMethodInvocation.java:163)
	at org.springframework.aop.framework.CglibAopProxy$CglibMethodInvocation.proceed(CglibAopProxy.java:765)
	at org.springframework.aop.interceptor.AsyncExecutionInterceptor.lambda$invoke$0(AsyncExecutionInterceptor.java:115)
	at java.base/java.util.concurrent.FutureTask.run(FutureTask.java:317)
	at java.base/java.util.concurrent.ThreadPoolExecutor.runWorker(ThreadPoolExecutor.java:1144)
	at java.base/java.util.concurrent.ThreadPoolExecutor$Worker.run(ThreadPoolExecutor.java:642)
	at java.base/java.lang.Thread.run(Thread.java:1583)
2026-04-28 15:34:01.328 [http-nio-8081-exec-5] DEBUG c.h.h.s.CustomUserDetailsService - Loading user by email: giridharyuvaraj07@gmail.com
2026-04-28 15:34:01.403 [http-nio-8081-exec-5] DEBUG c.h.h.config.JWTAuthFilter - Authenticated user: giridharyuvaraj07@gmail.com for URI: /api/bookings/my
2026-04-28 15:34:01.407 [http-nio-8081-exec-5] INFO  c.h.h.controller.BookingController - GET /api/bookings/my - user: 3
2026-04-28 15:34:01.810 [http-nio-8081-exec-3] DEBUG c.h.h.s.CustomUserDetailsService - Loading user by email: giridharyuvaraj07@gmail.com
2026-04-28 15:34:01.895 [http-nio-8081-exec-3] DEBUG c.h.h.config.JWTAuthFilter - Authenticated user: giridharyuvaraj07@gmail.com for URI: /api/bookings/my
2026-04-28 15:34:01.898 [http-nio-8081-exec-3] INFO  c.h.h.controller.BookingController - GET /api/bookings/my - user: 3
2026-04-28 15:34:06.383 [http-nio-8081-exec-6] DEBUG c.h.h.s.CustomUserDetailsService - Loading user by email: giridharyuvaraj07@gmail.com
2026-04-28 15:34:06.383 [http-nio-8081-exec-9] DEBUG c.h.h.s.CustomUserDetailsService - Loading user by email: giridharyuvaraj07@gmail.com
2026-04-28 15:34:06.460 [http-nio-8081-exec-6] DEBUG c.h.h.config.JWTAuthFilter - Authenticated user: giridharyuvaraj07@gmail.com for URI: /api/hotels
2026-04-28 15:34:06.466 [http-nio-8081-exec-6] INFO  c.h.h.controller.HotelController - GET /api/hotels
2026-04-28 15:34:06.481 [http-nio-8081-exec-9] DEBUG c.h.h.config.JWTAuthFilter - Authenticated user: giridharyuvaraj07@gmail.com for URI: /api/hotels/locations
2026-04-28 15:34:06.557 [http-nio-8081-exec-10] DEBUG c.h.h.s.CustomUserDetailsService - Loading user by email: giridharyuvaraj07@gmail.com
2026-04-28 15:34:06.609 [http-nio-8081-exec-10] DEBUG c.h.h.config.JWTAuthFilter - Authenticated user: giridharyuvaraj07@gmail.com for URI: /api/hotels/locations
2026-04-28 15:34:06.616 [http-nio-8081-exec-6] INFO  c.h.h.service.HotelService - Fetched 49 hotels
2026-04-28 15:34:06.648 [http-nio-8081-exec-4] DEBUG c.h.h.s.CustomUserDetailsService - Loading user by email: giridharyuvaraj07@gmail.com
2026-04-28 15:34:06.696 [http-nio-8081-exec-4] DEBUG c.h.h.config.JWTAuthFilter - Authenticated user: giridharyuvaraj07@gmail.com for URI: /api/hotels
2026-04-28 15:34:06.699 [http-nio-8081-exec-4] INFO  c.h.h.controller.HotelController - GET /api/hotels
2026-04-28 15:34:06.796 [http-nio-8081-exec-4] INFO  c.h.h.service.HotelService - Fetched 49 hotels
2026-04-28 15:34:09.866 [http-nio-8081-exec-10] INFO  o.s.api.AbstractOpenApiResource - Init duration for springdoc-openapi is: 883 ms
2026-04-28 15:35:11.162 [http-nio-8081-exec-10] INFO  c.h.h.controller.AuthController - POST /api/auth/register - email: mrohini7558@gmail.com
2026-04-28 15:35:11.162 [http-nio-8081-exec-10] INFO  c.h.h.service.UserService - Registering new user with email: mrohini7558@gmail.com
2026-04-28 15:35:11.456 [http-nio-8081-exec-10] INFO  c.h.h.service.UserService - User registered successfully with id: 8
2026-04-28 15:35:15.368 [task-3] INFO  c.h.h.service.EmailService - Registration confirmation email sent to: mrohini7558@gmail.com
2026-04-28 15:35:44.588 [http-nio-8081-exec-4] INFO  c.h.h.controller.AuthController - POST /api/auth/login - email: mrohini7558@gmail.com
2026-04-28 15:35:44.590 [http-nio-8081-exec-4] INFO  c.h.h.service.UserService - Login attempt for email: mrohini7558@gmail.com
2026-04-28 15:35:44.592 [http-nio-8081-exec-4] DEBUG c.h.h.s.CustomUserDetailsService - Loading user by email: mrohini7558@gmail.com
2026-04-28 15:35:44.866 [http-nio-8081-exec-4] WARN  c.h.h.e.GlobalExceptionHandler - Bad credentials attempt
2026-04-28 15:35:51.910 [http-nio-8081-exec-2] INFO  c.h.h.controller.AuthController - POST /api/auth/login - email: mrohini7558@gmail.com
2026-04-28 15:35:51.910 [http-nio-8081-exec-2] INFO  c.h.h.service.UserService - Login attempt for email: mrohini7558@gmail.com
2026-04-28 15:35:51.910 [http-nio-8081-exec-2] DEBUG c.h.h.s.CustomUserDetailsService - Loading user by email: mrohini7558@gmail.com
2026-04-28 15:35:52.175 [http-nio-8081-exec-2] INFO  c.h.h.service.UserService - User logged in successfully: mrohini7558@gmail.com
2026-04-28 15:36:49.428 [http-nio-8081-exec-7] ERROR c.h.h.e.GlobalExceptionHandler - Unexpected error occurred: JSON parse error: Unexpected character ('}' (code 125)): was expecting double-quote to start field name
org.springframework.http.converter.HttpMessageNotReadableException: JSON parse error: Unexpected character ('}' (code 125)): was expecting double-quote to start field name
	at org.springframework.http.converter.json.AbstractJackson2HttpMessageConverter.readJavaType(AbstractJackson2HttpMessageConverter.java:406)
	at org.springframework.http.converter.json.AbstractJackson2HttpMessageConverter.read(AbstractJackson2HttpMessageConverter.java:354)
	at org.springframework.web.servlet.mvc.method.annotation.AbstractMessageConverterMethodArgumentResolver.readWithMessageConverters(AbstractMessageConverterMethodArgumentResolver.java:184)
	at org.springframework.web.servlet.mvc.method.annotation.RequestResponseBodyMethodProcessor.readWithMessageConverters(RequestResponseBodyMethodProcessor.java:159)
	at org.springframework.web.servlet.mvc.method.annotation.RequestResponseBodyMethodProcessor.resolveArgument(RequestResponseBodyMethodProcessor.java:134)
	at org.springframework.web.method.support.HandlerMethodArgumentResolverComposite.resolveArgument(HandlerMethodArgumentResolverComposite.java:122)
	at org.springframework.web.method.support.InvocableHandlerMethod.getMethodArgumentValues(InvocableHandlerMethod.java:218)
	at org.springframework.web.method.support.InvocableHandlerMethod.invokeForRequest(InvocableHandlerMethod.java:171)
	at org.springframework.web.servlet.mvc.method.annotation.ServletInvocableHandlerMethod.invokeAndHandle(ServletInvocableHandlerMethod.java:118)
	at org.springframework.web.servlet.mvc.method.annotation.RequestMappingHandlerAdapter.invokeHandlerMethod(RequestMappingHandlerAdapter.java:917)
	at org.springframework.web.servlet.mvc.method.annotation.RequestMappingHandlerAdapter.handleInternal(RequestMappingHandlerAdapter.java:829)
	at org.springframework.web.servlet.mvc.method.AbstractHandlerMethodAdapter.handle(AbstractHandlerMethodAdapter.java:87)
	at org.springframework.web.servlet.DispatcherServlet.doDispatch(DispatcherServlet.java:1089)
	at org.springframework.web.servlet.DispatcherServlet.doService(DispatcherServlet.java:979)
	at org.springframework.web.servlet.FrameworkServlet.processRequest(FrameworkServlet.java:1014)
	at org.springframework.web.servlet.FrameworkServlet.doPost(FrameworkServlet.java:914)
	at jakarta.servlet.http.HttpServlet.service(HttpServlet.java:590)
	at org.springframework.web.servlet.FrameworkServlet.service(FrameworkServlet.java:885)
	at jakarta.servlet.http.HttpServlet.service(HttpServlet.java:658)
	at org.apache.catalina.core.ApplicationFilterChain.internalDoFilter(ApplicationFilterChain.java:205)
	at org.apache.catalina.core.ApplicationFilterChain.doFilter(ApplicationFilterChain.java:149)
	at org.apache.tomcat.websocket.server.WsFilter.doFilter(WsFilter.java:51)
	at org.apache.catalina.core.ApplicationFilterChain.internalDoFilter(ApplicationFilterChain.java:174)
	at org.apache.catalina.core.ApplicationFilterChain.doFilter(ApplicationFilterChain.java:149)
	at org.springframework.web.filter.OncePerRequestFilter.doFilter(OncePerRequestFilter.java:110)
	at org.apache.catalina.core.ApplicationFilterChain.internalDoFilter(ApplicationFilterChain.java:174)
	at org.apache.catalina.core.ApplicationFilterChain.doFilter(ApplicationFilterChain.java:149)
	at org.springframework.security.web.FilterChainProxy.lambda$doFilterInternal$3(FilterChainProxy.java:231)
	at org.springframework.security.web.FilterChainProxy$VirtualFilterChain.doFilter(FilterChainProxy.java:365)
	at org.springframework.security.web.access.intercept.AuthorizationFilter.doFilter(AuthorizationFilter.java:100)
	at org.springframework.security.web.FilterChainProxy$VirtualFilterChain.doFilter(FilterChainProxy.java:374)
	at org.springframework.security.web.access.ExceptionTranslationFilter.doFilter(ExceptionTranslationFilter.java:126)
	at org.springframework.security.web.access.ExceptionTranslationFilter.doFilter(ExceptionTranslationFilter.java:120)
	at org.springframework.security.web.FilterChainProxy$VirtualFilterChain.doFilter(FilterChainProxy.java:374)
	at org.springframework.security.web.session.SessionManagementFilter.doFilter(SessionManagementFilter.java:131)
	at org.springframework.security.web.session.SessionManagementFilter.doFilter(SessionManagementFilter.java:85)
	at org.springframework.security.web.FilterChainProxy$VirtualFilterChain.doFilter(FilterChainProxy.java:374)
	at org.springframework.security.web.authentication.AnonymousAuthenticationFilter.doFilter(AnonymousAuthenticationFilter.java:100)
	at org.springframework.security.web.FilterChainProxy$VirtualFilterChain.doFilter(FilterChainProxy.java:374)
	at org.springframework.security.web.servletapi.SecurityContextHolderAwareRequestFilter.doFilter(SecurityContextHolderAwareRequestFilter.java:179)
	at org.springframework.security.web.FilterChainProxy$VirtualFilterChain.doFilter(FilterChainProxy.java:374)
	at org.springframework.security.web.savedrequest.RequestCacheAwareFilter.doFilter(RequestCacheAwareFilter.java:63)
	at org.springframework.security.web.FilterChainProxy$VirtualFilterChain.doFilter(FilterChainProxy.java:374)
	at com.hotel.hotel_backend.config.JWTAuthFilter.doFilterInternal(JWTAuthFilter.java:40)
	at org.springframework.web.filter.OncePerRequestFilter.doFilter(OncePerRequestFilter.java:116)
	at org.springframework.security.web.FilterChainProxy$VirtualFilterChain.doFilter(FilterChainProxy.java:374)
	at org.springframework.security.web.authentication.logout.LogoutFilter.doFilter(LogoutFilter.java:107)
	at org.springframework.security.web.authentication.logout.LogoutFilter.doFilter(LogoutFilter.java:93)
	at org.springframework.security.web.FilterChainProxy$VirtualFilterChain.doFilter(FilterChainProxy.java:374)
	at org.springframework.web.filter.CorsFilter.doFilterInternal(CorsFilter.java:91)
	at org.springframework.web.filter.OncePerRequestFilter.doFilter(OncePerRequestFilter.java:116)
	at org.springframework.security.web.FilterChainProxy$VirtualFilterChain.doFilter(FilterChainProxy.java:374)
	at org.springframework.security.web.header.HeaderWriterFilter.doHeadersAfter(HeaderWriterFilter.java:90)
	at org.springframework.security.web.header.HeaderWriterFilter.doFilterInternal(HeaderWriterFilter.java:75)
	at org.springframework.web.filter.OncePerRequestFilter.doFilter(OncePerRequestFilter.java:116)
	at org.springframework.security.web.FilterChainProxy$VirtualFilterChain.doFilter(FilterChainProxy.java:374)
	at org.springframework.security.web.context.SecurityContextHolderFilter.doFilter(SecurityContextHolderFilter.java:82)
	at org.springframework.security.web.context.SecurityContextHolderFilter.doFilter(SecurityContextHolderFilter.java:69)
	at org.springframework.security.web.FilterChainProxy$VirtualFilterChain.doFilter(FilterChainProxy.java:374)
	at org.springframework.security.web.context.request.async.WebAsyncManagerIntegrationFilter.doFilterInternal(WebAsyncManagerIntegrationFilter.java:62)
	at org.springframework.web.filter.OncePerRequestFilter.doFilter(OncePerRequestFilter.java:116)
	at org.springframework.security.web.FilterChainProxy$VirtualFilterChain.doFilter(FilterChainProxy.java:374)
	at org.springframework.security.web.session.DisableEncodeUrlFilter.doFilterInternal(DisableEncodeUrlFilter.java:42)
	at org.springframework.web.filter.OncePerRequestFilter.doFilter(OncePerRequestFilter.java:116)
	at org.springframework.security.web.FilterChainProxy$VirtualFilterChain.doFilter(FilterChainProxy.java:374)
	at org.springframework.security.web.FilterChainProxy.doFilterInternal(FilterChainProxy.java:233)
	at org.springframework.security.web.FilterChainProxy.doFilter(FilterChainProxy.java:191)
	at org.springframework.web.filter.DelegatingFilterProxy.invokeDelegate(DelegatingFilterProxy.java:352)
	at org.springframework.web.filter.DelegatingFilterProxy.doFilter(DelegatingFilterProxy.java:268)
	at org.apache.catalina.core.ApplicationFilterChain.internalDoFilter(ApplicationFilterChain.java:174)
	at org.apache.catalina.core.ApplicationFilterChain.doFilter(ApplicationFilterChain.java:149)
	at org.springframework.web.filter.RequestContextFilter.doFilterInternal(RequestContextFilter.java:100)
	at org.springframework.web.filter.OncePerRequestFilter.doFilter(OncePerRequestFilter.java:116)
	at org.apache.catalina.core.ApplicationFilterChain.internalDoFilter(ApplicationFilterChain.java:174)
	at org.apache.catalina.core.ApplicationFilterChain.doFilter(ApplicationFilterChain.java:149)
	at org.springframework.web.filter.FormContentFilter.doFilterInternal(FormContentFilter.java:93)
	at org.springframework.web.filter.OncePerRequestFilter.doFilter(OncePerRequestFilter.java:116)
	at org.apache.catalina.core.ApplicationFilterChain.internalDoFilter(ApplicationFilterChain.java:174)
	at org.apache.catalina.core.ApplicationFilterChain.doFilter(ApplicationFilterChain.java:149)
	at org.springframework.web.filter.CharacterEncodingFilter.doFilterInternal(CharacterEncodingFilter.java:201)
	at org.springframework.web.filter.OncePerRequestFilter.doFilter(OncePerRequestFilter.java:116)
	at org.apache.catalina.core.ApplicationFilterChain.internalDoFilter(ApplicationFilterChain.java:174)
	at org.apache.catalina.core.ApplicationFilterChain.doFilter(ApplicationFilterChain.java:149)
	at org.apache.catalina.core.StandardWrapperValve.invoke(StandardWrapperValve.java:167)
	at org.apache.catalina.core.StandardContextValve.invoke(StandardContextValve.java:90)
	at org.apache.catalina.authenticator.AuthenticatorBase.invoke(AuthenticatorBase.java:482)
	at org.apache.catalina.core.StandardHostValve.invoke(StandardHostValve.java:115)
	at org.apache.catalina.valves.ErrorReportValve.invoke(ErrorReportValve.java:93)
	at org.apache.catalina.core.StandardEngineValve.invoke(StandardEngineValve.java:74)
	at org.apache.catalina.connector.CoyoteAdapter.service(CoyoteAdapter.java:340)
	at org.apache.coyote.http11.Http11Processor.service(Http11Processor.java:391)
	at org.apache.coyote.AbstractProcessorLight.process(AbstractProcessorLight.java:63)
	at org.apache.coyote.AbstractProtocol$ConnectionHandler.process(AbstractProtocol.java:896)
	at org.apache.tomcat.util.net.NioEndpoint$SocketProcessor.doRun(NioEndpoint.java:1744)
	at org.apache.tomcat.util.net.SocketProcessorBase.run(SocketProcessorBase.java:52)
	at org.apache.tomcat.util.threads.ThreadPoolExecutor.runWorker(ThreadPoolExecutor.java:1191)
	at org.apache.tomcat.util.threads.ThreadPoolExecutor$Worker.run(ThreadPoolExecutor.java:659)
	at org.apache.tomcat.util.threads.TaskThread$WrappingRunnable.run(TaskThread.java:61)
	at java.base/java.lang.Thread.run(Thread.java:1583)
Caused by: com.fasterxml.jackson.core.JsonParseException: Unexpected character ('}' (code 125)): was expecting double-quote to start field name
 at [Source: (org.springframework.util.StreamUtils$NonClosingInputStream); line: 3, column: 2]
	at com.fasterxml.jackson.core.JsonParser._constructError(JsonParser.java:2477)
	at com.fasterxml.jackson.core.base.ParserMinimalBase._reportError(ParserMinimalBase.java:750)
	at com.fasterxml.jackson.core.base.ParserMinimalBase._reportUnexpectedChar(ParserMinimalBase.java:674)
	at com.fasterxml.jackson.core.json.UTF8StreamJsonParser._handleOddName(UTF8StreamJsonParser.java:2144)
	at com.fasterxml.jackson.core.json.UTF8StreamJsonParser._parseName(UTF8StreamJsonParser.java:1794)
	at com.fasterxml.jackson.core.json.UTF8StreamJsonParser.nextFieldName(UTF8StreamJsonParser.java:1081)
	at com.fasterxml.jackson.databind.deser.std.MapDeserializer._readAndBindStringKeyMap(MapDeserializer.java:608)
	at com.fasterxml.jackson.databind.deser.std.MapDeserializer.deserialize(MapDeserializer.java:449)
	at com.fasterxml.jackson.databind.deser.std.MapDeserializer.deserialize(MapDeserializer.java:32)
	at com.fasterxml.jackson.databind.deser.DefaultDeserializationContext.readRootValue(DefaultDeserializationContext.java:323)
	at com.fasterxml.jackson.databind.ObjectReader._bindAndClose(ObjectReader.java:2105)
	at com.fasterxml.jackson.databind.ObjectReader.readValue(ObjectReader.java:1481)
	at org.springframework.http.converter.json.AbstractJackson2HttpMessageConverter.readJavaType(AbstractJackson2HttpMessageConverter.java:395)
	... 98 common frames omitted
2026-04-28 15:37:31.354 [http-nio-8081-exec-3] DEBUG c.h.h.s.CustomUserDetailsService - Loading user by email: giridharyuvaraj07@gmail.com
2026-04-28 15:37:31.448 [http-nio-8081-exec-3] DEBUG c.h.h.config.JWTAuthFilter - Authenticated user: giridharyuvaraj07@gmail.com for URI: /api/auth/login
2026-04-28 15:37:31.451 [http-nio-8081-exec-3] INFO  c.h.h.controller.AuthController - POST /api/auth/login - email: mrohini7558@gmail.com
2026-04-28 15:37:31.452 [http-nio-8081-exec-3] INFO  c.h.h.service.UserService - Login attempt for email: mrohini7558@gmail.com
2026-04-28 15:37:31.452 [http-nio-8081-exec-3] DEBUG c.h.h.s.CustomUserDetailsService - Loading user by email: mrohini7558@gmail.com
2026-04-28 15:37:31.710 [http-nio-8081-exec-3] INFO  c.h.h.service.UserService - User logged in successfully: mrohini7558@gmail.com
2026-04-28 15:37:31.750 [http-nio-8081-exec-5] DEBUG c.h.h.s.CustomUserDetailsService - Loading user by email: mrohini7558@gmail.com
2026-04-28 15:37:31.750 [http-nio-8081-exec-8] DEBUG c.h.h.s.CustomUserDetailsService - Loading user by email: mrohini7558@gmail.com
2026-04-28 15:37:31.792 [http-nio-8081-exec-5] DEBUG c.h.h.config.JWTAuthFilter - Authenticated user: mrohini7558@gmail.com for URI: /api/hotels
2026-04-28 15:37:31.795 [http-nio-8081-exec-5] INFO  c.h.h.controller.HotelController - GET /api/hotels
2026-04-28 15:37:31.829 [http-nio-8081-exec-8] DEBUG c.h.h.config.JWTAuthFilter - Authenticated user: mrohini7558@gmail.com for URI: /api/hotels/locations
2026-04-28 15:37:31.897 [http-nio-8081-exec-9] DEBUG c.h.h.s.CustomUserDetailsService - Loading user by email: mrohini7558@gmail.com
2026-04-28 15:37:31.939 [http-nio-8081-exec-9] DEBUG c.h.h.config.JWTAuthFilter - Authenticated user: mrohini7558@gmail.com for URI: /api/hotels/locations
2026-04-28 15:37:31.944 [http-nio-8081-exec-5] INFO  c.h.h.service.HotelService - Fetched 49 hotels
2026-04-28 15:37:31.959 [http-nio-8081-exec-6] DEBUG c.h.h.s.CustomUserDetailsService - Loading user by email: mrohini7558@gmail.com
2026-04-28 15:37:32.007 [http-nio-8081-exec-6] DEBUG c.h.h.config.JWTAuthFilter - Authenticated user: mrohini7558@gmail.com for URI: /api/hotels
2026-04-28 15:37:32.007 [http-nio-8081-exec-6] INFO  c.h.h.controller.HotelController - GET /api/hotels
2026-04-28 15:37:32.105 [http-nio-8081-exec-6] INFO  c.h.h.service.HotelService - Fetched 49 hotels
2026-04-28 15:37:44.837 [http-nio-8081-exec-4] INFO  c.h.h.service.UserService - Forgot password request for email: mrohini7558@gmail.com
2026-04-28 15:37:49.162 [task-4] INFO  c.h.h.service.EmailService - Password reset email sent to: mrohini7558@gmail.com
2026-04-28 15:38:09.737 [http-nio-8081-exec-7] INFO  c.h.h.service.UserService - Resetting password using token
2026-04-28 15:38:10.185 [http-nio-8081-exec-7] INFO  c.h.h.service.UserService - Password reset successful for user: mrohini7558@gmail.com
2026-04-28 15:38:32.235 [http-nio-8081-exec-1] INFO  c.h.h.controller.AuthController - POST /api/auth/login - email: mrohini7558@gmail.com
2026-04-28 15:38:32.238 [http-nio-8081-exec-1] INFO  c.h.h.service.UserService - Login attempt for email: mrohini7558@gmail.com
2026-04-28 15:38:32.240 [http-nio-8081-exec-1] DEBUG c.h.h.s.CustomUserDetailsService - Loading user by email: mrohini7558@gmail.com
2026-04-28 15:38:32.539 [http-nio-8081-exec-1] INFO  c.h.h.service.UserService - User logged in successfully: mrohini7558@gmail.com
2026-04-28 15:38:44.068 [http-nio-8081-exec-5] ERROR c.h.h.e.GlobalExceptionHandler - Unexpected error occurred: JSON parse error: Unexpected character ('}' (code 125)): was expecting double-quote to start field name
org.springframework.http.converter.HttpMessageNotReadableException: JSON parse error: Unexpected character ('}' (code 125)): was expecting double-quote to start field name
	at org.springframework.http.converter.json.AbstractJackson2HttpMessageConverter.readJavaType(AbstractJackson2HttpMessageConverter.java:406)
	at org.springframework.http.converter.json.AbstractJackson2HttpMessageConverter.read(AbstractJackson2HttpMessageConverter.java:354)
	at org.springframework.web.servlet.mvc.method.annotation.AbstractMessageConverterMethodArgumentResolver.readWithMessageConverters(AbstractMessageConverterMethodArgumentResolver.java:184)
	at org.springframework.web.servlet.mvc.method.annotation.RequestResponseBodyMethodProcessor.readWithMessageConverters(RequestResponseBodyMethodProcessor.java:159)
	at org.springframework.web.servlet.mvc.method.annotation.RequestResponseBodyMethodProcessor.resolveArgument(RequestResponseBodyMethodProcessor.java:134)
	at org.springframework.web.method.support.HandlerMethodArgumentResolverComposite.resolveArgument(HandlerMethodArgumentResolverComposite.java:122)
	at org.springframework.web.method.support.InvocableHandlerMethod.getMethodArgumentValues(InvocableHandlerMethod.java:218)
	at org.springframework.web.method.support.InvocableHandlerMethod.invokeForRequest(InvocableHandlerMethod.java:171)
	at org.springframework.web.servlet.mvc.method.annotation.ServletInvocableHandlerMethod.invokeAndHandle(ServletInvocableHandlerMethod.java:118)
	at org.springframework.web.servlet.mvc.method.annotation.RequestMappingHandlerAdapter.invokeHandlerMethod(RequestMappingHandlerAdapter.java:917)
	at org.springframework.web.servlet.mvc.method.annotation.RequestMappingHandlerAdapter.handleInternal(RequestMappingHandlerAdapter.java:829)
	at org.springframework.web.servlet.mvc.method.AbstractHandlerMethodAdapter.handle(AbstractHandlerMethodAdapter.java:87)
	at org.springframework.web.servlet.DispatcherServlet.doDispatch(DispatcherServlet.java:1089)
	at org.springframework.web.servlet.DispatcherServlet.doService(DispatcherServlet.java:979)
	at org.springframework.web.servlet.FrameworkServlet.processRequest(FrameworkServlet.java:1014)
	at org.springframework.web.servlet.FrameworkServlet.doPost(FrameworkServlet.java:914)
	at jakarta.servlet.http.HttpServlet.service(HttpServlet.java:590)
	at org.springframework.web.servlet.FrameworkServlet.service(FrameworkServlet.java:885)
	at jakarta.servlet.http.HttpServlet.service(HttpServlet.java:658)
	at org.apache.catalina.core.ApplicationFilterChain.internalDoFilter(ApplicationFilterChain.java:205)
	at org.apache.catalina.core.ApplicationFilterChain.doFilter(ApplicationFilterChain.java:149)
	at org.apache.tomcat.websocket.server.WsFilter.doFilter(WsFilter.java:51)
	at org.apache.catalina.core.ApplicationFilterChain.internalDoFilter(ApplicationFilterChain.java:174)
	at org.apache.catalina.core.ApplicationFilterChain.doFilter(ApplicationFilterChain.java:149)
	at org.springframework.web.filter.OncePerRequestFilter.doFilter(OncePerRequestFilter.java:110)
	at org.apache.catalina.core.ApplicationFilterChain.internalDoFilter(ApplicationFilterChain.java:174)
	at org.apache.catalina.core.ApplicationFilterChain.doFilter(ApplicationFilterChain.java:149)
	at org.springframework.security.web.FilterChainProxy.lambda$doFilterInternal$3(FilterChainProxy.java:231)
	at org.springframework.security.web.FilterChainProxy$VirtualFilterChain.doFilter(FilterChainProxy.java:365)
	at org.springframework.security.web.access.intercept.AuthorizationFilter.doFilter(AuthorizationFilter.java:100)
	at org.springframework.security.web.FilterChainProxy$VirtualFilterChain.doFilter(FilterChainProxy.java:374)
	at org.springframework.security.web.access.ExceptionTranslationFilter.doFilter(ExceptionTranslationFilter.java:126)
	at org.springframework.security.web.access.ExceptionTranslationFilter.doFilter(ExceptionTranslationFilter.java:120)
	at org.springframework.security.web.FilterChainProxy$VirtualFilterChain.doFilter(FilterChainProxy.java:374)
	at org.springframework.security.web.session.SessionManagementFilter.doFilter(SessionManagementFilter.java:131)
	at org.springframework.security.web.session.SessionManagementFilter.doFilter(SessionManagementFilter.java:85)
	at org.springframework.security.web.FilterChainProxy$VirtualFilterChain.doFilter(FilterChainProxy.java:374)
	at org.springframework.security.web.authentication.AnonymousAuthenticationFilter.doFilter(AnonymousAuthenticationFilter.java:100)
	at org.springframework.security.web.FilterChainProxy$VirtualFilterChain.doFilter(FilterChainProxy.java:374)
	at org.springframework.security.web.servletapi.SecurityContextHolderAwareRequestFilter.doFilter(SecurityContextHolderAwareRequestFilter.java:179)
	at org.springframework.security.web.FilterChainProxy$VirtualFilterChain.doFilter(FilterChainProxy.java:374)
	at org.springframework.security.web.savedrequest.RequestCacheAwareFilter.doFilter(RequestCacheAwareFilter.java:63)
	at org.springframework.security.web.FilterChainProxy$VirtualFilterChain.doFilter(FilterChainProxy.java:374)
	at com.hotel.hotel_backend.config.JWTAuthFilter.doFilterInternal(JWTAuthFilter.java:40)
	at org.springframework.web.filter.OncePerRequestFilter.doFilter(OncePerRequestFilter.java:116)
	at org.springframework.security.web.FilterChainProxy$VirtualFilterChain.doFilter(FilterChainProxy.java:374)
	at org.springframework.security.web.authentication.logout.LogoutFilter.doFilter(LogoutFilter.java:107)
	at org.springframework.security.web.authentication.logout.LogoutFilter.doFilter(LogoutFilter.java:93)
	at org.springframework.security.web.FilterChainProxy$VirtualFilterChain.doFilter(FilterChainProxy.java:374)
	at org.springframework.web.filter.CorsFilter.doFilterInternal(CorsFilter.java:91)
	at org.springframework.web.filter.OncePerRequestFilter.doFilter(OncePerRequestFilter.java:116)
	at org.springframework.security.web.FilterChainProxy$VirtualFilterChain.doFilter(FilterChainProxy.java:374)
	at org.springframework.security.web.header.HeaderWriterFilter.doHeadersAfter(HeaderWriterFilter.java:90)
	at org.springframework.security.web.header.HeaderWriterFilter.doFilterInternal(HeaderWriterFilter.java:75)
	at org.springframework.web.filter.OncePerRequestFilter.doFilter(OncePerRequestFilter.java:116)
	at org.springframework.security.web.FilterChainProxy$VirtualFilterChain.doFilter(FilterChainProxy.java:374)
	at org.springframework.security.web.context.SecurityContextHolderFilter.doFilter(SecurityContextHolderFilter.java:82)
	at org.springframework.security.web.context.SecurityContextHolderFilter.doFilter(SecurityContextHolderFilter.java:69)
	at org.springframework.security.web.FilterChainProxy$VirtualFilterChain.doFilter(FilterChainProxy.java:374)
	at org.springframework.security.web.context.request.async.WebAsyncManagerIntegrationFilter.doFilterInternal(WebAsyncManagerIntegrationFilter.java:62)
	at org.springframework.web.filter.OncePerRequestFilter.doFilter(OncePerRequestFilter.java:116)
	at org.springframework.security.web.FilterChainProxy$VirtualFilterChain.doFilter(FilterChainProxy.java:374)
	at org.springframework.security.web.session.DisableEncodeUrlFilter.doFilterInternal(DisableEncodeUrlFilter.java:42)
	at org.springframework.web.filter.OncePerRequestFilter.doFilter(OncePerRequestFilter.java:116)
	at org.springframework.security.web.FilterChainProxy$VirtualFilterChain.doFilter(FilterChainProxy.java:374)
	at org.springframework.security.web.FilterChainProxy.doFilterInternal(FilterChainProxy.java:233)
	at org.springframework.security.web.FilterChainProxy.doFilter(FilterChainProxy.java:191)
	at org.springframework.web.filter.DelegatingFilterProxy.invokeDelegate(DelegatingFilterProxy.java:352)
	at org.springframework.web.filter.DelegatingFilterProxy.doFilter(DelegatingFilterProxy.java:268)
	at org.apache.catalina.core.ApplicationFilterChain.internalDoFilter(ApplicationFilterChain.java:174)
	at org.apache.catalina.core.ApplicationFilterChain.doFilter(ApplicationFilterChain.java:149)
	at org.springframework.web.filter.RequestContextFilter.doFilterInternal(RequestContextFilter.java:100)
	at org.springframework.web.filter.OncePerRequestFilter.doFilter(OncePerRequestFilter.java:116)
	at org.apache.catalina.core.ApplicationFilterChain.internalDoFilter(ApplicationFilterChain.java:174)
	at org.apache.catalina.core.ApplicationFilterChain.doFilter(ApplicationFilterChain.java:149)
	at org.springframework.web.filter.FormContentFilter.doFilterInternal(FormContentFilter.java:93)
	at org.springframework.web.filter.OncePerRequestFilter.doFilter(OncePerRequestFilter.java:116)
	at org.apache.catalina.core.ApplicationFilterChain.internalDoFilter(ApplicationFilterChain.java:174)
	at org.apache.catalina.core.ApplicationFilterChain.doFilter(ApplicationFilterChain.java:149)
	at org.springframework.web.filter.CharacterEncodingFilter.doFilterInternal(CharacterEncodingFilter.java:201)
	at org.springframework.web.filter.OncePerRequestFilter.doFilter(OncePerRequestFilter.java:116)
	at org.apache.catalina.core.ApplicationFilterChain.internalDoFilter(ApplicationFilterChain.java:174)
	at org.apache.catalina.core.ApplicationFilterChain.doFilter(ApplicationFilterChain.java:149)
	at org.apache.catalina.core.StandardWrapperValve.invoke(StandardWrapperValve.java:167)
	at org.apache.catalina.core.StandardContextValve.invoke(StandardContextValve.java:90)
	at org.apache.catalina.authenticator.AuthenticatorBase.invoke(AuthenticatorBase.java:482)
	at org.apache.catalina.core.StandardHostValve.invoke(StandardHostValve.java:115)
	at org.apache.catalina.valves.ErrorReportValve.invoke(ErrorReportValve.java:93)
	at org.apache.catalina.core.StandardEngineValve.invoke(StandardEngineValve.java:74)
	at org.apache.catalina.connector.CoyoteAdapter.service(CoyoteAdapter.java:340)
	at org.apache.coyote.http11.Http11Processor.service(Http11Processor.java:391)
	at org.apache.coyote.AbstractProcessorLight.process(AbstractProcessorLight.java:63)
	at org.apache.coyote.AbstractProtocol$ConnectionHandler.process(AbstractProtocol.java:896)
	at org.apache.tomcat.util.net.NioEndpoint$SocketProcessor.doRun(NioEndpoint.java:1744)
	at org.apache.tomcat.util.net.SocketProcessorBase.run(SocketProcessorBase.java:52)
	at org.apache.tomcat.util.threads.ThreadPoolExecutor.runWorker(ThreadPoolExecutor.java:1191)
	at org.apache.tomcat.util.threads.ThreadPoolExecutor$Worker.run(ThreadPoolExecutor.java:659)
	at org.apache.tomcat.util.threads.TaskThread$WrappingRunnable.run(TaskThread.java:61)
	at java.base/java.lang.Thread.run(Thread.java:1583)
Caused by: com.fasterxml.jackson.core.JsonParseException: Unexpected character ('}' (code 125)): was expecting double-quote to start field name
 at [Source: (org.springframework.util.StreamUtils$NonClosingInputStream); line: 3, column: 2]
	at com.fasterxml.jackson.core.JsonParser._constructError(JsonParser.java:2477)
	at com.fasterxml.jackson.core.base.ParserMinimalBase._reportError(ParserMinimalBase.java:750)
	at com.fasterxml.jackson.core.base.ParserMinimalBase._reportUnexpectedChar(ParserMinimalBase.java:674)
	at com.fasterxml.jackson.core.json.UTF8StreamJsonParser._handleOddName(UTF8StreamJsonParser.java:2144)
	at com.fasterxml.jackson.core.json.UTF8StreamJsonParser._parseName(UTF8StreamJsonParser.java:1794)
	at com.fasterxml.jackson.core.json.UTF8StreamJsonParser.nextFieldName(UTF8StreamJsonParser.java:1081)
	at com.fasterxml.jackson.databind.deser.std.MapDeserializer._readAndBindStringKeyMap(MapDeserializer.java:608)
	at com.fasterxml.jackson.databind.deser.std.MapDeserializer.deserialize(MapDeserializer.java:449)
	at com.fasterxml.jackson.databind.deser.std.MapDeserializer.deserialize(MapDeserializer.java:32)
	at com.fasterxml.jackson.databind.deser.DefaultDeserializationContext.readRootValue(DefaultDeserializationContext.java:323)
	at com.fasterxml.jackson.databind.ObjectReader._bindAndClose(ObjectReader.java:2105)
	at com.fasterxml.jackson.databind.ObjectReader.readValue(ObjectReader.java:1481)
	at org.springframework.http.converter.json.AbstractJackson2HttpMessageConverter.readJavaType(AbstractJackson2HttpMessageConverter.java:395)
	... 98 common frames omitted
2026-04-28 15:48:17.149 [http-nio-8081-exec-4] INFO  c.h.h.controller.HotelController - GET /api/hotels
2026-04-28 15:48:17.348 [http-nio-8081-exec-4] INFO  c.h.h.service.HotelService - Fetched 49 hotels
2026-04-28 15:48:17.357 [http-nio-8081-exec-8] INFO  c.h.h.controller.HotelController - GET /api/hotels
2026-04-28 15:48:17.437 [http-nio-8081-exec-8] INFO  c.h.h.service.HotelService - Fetched 49 hotels
2026-04-28 15:48:20.942 [http-nio-8081-exec-5] INFO  c.h.h.controller.HotelController - GET /api/hotels
2026-04-28 15:48:21.170 [http-nio-8081-exec-5] INFO  c.h.h.service.HotelService - Fetched 49 hotels
2026-04-28 15:48:21.178 [http-nio-8081-exec-2] INFO  c.h.h.controller.HotelController - GET /api/hotels
2026-04-28 15:48:21.315 [http-nio-8081-exec-2] INFO  c.h.h.service.HotelService - Fetched 49 hotels
2026-04-28 15:49:42.022 [SpringApplicationShutdownHook] INFO  o.s.o.j.LocalContainerEntityManagerFactoryBean - Closing JPA EntityManagerFactory for persistence unit 'default'
2026-04-28 15:49:42.033 [SpringApplicationShutdownHook] INFO  com.zaxxer.hikari.HikariDataSource - HikariPool-1 - Shutdown initiated...
2026-04-28 15:49:42.043 [SpringApplicationShutdownHook] INFO  com.zaxxer.hikari.HikariDataSource - HikariPool-1 - Shutdown completed.
