2026-04-02 10:32:42 [main] INFO  c.h.h.HotelBackendApplication - Starting HotelBackendApplication using Java 21.0.10 with PID 22372 (C:\Users\girid\Desktop\HotelBooking\hotel-backend\target\classes started by girid in C:\Users\girid\Desktop\HotelBooking\hotel-backend)
2026-04-02 10:32:42 [main] DEBUG c.h.h.HotelBackendApplication - Running with Spring Boot v3.2.4, Spring v6.1.5
2026-04-02 10:32:42 [main] INFO  c.h.h.HotelBackendApplication - No active profile set, falling back to 1 default profile: "default"
2026-04-02 10:32:43 [main] INFO  o.s.d.r.c.RepositoryConfigurationDelegate - Bootstrapping Spring Data JPA repositories in DEFAULT mode.
2026-04-02 10:32:43 [main] INFO  o.s.d.r.c.RepositoryConfigurationDelegate - Finished Spring Data repository scanning in 49 ms. Found 4 JPA repository interfaces.
2026-04-02 10:32:43 [main] INFO  o.s.b.w.e.tomcat.TomcatWebServer - Tomcat initialized with port 8080 (http)
2026-04-02 10:32:43 [main] INFO  o.a.catalina.core.StandardService - Starting service [Tomcat]
2026-04-02 10:32:43 [main] INFO  o.a.catalina.core.StandardEngine - Starting Servlet engine: [Apache Tomcat/10.1.19]
2026-04-02 10:32:43 [main] INFO  o.a.c.c.C.[Tomcat].[localhost].[/] - Initializing Spring embedded WebApplicationContext
2026-04-02 10:32:43 [main] INFO  o.s.b.w.s.c.ServletWebServerApplicationContext - Root WebApplicationContext: initialization completed in 1128 ms
2026-04-02 10:32:44 [main] INFO  o.h.jpa.internal.util.LogHelper - HHH000204: Processing PersistenceUnitInfo [name: default]
2026-04-02 10:32:44 [main] INFO  org.hibernate.Version - HHH000412: Hibernate ORM core version 6.4.4.Final
2026-04-02 10:32:44 [main] INFO  o.h.c.i.RegionFactoryInitiator - HHH000026: Second-level cache disabled
2026-04-02 10:32:44 [main] INFO  o.s.o.j.p.SpringPersistenceUnitInfo - No LoadTimeWeaver setup: ignoring JPA class transformer
2026-04-02 10:32:44 [main] INFO  com.zaxxer.hikari.HikariDataSource - HikariPool-1 - Starting...
2026-04-02 10:32:45 [main] ERROR com.zaxxer.hikari.pool.HikariPool - HikariPool-1 - Exception during pool initialization.
java.sql.SQLNonTransientConnectionException: Public Key Retrieval is not allowed
	at com.mysql.cj.jdbc.exceptions.SQLError.createSQLException(SQLError.java:111)
	at com.mysql.cj.jdbc.exceptions.SQLExceptionsMapping.translateException(SQLExceptionsMapping.java:122)
	at com.mysql.cj.jdbc.ConnectionImpl.createNewIO(ConnectionImpl.java:815)
	at com.mysql.cj.jdbc.ConnectionImpl.<init>(ConnectionImpl.java:438)
	at com.mysql.cj.jdbc.ConnectionImpl.getInstance(ConnectionImpl.java:241)
	at com.mysql.cj.jdbc.NonRegisteringDriver.connect(NonRegisteringDriver.java:189)
	at com.zaxxer.hikari.util.DriverDataSource.getConnection(DriverDataSource.java:138)
	at com.zaxxer.hikari.pool.PoolBase.newConnection(PoolBase.java:359)
	at com.zaxxer.hikari.pool.PoolBase.newPoolEntry(PoolBase.java:201)
	at com.zaxxer.hikari.pool.HikariPool.createPoolEntry(HikariPool.java:470)
	at com.zaxxer.hikari.pool.HikariPool.checkFailFast(HikariPool.java:561)
	at com.zaxxer.hikari.pool.HikariPool.<init>(HikariPool.java:100)
	at com.zaxxer.hikari.HikariDataSource.getConnection(HikariDataSource.java:112)
	at org.hibernate.engine.jdbc.connections.internal.DatasourceConnectionProviderImpl.getConnection(DatasourceConnectionProviderImpl.java:122)
	at org.hibernate.engine.jdbc.env.internal.JdbcEnvironmentInitiator$ConnectionProviderJdbcConnectionAccess.obtainConnection(JdbcEnvironmentInitiator.java:428)
	at org.hibernate.resource.transaction.backend.jdbc.internal.JdbcIsolationDelegate.delegateWork(JdbcIsolationDelegate.java:61)
	at org.hibernate.engine.jdbc.env.internal.JdbcEnvironmentInitiator.getJdbcEnvironmentUsingJdbcMetadata(JdbcEnvironmentInitiator.java:276)
	at org.hibernate.engine.jdbc.env.internal.JdbcEnvironmentInitiator.initiateService(JdbcEnvironmentInitiator.java:107)
	at org.hibernate.engine.jdbc.env.internal.JdbcEnvironmentInitiator.initiateService(JdbcEnvironmentInitiator.java:68)
	at org.hibernate.boot.registry.internal.StandardServiceRegistryImpl.initiateService(StandardServiceRegistryImpl.java:130)
	at org.hibernate.service.internal.AbstractServiceRegistryImpl.createService(AbstractServiceRegistryImpl.java:263)
	at org.hibernate.service.internal.AbstractServiceRegistryImpl.initializeService(AbstractServiceRegistryImpl.java:238)
	at org.hibernate.service.internal.AbstractServiceRegistryImpl.getService(AbstractServiceRegistryImpl.java:215)
	at org.hibernate.boot.model.relational.Database.<init>(Database.java:45)
	at org.hibernate.boot.internal.InFlightMetadataCollectorImpl.getDatabase(InFlightMetadataCollectorImpl.java:223)
	at org.hibernate.boot.internal.InFlightMetadataCollectorImpl.<init>(InFlightMetadataCollectorImpl.java:191)
	at org.hibernate.boot.model.process.spi.MetadataBuildingProcess.complete(MetadataBuildingProcess.java:170)
	at org.hibernate.jpa.boot.internal.EntityManagerFactoryBuilderImpl.metadata(EntityManagerFactoryBuilderImpl.java:1432)
	at org.hibernate.jpa.boot.internal.EntityManagerFactoryBuilderImpl.build(EntityManagerFactoryBuilderImpl.java:1503)
	at org.springframework.orm.jpa.vendor.SpringHibernateJpaPersistenceProvider.createContainerEntityManagerFactory(SpringHibernateJpaPersistenceProvider.java:75)
	at org.springframework.orm.jpa.LocalContainerEntityManagerFactoryBean.createNativeEntityManagerFactory(LocalContainerEntityManagerFactoryBean.java:390)
	at org.springframework.orm.jpa.AbstractEntityManagerFactoryBean.buildNativeEntityManagerFactory(AbstractEntityManagerFactoryBean.java:409)
	at org.springframework.orm.jpa.AbstractEntityManagerFactoryBean.afterPropertiesSet(AbstractEntityManagerFactoryBean.java:396)
	at org.springframework.orm.jpa.LocalContainerEntityManagerFactoryBean.afterPropertiesSet(LocalContainerEntityManagerFactoryBean.java:366)
	at org.springframework.beans.factory.support.AbstractAutowireCapableBeanFactory.invokeInitMethods(AbstractAutowireCapableBeanFactory.java:1833)
	at org.springframework.beans.factory.support.AbstractAutowireCapableBeanFactory.initializeBean(AbstractAutowireCapableBeanFactory.java:1782)
	at org.springframework.beans.factory.support.AbstractAutowireCapableBeanFactory.doCreateBean(AbstractAutowireCapableBeanFactory.java:600)
	at org.springframework.beans.factory.support.AbstractAutowireCapableBeanFactory.createBean(AbstractAutowireCapableBeanFactory.java:522)
	at org.springframework.beans.factory.support.AbstractBeanFactory.lambda$doGetBean$0(AbstractBeanFactory.java:326)
	at org.springframework.beans.factory.support.DefaultSingletonBeanRegistry.getSingleton(DefaultSingletonBeanRegistry.java:234)
	at org.springframework.beans.factory.support.AbstractBeanFactory.doGetBean(AbstractBeanFactory.java:324)
	at org.springframework.beans.factory.support.AbstractBeanFactory.getBean(AbstractBeanFactory.java:200)
	at org.springframework.beans.factory.support.BeanDefinitionValueResolver.resolveReference(BeanDefinitionValueResolver.java:365)
	at org.springframework.beans.factory.support.BeanDefinitionValueResolver.resolveValueIfNecessary(BeanDefinitionValueResolver.java:135)
	at org.springframework.beans.factory.support.ConstructorResolver.resolveConstructorArguments(ConstructorResolver.java:682)
	at org.springframework.beans.factory.support.ConstructorResolver.instantiateUsingFactoryMethod(ConstructorResolver.java:509)
	at org.springframework.beans.factory.support.AbstractAutowireCapableBeanFactory.instantiateUsingFactoryMethod(AbstractAutowireCapableBeanFactory.java:1335)
	at org.springframework.beans.factory.support.AbstractAutowireCapableBeanFactory.createBeanInstance(AbstractAutowireCapableBeanFactory.java:1165)
	at org.springframework.beans.factory.support.AbstractAutowireCapableBeanFactory.doCreateBean(AbstractAutowireCapableBeanFactory.java:562)
	at org.springframework.beans.factory.support.AbstractAutowireCapableBeanFactory.createBean(AbstractAutowireCapableBeanFactory.java:522)
	at org.springframework.beans.factory.support.AbstractBeanFactory.lambda$doGetBean$0(AbstractBeanFactory.java:326)
	at org.springframework.beans.factory.support.DefaultSingletonBeanRegistry.getSingleton(DefaultSingletonBeanRegistry.java:234)
	at org.springframework.beans.factory.support.AbstractBeanFactory.doGetBean(AbstractBeanFactory.java:324)
	at org.springframework.beans.factory.support.AbstractBeanFactory.getBean(AbstractBeanFactory.java:200)
	at org.springframework.beans.factory.support.BeanDefinitionValueResolver.resolveReference(BeanDefinitionValueResolver.java:365)
	at org.springframework.beans.factory.support.BeanDefinitionValueResolver.resolveValueIfNecessary(BeanDefinitionValueResolver.java:135)
	at org.springframework.beans.factory.support.AbstractAutowireCapableBeanFactory.applyPropertyValues(AbstractAutowireCapableBeanFactory.java:1685)
	at org.springframework.beans.factory.support.AbstractAutowireCapableBeanFactory.populateBean(AbstractAutowireCapableBeanFactory.java:1434)
	at org.springframework.beans.factory.support.AbstractAutowireCapableBeanFactory.doCreateBean(AbstractAutowireCapableBeanFactory.java:599)
	at org.springframework.beans.factory.support.AbstractAutowireCapableBeanFactory.createBean(AbstractAutowireCapableBeanFactory.java:522)
	at org.springframework.beans.factory.support.AbstractBeanFactory.lambda$doGetBean$0(AbstractBeanFactory.java:326)
	at org.springframework.beans.factory.support.DefaultSingletonBeanRegistry.getSingleton(DefaultSingletonBeanRegistry.java:234)
	at org.springframework.beans.factory.support.AbstractBeanFactory.doGetBean(AbstractBeanFactory.java:324)
	at org.springframework.beans.factory.support.AbstractBeanFactory.getBean(AbstractBeanFactory.java:200)
	at org.springframework.beans.factory.config.DependencyDescriptor.resolveCandidate(DependencyDescriptor.java:254)
	at org.springframework.beans.factory.support.DefaultListableBeanFactory.doResolveDependency(DefaultListableBeanFactory.java:1443)
	at org.springframework.beans.factory.support.DefaultListableBeanFactory.resolveDependency(DefaultListableBeanFactory.java:1353)
	at org.springframework.beans.factory.annotation.AutowiredAnnotationBeanPostProcessor$AutowiredFieldElement.resolveFieldValue(AutowiredAnnotationBeanPostProcessor.java:784)
	at org.springframework.beans.factory.annotation.AutowiredAnnotationBeanPostProcessor$AutowiredFieldElement.inject(AutowiredAnnotationBeanPostProcessor.java:767)
	at org.springframework.beans.factory.annotation.InjectionMetadata.inject(InjectionMetadata.java:145)
	at org.springframework.beans.factory.annotation.AutowiredAnnotationBeanPostProcessor.postProcessProperties(AutowiredAnnotationBeanPostProcessor.java:508)
	at org.springframework.beans.factory.support.AbstractAutowireCapableBeanFactory.populateBean(AbstractAutowireCapableBeanFactory.java:1419)
	at org.springframework.beans.factory.support.AbstractAutowireCapableBeanFactory.doCreateBean(AbstractAutowireCapableBeanFactory.java:599)
	at org.springframework.beans.factory.support.AbstractAutowireCapableBeanFactory.createBean(AbstractAutowireCapableBeanFactory.java:522)
	at org.springframework.beans.factory.support.AbstractBeanFactory.lambda$doGetBean$0(AbstractBeanFactory.java:326)
	at org.springframework.beans.factory.support.DefaultSingletonBeanRegistry.getSingleton(DefaultSingletonBeanRegistry.java:234)
	at org.springframework.beans.factory.support.AbstractBeanFactory.doGetBean(AbstractBeanFactory.java:324)
	at org.springframework.beans.factory.support.AbstractBeanFactory.getBean(AbstractBeanFactory.java:200)
	at org.springframework.beans.factory.config.DependencyDescriptor.resolveCandidate(DependencyDescriptor.java:254)
	at org.springframework.beans.factory.support.DefaultListableBeanFactory.doResolveDependency(DefaultListableBeanFactory.java:1443)
	at org.springframework.beans.factory.support.DefaultListableBeanFactory.resolveDependency(DefaultListableBeanFactory.java:1353)
	at org.springframework.beans.factory.annotation.AutowiredAnnotationBeanPostProcessor$AutowiredFieldElement.resolveFieldValue(AutowiredAnnotationBeanPostProcessor.java:784)
	at org.springframework.beans.factory.annotation.AutowiredAnnotationBeanPostProcessor$AutowiredFieldElement.inject(AutowiredAnnotationBeanPostProcessor.java:767)
	at org.springframework.beans.factory.annotation.InjectionMetadata.inject(InjectionMetadata.java:145)
	at org.springframework.beans.factory.annotation.AutowiredAnnotationBeanPostProcessor.postProcessProperties(AutowiredAnnotationBeanPostProcessor.java:508)
	at org.springframework.beans.factory.support.AbstractAutowireCapableBeanFactory.populateBean(AbstractAutowireCapableBeanFactory.java:1419)
	at org.springframework.beans.factory.support.AbstractAutowireCapableBeanFactory.doCreateBean(AbstractAutowireCapableBeanFactory.java:599)
	at org.springframework.beans.factory.support.AbstractAutowireCapableBeanFactory.createBean(AbstractAutowireCapableBeanFactory.java:522)
	at org.springframework.beans.factory.support.AbstractBeanFactory.lambda$doGetBean$0(AbstractBeanFactory.java:326)
	at org.springframework.beans.factory.support.DefaultSingletonBeanRegistry.getSingleton(DefaultSingletonBeanRegistry.java:234)
	at org.springframework.beans.factory.support.AbstractBeanFactory.doGetBean(AbstractBeanFactory.java:324)
	at org.springframework.beans.factory.support.AbstractBeanFactory.getBean(AbstractBeanFactory.java:205)
	at org.springframework.boot.web.servlet.ServletContextInitializerBeans.getOrderedBeansOfType(ServletContextInitializerBeans.java:210)
	at org.springframework.boot.web.servlet.ServletContextInitializerBeans.addAsRegistrationBean(ServletContextInitializerBeans.java:173)
	at org.springframework.boot.web.servlet.ServletContextInitializerBeans.addAsRegistrationBean(ServletContextInitializerBeans.java:168)
	at org.springframework.boot.web.servlet.ServletContextInitializerBeans.addAdaptableBeans(ServletContextInitializerBeans.java:153)
	at org.springframework.boot.web.servlet.ServletContextInitializerBeans.<init>(ServletContextInitializerBeans.java:86)
	at org.springframework.boot.web.servlet.context.ServletWebServerApplicationContext.getServletContextInitializerBeans(ServletWebServerApplicationContext.java:266)
	at org.springframework.boot.web.servlet.context.ServletWebServerApplicationContext.selfInitialize(ServletWebServerApplicationContext.java:240)
	at org.springframework.boot.web.embedded.tomcat.TomcatStarter.onStartup(TomcatStarter.java:52)
	at org.apache.catalina.core.StandardContext.startInternal(StandardContext.java:4866)
	at org.apache.catalina.util.LifecycleBase.start(LifecycleBase.java:171)
	at org.apache.catalina.core.ContainerBase$StartChild.call(ContainerBase.java:1332)
	at org.apache.catalina.core.ContainerBase$StartChild.call(ContainerBase.java:1322)
	at java.base/java.util.concurrent.FutureTask.run(FutureTask.java:317)
	at org.apache.tomcat.util.threads.InlineExecutorService.execute(InlineExecutorService.java:75)
	at java.base/java.util.concurrent.AbstractExecutorService.submit(AbstractExecutorService.java:145)
	at org.apache.catalina.core.ContainerBase.startInternal(ContainerBase.java:866)
	at org.apache.catalina.core.StandardHost.startInternal(StandardHost.java:845)
	at org.apache.catalina.util.LifecycleBase.start(LifecycleBase.java:171)
	at org.apache.catalina.core.ContainerBase$StartChild.call(ContainerBase.java:1332)
	at org.apache.catalina.core.ContainerBase$StartChild.call(ContainerBase.java:1322)
	at java.base/java.util.concurrent.FutureTask.run(FutureTask.java:317)
	at org.apache.tomcat.util.threads.InlineExecutorService.execute(InlineExecutorService.java:75)
	at java.base/java.util.concurrent.AbstractExecutorService.submit(AbstractExecutorService.java:145)
	at org.apache.catalina.core.ContainerBase.startInternal(ContainerBase.java:866)
	at org.apache.catalina.core.StandardEngine.startInternal(StandardEngine.java:240)
	at org.apache.catalina.util.LifecycleBase.start(LifecycleBase.java:171)
	at org.apache.catalina.core.StandardService.startInternal(StandardService.java:433)
	at org.apache.catalina.util.LifecycleBase.start(LifecycleBase.java:171)
	at org.apache.catalina.core.StandardServer.startInternal(StandardServer.java:921)
	at org.apache.catalina.util.LifecycleBase.start(LifecycleBase.java:171)
	at org.apache.catalina.startup.Tomcat.start(Tomcat.java:437)
	at org.springframework.boot.web.embedded.tomcat.TomcatWebServer.initialize(TomcatWebServer.java:126)
	at org.springframework.boot.web.embedded.tomcat.TomcatWebServer.<init>(TomcatWebServer.java:105)
	at org.springframework.boot.web.embedded.tomcat.TomcatServletWebServerFactory.getTomcatWebServer(TomcatServletWebServerFactory.java:499)
	at org.springframework.boot.web.embedded.tomcat.TomcatServletWebServerFactory.getWebServer(TomcatServletWebServerFactory.java:218)
	at org.springframework.boot.web.servlet.context.ServletWebServerApplicationContext.createWebServer(ServletWebServerApplicationContext.java:188)
	at org.springframework.boot.web.servlet.context.ServletWebServerApplicationContext.onRefresh(ServletWebServerApplicationContext.java:162)
	at org.springframework.context.support.AbstractApplicationContext.refresh(AbstractApplicationContext.java:618)
	at org.springframework.boot.web.servlet.context.ServletWebServerApplicationContext.refresh(ServletWebServerApplicationContext.java:146)
	at org.springframework.boot.SpringApplication.refresh(SpringApplication.java:754)
	at org.springframework.boot.SpringApplication.refreshContext(SpringApplication.java:456)
	at org.springframework.boot.SpringApplication.run(SpringApplication.java:334)
	at org.springframework.boot.SpringApplication.run(SpringApplication.java:1354)
	at org.springframework.boot.SpringApplication.run(SpringApplication.java:1343)
	at com.hotel.hotel_backend.HotelBackendApplication.main(HotelBackendApplication.java:10)
Caused by: com.mysql.cj.exceptions.UnableToConnectException: Public Key Retrieval is not allowed
	at java.base/jdk.internal.reflect.DirectConstructorHandleAccessor.newInstance(DirectConstructorHandleAccessor.java:62)
	at java.base/java.lang.reflect.Constructor.newInstanceWithCaller(Constructor.java:502)
	at java.base/java.lang.reflect.Constructor.newInstance(Constructor.java:486)
	at com.mysql.cj.exceptions.ExceptionFactory.createException(ExceptionFactory.java:61)
	at com.mysql.cj.exceptions.ExceptionFactory.createException(ExceptionFactory.java:85)
	at com.mysql.cj.protocol.a.authentication.CachingSha2PasswordPlugin.nextAuthenticationStep(CachingSha2PasswordPlugin.java:131)
	at com.mysql.cj.protocol.a.authentication.CachingSha2PasswordPlugin.nextAuthenticationStep(CachingSha2PasswordPlugin.java:49)
	at com.mysql.cj.protocol.a.NativeAuthenticationProvider.proceedHandshakeWithPluggableAuthentication(NativeAuthenticationProvider.java:446)
	at com.mysql.cj.protocol.a.NativeAuthenticationProvider.connect(NativeAuthenticationProvider.java:215)
	at com.mysql.cj.protocol.a.NativeProtocol.connect(NativeProtocol.java:1428)
	at com.mysql.cj.NativeSession.connect(NativeSession.java:133)
	at com.mysql.cj.jdbc.ConnectionImpl.connectOneTryOnly(ConnectionImpl.java:935)
	at com.mysql.cj.jdbc.ConnectionImpl.createNewIO(ConnectionImpl.java:805)
	... 134 common frames omitted
2026-04-02 10:32:45 [main] WARN  o.h.e.j.e.i.JdbcEnvironmentInitiator - HHH000342: Could not obtain connection to query metadata
java.lang.NullPointerException: Cannot invoke "org.hibernate.engine.jdbc.spi.SqlExceptionHelper.convert(java.sql.SQLException, String)" because the return value of "org.hibernate.resource.transaction.backend.jdbc.internal.JdbcIsolationDelegate.sqlExceptionHelper()" is null
	at org.hibernate.resource.transaction.backend.jdbc.internal.JdbcIsolationDelegate.delegateWork(JdbcIsolationDelegate.java:116)
	at org.hibernate.engine.jdbc.env.internal.JdbcEnvironmentInitiator.getJdbcEnvironmentUsingJdbcMetadata(JdbcEnvironmentInitiator.java:276)
	at org.hibernate.engine.jdbc.env.internal.JdbcEnvironmentInitiator.initiateService(JdbcEnvironmentInitiator.java:107)
	at org.hibernate.engine.jdbc.env.internal.JdbcEnvironmentInitiator.initiateService(JdbcEnvironmentInitiator.java:68)
	at org.hibernate.boot.registry.internal.StandardServiceRegistryImpl.initiateService(StandardServiceRegistryImpl.java:130)
	at org.hibernate.service.internal.AbstractServiceRegistryImpl.createService(AbstractServiceRegistryImpl.java:263)
	at org.hibernate.service.internal.AbstractServiceRegistryImpl.initializeService(AbstractServiceRegistryImpl.java:238)
	at org.hibernate.service.internal.AbstractServiceRegistryImpl.getService(AbstractServiceRegistryImpl.java:215)
	at org.hibernate.boot.model.relational.Database.<init>(Database.java:45)
	at org.hibernate.boot.internal.InFlightMetadataCollectorImpl.getDatabase(InFlightMetadataCollectorImpl.java:223)
	at org.hibernate.boot.internal.InFlightMetadataCollectorImpl.<init>(InFlightMetadataCollectorImpl.java:191)
	at org.hibernate.boot.model.process.spi.MetadataBuildingProcess.complete(MetadataBuildingProcess.java:170)
	at org.hibernate.jpa.boot.internal.EntityManagerFactoryBuilderImpl.metadata(EntityManagerFactoryBuilderImpl.java:1432)
	at org.hibernate.jpa.boot.internal.EntityManagerFactoryBuilderImpl.build(EntityManagerFactoryBuilderImpl.java:1503)
	at org.springframework.orm.jpa.vendor.SpringHibernateJpaPersistenceProvider.createContainerEntityManagerFactory(SpringHibernateJpaPersistenceProvider.java:75)
	at org.springframework.orm.jpa.LocalContainerEntityManagerFactoryBean.createNativeEntityManagerFactory(LocalContainerEntityManagerFactoryBean.java:390)
	at org.springframework.orm.jpa.AbstractEntityManagerFactoryBean.buildNativeEntityManagerFactory(AbstractEntityManagerFactoryBean.java:409)
	at org.springframework.orm.jpa.AbstractEntityManagerFactoryBean.afterPropertiesSet(AbstractEntityManagerFactoryBean.java:396)
	at org.springframework.orm.jpa.LocalContainerEntityManagerFactoryBean.afterPropertiesSet(LocalContainerEntityManagerFactoryBean.java:366)
	at org.springframework.beans.factory.support.AbstractAutowireCapableBeanFactory.invokeInitMethods(AbstractAutowireCapableBeanFactory.java:1833)
	at org.springframework.beans.factory.support.AbstractAutowireCapableBeanFactory.initializeBean(AbstractAutowireCapableBeanFactory.java:1782)
	at org.springframework.beans.factory.support.AbstractAutowireCapableBeanFactory.doCreateBean(AbstractAutowireCapableBeanFactory.java:600)
	at org.springframework.beans.factory.support.AbstractAutowireCapableBeanFactory.createBean(AbstractAutowireCapableBeanFactory.java:522)
	at org.springframework.beans.factory.support.AbstractBeanFactory.lambda$doGetBean$0(AbstractBeanFactory.java:326)
	at org.springframework.beans.factory.support.DefaultSingletonBeanRegistry.getSingleton(DefaultSingletonBeanRegistry.java:234)
	at org.springframework.beans.factory.support.AbstractBeanFactory.doGetBean(AbstractBeanFactory.java:324)
	at org.springframework.beans.factory.support.AbstractBeanFactory.getBean(AbstractBeanFactory.java:200)
	at org.springframework.beans.factory.support.BeanDefinitionValueResolver.resolveReference(BeanDefinitionValueResolver.java:365)
	at org.springframework.beans.factory.support.BeanDefinitionValueResolver.resolveValueIfNecessary(BeanDefinitionValueResolver.java:135)
	at org.springframework.beans.factory.support.ConstructorResolver.resolveConstructorArguments(ConstructorResolver.java:682)
	at org.springframework.beans.factory.support.ConstructorResolver.instantiateUsingFactoryMethod(ConstructorResolver.java:509)
	at org.springframework.beans.factory.support.AbstractAutowireCapableBeanFactory.instantiateUsingFactoryMethod(AbstractAutowireCapableBeanFactory.java:1335)
	at org.springframework.beans.factory.support.AbstractAutowireCapableBeanFactory.createBeanInstance(AbstractAutowireCapableBeanFactory.java:1165)
	at org.springframework.beans.factory.support.AbstractAutowireCapableBeanFactory.doCreateBean(AbstractAutowireCapableBeanFactory.java:562)
	at org.springframework.beans.factory.support.AbstractAutowireCapableBeanFactory.createBean(AbstractAutowireCapableBeanFactory.java:522)
	at org.springframework.beans.factory.support.AbstractBeanFactory.lambda$doGetBean$0(AbstractBeanFactory.java:326)
	at org.springframework.beans.factory.support.DefaultSingletonBeanRegistry.getSingleton(DefaultSingletonBeanRegistry.java:234)
	at org.springframework.beans.factory.support.AbstractBeanFactory.doGetBean(AbstractBeanFactory.java:324)
	at org.springframework.beans.factory.support.AbstractBeanFactory.getBean(AbstractBeanFactory.java:200)
	at org.springframework.beans.factory.support.BeanDefinitionValueResolver.resolveReference(BeanDefinitionValueResolver.java:365)
	at org.springframework.beans.factory.support.BeanDefinitionValueResolver.resolveValueIfNecessary(BeanDefinitionValueResolver.java:135)
	at org.springframework.beans.factory.support.AbstractAutowireCapableBeanFactory.applyPropertyValues(AbstractAutowireCapableBeanFactory.java:1685)
	at org.springframework.beans.factory.support.AbstractAutowireCapableBeanFactory.populateBean(AbstractAutowireCapableBeanFactory.java:1434)
	at org.springframework.beans.factory.support.AbstractAutowireCapableBeanFactory.doCreateBean(AbstractAutowireCapableBeanFactory.java:599)
	at org.springframework.beans.factory.support.AbstractAutowireCapableBeanFactory.createBean(AbstractAutowireCapableBeanFactory.java:522)
	at org.springframework.beans.factory.support.AbstractBeanFactory.lambda$doGetBean$0(AbstractBeanFactory.java:326)
	at org.springframework.beans.factory.support.DefaultSingletonBeanRegistry.getSingleton(DefaultSingletonBeanRegistry.java:234)
	at org.springframework.beans.factory.support.AbstractBeanFactory.doGetBean(AbstractBeanFactory.java:324)
	at org.springframework.beans.factory.support.AbstractBeanFactory.getBean(AbstractBeanFactory.java:200)
	at org.springframework.beans.factory.config.DependencyDescriptor.resolveCandidate(DependencyDescriptor.java:254)
	at org.springframework.beans.factory.support.DefaultListableBeanFactory.doResolveDependency(DefaultListableBeanFactory.java:1443)
	at org.springframework.beans.factory.support.DefaultListableBeanFactory.resolveDependency(DefaultListableBeanFactory.java:1353)
	at org.springframework.beans.factory.annotation.AutowiredAnnotationBeanPostProcessor$AutowiredFieldElement.resolveFieldValue(AutowiredAnnotationBeanPostProcessor.java:784)
	at org.springframework.beans.factory.annotation.AutowiredAnnotationBeanPostProcessor$AutowiredFieldElement.inject(AutowiredAnnotationBeanPostProcessor.java:767)
	at org.springframework.beans.factory.annotation.InjectionMetadata.inject(InjectionMetadata.java:145)
	at org.springframework.beans.factory.annotation.AutowiredAnnotationBeanPostProcessor.postProcessProperties(AutowiredAnnotationBeanPostProcessor.java:508)
	at org.springframework.beans.factory.support.AbstractAutowireCapableBeanFactory.populateBean(AbstractAutowireCapableBeanFactory.java:1419)
	at org.springframework.beans.factory.support.AbstractAutowireCapableBeanFactory.doCreateBean(AbstractAutowireCapableBeanFactory.java:599)
	at org.springframework.beans.factory.support.AbstractAutowireCapableBeanFactory.createBean(AbstractAutowireCapableBeanFactory.java:522)
	at org.springframework.beans.factory.support.AbstractBeanFactory.lambda$doGetBean$0(AbstractBeanFactory.java:326)
	at org.springframework.beans.factory.support.DefaultSingletonBeanRegistry.getSingleton(DefaultSingletonBeanRegistry.java:234)
	at org.springframework.beans.factory.support.AbstractBeanFactory.doGetBean(AbstractBeanFactory.java:324)
	at org.springframework.beans.factory.support.AbstractBeanFactory.getBean(AbstractBeanFactory.java:200)
	at org.springframework.beans.factory.config.DependencyDescriptor.resolveCandidate(DependencyDescriptor.java:254)
	at org.springframework.beans.factory.support.DefaultListableBeanFactory.doResolveDependency(DefaultListableBeanFactory.java:1443)
	at org.springframework.beans.factory.support.DefaultListableBeanFactory.resolveDependency(DefaultListableBeanFactory.java:1353)
	at org.springframework.beans.factory.annotation.AutowiredAnnotationBeanPostProcessor$AutowiredFieldElement.resolveFieldValue(AutowiredAnnotationBeanPostProcessor.java:784)
	at org.springframework.beans.factory.annotation.AutowiredAnnotationBeanPostProcessor$AutowiredFieldElement.inject(AutowiredAnnotationBeanPostProcessor.java:767)
	at org.springframework.beans.factory.annotation.InjectionMetadata.inject(InjectionMetadata.java:145)
	at org.springframework.beans.factory.annotation.AutowiredAnnotationBeanPostProcessor.postProcessProperties(AutowiredAnnotationBeanPostProcessor.java:508)
	at org.springframework.beans.factory.support.AbstractAutowireCapableBeanFactory.populateBean(AbstractAutowireCapableBeanFactory.java:1419)
	at org.springframework.beans.factory.support.AbstractAutowireCapableBeanFactory.doCreateBean(AbstractAutowireCapableBeanFactory.java:599)
	at org.springframework.beans.factory.support.AbstractAutowireCapableBeanFactory.createBean(AbstractAutowireCapableBeanFactory.java:522)
	at org.springframework.beans.factory.support.AbstractBeanFactory.lambda$doGetBean$0(AbstractBeanFactory.java:326)
	at org.springframework.beans.factory.support.DefaultSingletonBeanRegistry.getSingleton(DefaultSingletonBeanRegistry.java:234)
	at org.springframework.beans.factory.support.AbstractBeanFactory.doGetBean(AbstractBeanFactory.java:324)
	at org.springframework.beans.factory.support.AbstractBeanFactory.getBean(AbstractBeanFactory.java:205)
	at org.springframework.boot.web.servlet.ServletContextInitializerBeans.getOrderedBeansOfType(ServletContextInitializerBeans.java:210)
	at org.springframework.boot.web.servlet.ServletContextInitializerBeans.addAsRegistrationBean(ServletContextInitializerBeans.java:173)
	at org.springframework.boot.web.servlet.ServletContextInitializerBeans.addAsRegistrationBean(ServletContextInitializerBeans.java:168)
	at org.springframework.boot.web.servlet.ServletContextInitializerBeans.addAdaptableBeans(ServletContextInitializerBeans.java:153)
	at org.springframework.boot.web.servlet.ServletContextInitializerBeans.<init>(ServletContextInitializerBeans.java:86)
	at org.springframework.boot.web.servlet.context.ServletWebServerApplicationContext.getServletContextInitializerBeans(ServletWebServerApplicationContext.java:266)
	at org.springframework.boot.web.servlet.context.ServletWebServerApplicationContext.selfInitialize(ServletWebServerApplicationContext.java:240)
	at org.springframework.boot.web.embedded.tomcat.TomcatStarter.onStartup(TomcatStarter.java:52)
	at org.apache.catalina.core.StandardContext.startInternal(StandardContext.java:4866)
	at org.apache.catalina.util.LifecycleBase.start(LifecycleBase.java:171)
	at org.apache.catalina.core.ContainerBase$StartChild.call(ContainerBase.java:1332)
	at org.apache.catalina.core.ContainerBase$StartChild.call(ContainerBase.java:1322)
	at java.base/java.util.concurrent.FutureTask.run(FutureTask.java:317)
	at org.apache.tomcat.util.threads.InlineExecutorService.execute(InlineExecutorService.java:75)
	at java.base/java.util.concurrent.AbstractExecutorService.submit(AbstractExecutorService.java:145)
	at org.apache.catalina.core.ContainerBase.startInternal(ContainerBase.java:866)
	at org.apache.catalina.core.StandardHost.startInternal(StandardHost.java:845)
	at org.apache.catalina.util.LifecycleBase.start(LifecycleBase.java:171)
	at org.apache.catalina.core.ContainerBase$StartChild.call(ContainerBase.java:1332)
	at org.apache.catalina.core.ContainerBase$StartChild.call(ContainerBase.java:1322)
	at java.base/java.util.concurrent.FutureTask.run(FutureTask.java:317)
	at org.apache.tomcat.util.threads.InlineExecutorService.execute(InlineExecutorService.java:75)
	at java.base/java.util.concurrent.AbstractExecutorService.submit(AbstractExecutorService.java:145)
	at org.apache.catalina.core.ContainerBase.startInternal(ContainerBase.java:866)
	at org.apache.catalina.core.StandardEngine.startInternal(StandardEngine.java:240)
	at org.apache.catalina.util.LifecycleBase.start(LifecycleBase.java:171)
	at org.apache.catalina.core.StandardService.startInternal(StandardService.java:433)
	at org.apache.catalina.util.LifecycleBase.start(LifecycleBase.java:171)
	at org.apache.catalina.core.StandardServer.startInternal(StandardServer.java:921)
	at org.apache.catalina.util.LifecycleBase.start(LifecycleBase.java:171)
	at org.apache.catalina.startup.Tomcat.start(Tomcat.java:437)
	at org.springframework.boot.web.embedded.tomcat.TomcatWebServer.initialize(TomcatWebServer.java:126)
	at org.springframework.boot.web.embedded.tomcat.TomcatWebServer.<init>(TomcatWebServer.java:105)
	at org.springframework.boot.web.embedded.tomcat.TomcatServletWebServerFactory.getTomcatWebServer(TomcatServletWebServerFactory.java:499)
	at org.springframework.boot.web.embedded.tomcat.TomcatServletWebServerFactory.getWebServer(TomcatServletWebServerFactory.java:218)
	at org.springframework.boot.web.servlet.context.ServletWebServerApplicationContext.createWebServer(ServletWebServerApplicationContext.java:188)
	at org.springframework.boot.web.servlet.context.ServletWebServerApplicationContext.onRefresh(ServletWebServerApplicationContext.java:162)
	at org.springframework.context.support.AbstractApplicationContext.refresh(AbstractApplicationContext.java:618)
	at org.springframework.boot.web.servlet.context.ServletWebServerApplicationContext.refresh(ServletWebServerApplicationContext.java:146)
	at org.springframework.boot.SpringApplication.refresh(SpringApplication.java:754)
	at org.springframework.boot.SpringApplication.refreshContext(SpringApplication.java:456)
	at org.springframework.boot.SpringApplication.run(SpringApplication.java:334)
	at org.springframework.boot.SpringApplication.run(SpringApplication.java:1354)
	at org.springframework.boot.SpringApplication.run(SpringApplication.java:1343)
	at com.hotel.hotel_backend.HotelBackendApplication.main(HotelBackendApplication.java:10)
2026-04-02 10:32:45 [main] WARN  org.hibernate.orm.deprecation - HHH90000025: MySQLDialect does not need to be specified explicitly using 'hibernate.dialect' (remove the property setting and it will be selected by default)
2026-04-02 10:32:46 [main] INFO  o.h.e.t.j.p.i.JtaPlatformInitiator - HHH000489: No JTA platform available (set 'hibernate.transaction.jta.platform' to enable JTA platform integration)
2026-04-02 10:32:46 [main] INFO  com.zaxxer.hikari.HikariDataSource - HikariPool-1 - Starting...
2026-04-02 10:32:47 [main] ERROR com.zaxxer.hikari.pool.HikariPool - HikariPool-1 - Exception during pool initialization.
java.sql.SQLNonTransientConnectionException: Public Key Retrieval is not allowed
	at com.mysql.cj.jdbc.exceptions.SQLError.createSQLException(SQLError.java:111)
	at com.mysql.cj.jdbc.exceptions.SQLExceptionsMapping.translateException(SQLExceptionsMapping.java:122)
	at com.mysql.cj.jdbc.ConnectionImpl.createNewIO(ConnectionImpl.java:815)
	at com.mysql.cj.jdbc.ConnectionImpl.<init>(ConnectionImpl.java:438)
	at com.mysql.cj.jdbc.ConnectionImpl.getInstance(ConnectionImpl.java:241)
	at com.mysql.cj.jdbc.NonRegisteringDriver.connect(NonRegisteringDriver.java:189)
	at com.zaxxer.hikari.util.DriverDataSource.getConnection(DriverDataSource.java:138)
	at com.zaxxer.hikari.pool.PoolBase.newConnection(PoolBase.java:359)
	at com.zaxxer.hikari.pool.PoolBase.newPoolEntry(PoolBase.java:201)
	at com.zaxxer.hikari.pool.HikariPool.createPoolEntry(HikariPool.java:470)
	at com.zaxxer.hikari.pool.HikariPool.checkFailFast(HikariPool.java:561)
	at com.zaxxer.hikari.pool.HikariPool.<init>(HikariPool.java:100)
	at com.zaxxer.hikari.HikariDataSource.getConnection(HikariDataSource.java:112)
	at org.hibernate.engine.jdbc.connections.internal.DatasourceConnectionProviderImpl.getConnection(DatasourceConnectionProviderImpl.java:122)
	at org.hibernate.engine.jdbc.env.internal.JdbcEnvironmentInitiator$ConnectionProviderJdbcConnectionAccess.obtainConnection(JdbcEnvironmentInitiator.java:428)
	at org.hibernate.resource.transaction.backend.jdbc.internal.DdlTransactionIsolatorNonJtaImpl.getIsolatedConnection(DdlTransactionIsolatorNonJtaImpl.java:46)
	at org.hibernate.resource.transaction.backend.jdbc.internal.DdlTransactionIsolatorNonJtaImpl.getIsolatedConnection(DdlTransactionIsolatorNonJtaImpl.java:39)
	at org.hibernate.tool.schema.internal.exec.ImprovedExtractionContextImpl.getJdbcConnection(ImprovedExtractionContextImpl.java:63)
	at org.hibernate.tool.schema.internal.exec.ImprovedExtractionContextImpl.getJdbcDatabaseMetaData(ImprovedExtractionContextImpl.java:70)
	at org.hibernate.tool.schema.extract.internal.InformationExtractorJdbcDatabaseMetaDataImpl.processTableResultSet(InformationExtractorJdbcDatabaseMetaDataImpl.java:64)
	at org.hibernate.tool.schema.extract.internal.AbstractInformationExtractorImpl.getTables(AbstractInformationExtractorImpl.java:570)
	at org.hibernate.tool.schema.extract.internal.DatabaseInformationImpl.getTablesInformation(DatabaseInformationImpl.java:122)
	at org.hibernate.tool.schema.internal.GroupedSchemaMigratorImpl.performTablesMigration(GroupedSchemaMigratorImpl.java:72)
	at org.hibernate.tool.schema.internal.AbstractSchemaMigrator.performMigration(AbstractSchemaMigrator.java:232)
	at org.hibernate.tool.schema.internal.AbstractSchemaMigrator.doMigration(AbstractSchemaMigrator.java:117)
	at org.hibernate.tool.schema.spi.SchemaManagementToolCoordinator.performDatabaseAction(SchemaManagementToolCoordinator.java:286)
	at org.hibernate.tool.schema.spi.SchemaManagementToolCoordinator.lambda$process$5(SchemaManagementToolCoordinator.java:145)
	at java.base/java.util.HashMap.forEach(HashMap.java:1429)
	at org.hibernate.tool.schema.spi.SchemaManagementToolCoordinator.process(SchemaManagementToolCoordinator.java:142)
	at org.hibernate.boot.internal.SessionFactoryObserverForSchemaExport.sessionFactoryCreated(SessionFactoryObserverForSchemaExport.java:37)
	at org.hibernate.internal.SessionFactoryObserverChain.sessionFactoryCreated(SessionFactoryObserverChain.java:35)
	at org.hibernate.internal.SessionFactoryImpl.<init>(SessionFactoryImpl.java:315)
	at org.hibernate.boot.internal.SessionFactoryBuilderImpl.build(SessionFactoryBuilderImpl.java:450)
	at org.hibernate.jpa.boot.internal.EntityManagerFactoryBuilderImpl.build(EntityManagerFactoryBuilderImpl.java:1507)
	at org.springframework.orm.jpa.vendor.SpringHibernateJpaPersistenceProvider.createContainerEntityManagerFactory(SpringHibernateJpaPersistenceProvider.java:75)
	at org.springframework.orm.jpa.LocalContainerEntityManagerFactoryBean.createNativeEntityManagerFactory(LocalContainerEntityManagerFactoryBean.java:390)
	at org.springframework.orm.jpa.AbstractEntityManagerFactoryBean.buildNativeEntityManagerFactory(AbstractEntityManagerFactoryBean.java:409)
	at org.springframework.orm.jpa.AbstractEntityManagerFactoryBean.afterPropertiesSet(AbstractEntityManagerFactoryBean.java:396)
	at org.springframework.orm.jpa.LocalContainerEntityManagerFactoryBean.afterPropertiesSet(LocalContainerEntityManagerFactoryBean.java:366)
	at org.springframework.beans.factory.support.AbstractAutowireCapableBeanFactory.invokeInitMethods(AbstractAutowireCapableBeanFactory.java:1833)
	at org.springframework.beans.factory.support.AbstractAutowireCapableBeanFactory.initializeBean(AbstractAutowireCapableBeanFactory.java:1782)
	at org.springframework.beans.factory.support.AbstractAutowireCapableBeanFactory.doCreateBean(AbstractAutowireCapableBeanFactory.java:600)
	at org.springframework.beans.factory.support.AbstractAutowireCapableBeanFactory.createBean(AbstractAutowireCapableBeanFactory.java:522)
	at org.springframework.beans.factory.support.AbstractBeanFactory.lambda$doGetBean$0(AbstractBeanFactory.java:326)
	at org.springframework.beans.factory.support.DefaultSingletonBeanRegistry.getSingleton(DefaultSingletonBeanRegistry.java:234)
	at org.springframework.beans.factory.support.AbstractBeanFactory.doGetBean(AbstractBeanFactory.java:324)
	at org.springframework.beans.factory.support.AbstractBeanFactory.getBean(AbstractBeanFactory.java:200)
	at org.springframework.beans.factory.support.BeanDefinitionValueResolver.resolveReference(BeanDefinitionValueResolver.java:365)
	at org.springframework.beans.factory.support.BeanDefinitionValueResolver.resolveValueIfNecessary(BeanDefinitionValueResolver.java:135)
	at org.springframework.beans.factory.support.ConstructorResolver.resolveConstructorArguments(ConstructorResolver.java:682)
	at org.springframework.beans.factory.support.ConstructorResolver.instantiateUsingFactoryMethod(ConstructorResolver.java:509)
	at org.springframework.beans.factory.support.AbstractAutowireCapableBeanFactory.instantiateUsingFactoryMethod(AbstractAutowireCapableBeanFactory.java:1335)
	at org.springframework.beans.factory.support.AbstractAutowireCapableBeanFactory.createBeanInstance(AbstractAutowireCapableBeanFactory.java:1165)
	at org.springframework.beans.factory.support.AbstractAutowireCapableBeanFactory.doCreateBean(AbstractAutowireCapableBeanFactory.java:562)
	at org.springframework.beans.factory.support.AbstractAutowireCapableBeanFactory.createBean(AbstractAutowireCapableBeanFactory.java:522)
	at org.springframework.beans.factory.support.AbstractBeanFactory.lambda$doGetBean$0(AbstractBeanFactory.java:326)
	at org.springframework.beans.factory.support.DefaultSingletonBeanRegistry.getSingleton(DefaultSingletonBeanRegistry.java:234)
	at org.springframework.beans.factory.support.AbstractBeanFactory.doGetBean(AbstractBeanFactory.java:324)
	at org.springframework.beans.factory.support.AbstractBeanFactory.getBean(AbstractBeanFactory.java:200)
	at org.springframework.beans.factory.support.BeanDefinitionValueResolver.resolveReference(BeanDefinitionValueResolver.java:365)
	at org.springframework.beans.factory.support.BeanDefinitionValueResolver.resolveValueIfNecessary(BeanDefinitionValueResolver.java:135)
	at org.springframework.beans.factory.support.AbstractAutowireCapableBeanFactory.applyPropertyValues(AbstractAutowireCapableBeanFactory.java:1685)
	at org.springframework.beans.factory.support.AbstractAutowireCapableBeanFactory.populateBean(AbstractAutowireCapableBeanFactory.java:1434)
	at org.springframework.beans.factory.support.AbstractAutowireCapableBeanFactory.doCreateBean(AbstractAutowireCapableBeanFactory.java:599)
	at org.springframework.beans.factory.support.AbstractAutowireCapableBeanFactory.createBean(AbstractAutowireCapableBeanFactory.java:522)
	at org.springframework.beans.factory.support.AbstractBeanFactory.lambda$doGetBean$0(AbstractBeanFactory.java:326)
	at org.springframework.beans.factory.support.DefaultSingletonBeanRegistry.getSingleton(DefaultSingletonBeanRegistry.java:234)
	at org.springframework.beans.factory.support.AbstractBeanFactory.doGetBean(AbstractBeanFactory.java:324)
	at org.springframework.beans.factory.support.AbstractBeanFactory.getBean(AbstractBeanFactory.java:200)
	at org.springframework.beans.factory.config.DependencyDescriptor.resolveCandidate(DependencyDescriptor.java:254)
	at org.springframework.beans.factory.support.DefaultListableBeanFactory.doResolveDependency(DefaultListableBeanFactory.java:1443)
	at org.springframework.beans.factory.support.DefaultListableBeanFactory.resolveDependency(DefaultListableBeanFactory.java:1353)
	at org.springframework.beans.factory.annotation.AutowiredAnnotationBeanPostProcessor$AutowiredFieldElement.resolveFieldValue(AutowiredAnnotationBeanPostProcessor.java:784)
	at org.springframework.beans.factory.annotation.AutowiredAnnotationBeanPostProcessor$AutowiredFieldElement.inject(AutowiredAnnotationBeanPostProcessor.java:767)
	at org.springframework.beans.factory.annotation.InjectionMetadata.inject(InjectionMetadata.java:145)
	at org.springframework.beans.factory.annotation.AutowiredAnnotationBeanPostProcessor.postProcessProperties(AutowiredAnnotationBeanPostProcessor.java:508)
	at org.springframework.beans.factory.support.AbstractAutowireCapableBeanFactory.populateBean(AbstractAutowireCapableBeanFactory.java:1419)
	at org.springframework.beans.factory.support.AbstractAutowireCapableBeanFactory.doCreateBean(AbstractAutowireCapableBeanFactory.java:599)
	at org.springframework.beans.factory.support.AbstractAutowireCapableBeanFactory.createBean(AbstractAutowireCapableBeanFactory.java:522)
	at org.springframework.beans.factory.support.AbstractBeanFactory.lambda$doGetBean$0(AbstractBeanFactory.java:326)
	at org.springframework.beans.factory.support.DefaultSingletonBeanRegistry.getSingleton(DefaultSingletonBeanRegistry.java:234)
	at org.springframework.beans.factory.support.AbstractBeanFactory.doGetBean(AbstractBeanFactory.java:324)
	at org.springframework.beans.factory.support.AbstractBeanFactory.getBean(AbstractBeanFactory.java:200)
	at org.springframework.beans.factory.config.DependencyDescriptor.resolveCandidate(DependencyDescriptor.java:254)
	at org.springframework.beans.factory.support.DefaultListableBeanFactory.doResolveDependency(DefaultListableBeanFactory.java:1443)
	at org.springframework.beans.factory.support.DefaultListableBeanFactory.resolveDependency(DefaultListableBeanFactory.java:1353)
	at org.springframework.beans.factory.annotation.AutowiredAnnotationBeanPostProcessor$AutowiredFieldElement.resolveFieldValue(AutowiredAnnotationBeanPostProcessor.java:784)
	at org.springframework.beans.factory.annotation.AutowiredAnnotationBeanPostProcessor$AutowiredFieldElement.inject(AutowiredAnnotationBeanPostProcessor.java:767)
	at org.springframework.beans.factory.annotation.InjectionMetadata.inject(InjectionMetadata.java:145)
	at org.springframework.beans.factory.annotation.AutowiredAnnotationBeanPostProcessor.postProcessProperties(AutowiredAnnotationBeanPostProcessor.java:508)
	at org.springframework.beans.factory.support.AbstractAutowireCapableBeanFactory.populateBean(AbstractAutowireCapableBeanFactory.java:1419)
	at org.springframework.beans.factory.support.AbstractAutowireCapableBeanFactory.doCreateBean(AbstractAutowireCapableBeanFactory.java:599)
	at org.springframework.beans.factory.support.AbstractAutowireCapableBeanFactory.createBean(AbstractAutowireCapableBeanFactory.java:522)
	at org.springframework.beans.factory.support.AbstractBeanFactory.lambda$doGetBean$0(AbstractBeanFactory.java:326)
	at org.springframework.beans.factory.support.DefaultSingletonBeanRegistry.getSingleton(DefaultSingletonBeanRegistry.java:234)
	at org.springframework.beans.factory.support.AbstractBeanFactory.doGetBean(AbstractBeanFactory.java:324)
	at org.springframework.beans.factory.support.AbstractBeanFactory.getBean(AbstractBeanFactory.java:205)
	at org.springframework.boot.web.servlet.ServletContextInitializerBeans.getOrderedBeansOfType(ServletContextInitializerBeans.java:210)
	at org.springframework.boot.web.servlet.ServletContextInitializerBeans.addAsRegistrationBean(ServletContextInitializerBeans.java:173)
	at org.springframework.boot.web.servlet.ServletContextInitializerBeans.addAsRegistrationBean(ServletContextInitializerBeans.java:168)
	at org.springframework.boot.web.servlet.ServletContextInitializerBeans.addAdaptableBeans(ServletContextInitializerBeans.java:153)
	at org.springframework.boot.web.servlet.ServletContextInitializerBeans.<init>(ServletContextInitializerBeans.java:86)
	at org.springframework.boot.web.servlet.context.ServletWebServerApplicationContext.getServletContextInitializerBeans(ServletWebServerApplicationContext.java:266)
	at org.springframework.boot.web.servlet.context.ServletWebServerApplicationContext.selfInitialize(ServletWebServerApplicationContext.java:240)
	at org.springframework.boot.web.embedded.tomcat.TomcatStarter.onStartup(TomcatStarter.java:52)
	at org.apache.catalina.core.StandardContext.startInternal(StandardContext.java:4866)
	at org.apache.catalina.util.LifecycleBase.start(LifecycleBase.java:171)
	at org.apache.catalina.core.ContainerBase$StartChild.call(ContainerBase.java:1332)
	at org.apache.catalina.core.ContainerBase$StartChild.call(ContainerBase.java:1322)
	at java.base/java.util.concurrent.FutureTask.run(FutureTask.java:317)
	at org.apache.tomcat.util.threads.InlineExecutorService.execute(InlineExecutorService.java:75)
	at java.base/java.util.concurrent.AbstractExecutorService.submit(AbstractExecutorService.java:145)
	at org.apache.catalina.core.ContainerBase.startInternal(ContainerBase.java:866)
	at org.apache.catalina.core.StandardHost.startInternal(StandardHost.java:845)
	at org.apache.catalina.util.LifecycleBase.start(LifecycleBase.java:171)
	at org.apache.catalina.core.ContainerBase$StartChild.call(ContainerBase.java:1332)
	at org.apache.catalina.core.ContainerBase$StartChild.call(ContainerBase.java:1322)
	at java.base/java.util.concurrent.FutureTask.run(FutureTask.java:317)
	at org.apache.tomcat.util.threads.InlineExecutorService.execute(InlineExecutorService.java:75)
	at java.base/java.util.concurrent.AbstractExecutorService.submit(AbstractExecutorService.java:145)
	at org.apache.catalina.core.ContainerBase.startInternal(ContainerBase.java:866)
	at org.apache.catalina.core.StandardEngine.startInternal(StandardEngine.java:240)
	at org.apache.catalina.util.LifecycleBase.start(LifecycleBase.java:171)
	at org.apache.catalina.core.StandardService.startInternal(StandardService.java:433)
	at org.apache.catalina.util.LifecycleBase.start(LifecycleBase.java:171)
	at org.apache.catalina.core.StandardServer.startInternal(StandardServer.java:921)
	at org.apache.catalina.util.LifecycleBase.start(LifecycleBase.java:171)
	at org.apache.catalina.startup.Tomcat.start(Tomcat.java:437)
	at org.springframework.boot.web.embedded.tomcat.TomcatWebServer.initialize(TomcatWebServer.java:126)
	at org.springframework.boot.web.embedded.tomcat.TomcatWebServer.<init>(TomcatWebServer.java:105)
	at org.springframework.boot.web.embedded.tomcat.TomcatServletWebServerFactory.getTomcatWebServer(TomcatServletWebServerFactory.java:499)
	at org.springframework.boot.web.embedded.tomcat.TomcatServletWebServerFactory.getWebServer(TomcatServletWebServerFactory.java:218)
	at org.springframework.boot.web.servlet.context.ServletWebServerApplicationContext.createWebServer(ServletWebServerApplicationContext.java:188)
	at org.springframework.boot.web.servlet.context.ServletWebServerApplicationContext.onRefresh(ServletWebServerApplicationContext.java:162)
	at org.springframework.context.support.AbstractApplicationContext.refresh(AbstractApplicationContext.java:618)
	at org.springframework.boot.web.servlet.context.ServletWebServerApplicationContext.refresh(ServletWebServerApplicationContext.java:146)
	at org.springframework.boot.SpringApplication.refresh(SpringApplication.java:754)
	at org.springframework.boot.SpringApplication.refreshContext(SpringApplication.java:456)
	at org.springframework.boot.SpringApplication.run(SpringApplication.java:334)
	at org.springframework.boot.SpringApplication.run(SpringApplication.java:1354)
	at org.springframework.boot.SpringApplication.run(SpringApplication.java:1343)
	at com.hotel.hotel_backend.HotelBackendApplication.main(HotelBackendApplication.java:10)
Caused by: com.mysql.cj.exceptions.UnableToConnectException: Public Key Retrieval is not allowed
	at java.base/jdk.internal.reflect.DirectConstructorHandleAccessor.newInstance(DirectConstructorHandleAccessor.java:62)
	at java.base/java.lang.reflect.Constructor.newInstanceWithCaller(Constructor.java:502)
	at java.base/java.lang.reflect.Constructor.newInstance(Constructor.java:486)
	at com.mysql.cj.exceptions.ExceptionFactory.createException(ExceptionFactory.java:61)
	at com.mysql.cj.exceptions.ExceptionFactory.createException(ExceptionFactory.java:85)
	at com.mysql.cj.protocol.a.authentication.CachingSha2PasswordPlugin.nextAuthenticationStep(CachingSha2PasswordPlugin.java:131)
	at com.mysql.cj.protocol.a.authentication.CachingSha2PasswordPlugin.nextAuthenticationStep(CachingSha2PasswordPlugin.java:49)
	at com.mysql.cj.protocol.a.NativeAuthenticationProvider.proceedHandshakeWithPluggableAuthentication(NativeAuthenticationProvider.java:446)
	at com.mysql.cj.protocol.a.NativeAuthenticationProvider.connect(NativeAuthenticationProvider.java:215)
	at com.mysql.cj.protocol.a.NativeProtocol.connect(NativeProtocol.java:1428)
	at com.mysql.cj.NativeSession.connect(NativeSession.java:133)
	at com.mysql.cj.jdbc.ConnectionImpl.connectOneTryOnly(ConnectionImpl.java:935)
	at com.mysql.cj.jdbc.ConnectionImpl.createNewIO(ConnectionImpl.java:805)
	... 139 common frames omitted
2026-04-02 10:32:47 [main] WARN  o.h.e.jdbc.spi.SqlExceptionHelper - SQL Error: 0, SQLState: 08001
2026-04-02 10:32:47 [main] ERROR o.h.e.jdbc.spi.SqlExceptionHelper - Public Key Retrieval is not allowed
2026-04-02 10:32:47 [main] ERROR o.s.o.j.LocalContainerEntityManagerFactoryBean - Failed to initialize JPA EntityManagerFactory: [PersistenceUnit: default] Unable to build Hibernate SessionFactory; nested exception is org.hibernate.exception.JDBCConnectionException: Unable to open JDBC Connection for DDL execution [Public Key Retrieval is not allowed] [n/a]
2026-04-02 10:32:47 [main] ERROR o.s.b.w.e.tomcat.TomcatStarter - Error starting Tomcat context. Exception: org.springframework.beans.factory.UnsatisfiedDependencyException. Message: Error creating bean with name 'JWTAuthFilter': Unsatisfied dependency expressed through field 'customUserDetailsService': Error creating bean with name 'customUserDetailsService': Unsatisfied dependency expressed through field 'userRepository': Error creating bean with name 'userRepository' defined in com.hotel.hotel_backend.repository.UserRepository defined in @EnableJpaRepositories declared on JpaRepositoriesRegistrar.EnableJpaRepositoriesConfiguration: Cannot resolve reference to bean 'jpaSharedEM_entityManagerFactory' while setting bean property 'entityManager'
2026-04-02 10:32:47 [main] INFO  o.a.catalina.core.StandardService - Stopping service [Tomcat]
2026-04-02 10:32:47 [main] WARN  o.s.b.w.s.c.AnnotationConfigServletWebServerApplicationContext - Exception encountered during context initialization - cancelling refresh attempt: org.springframework.context.ApplicationContextException: Unable to start web server
2026-04-02 10:32:47 [main] INFO  o.s.b.a.l.ConditionEvaluationReportLogger - 

Error starting ApplicationContext. To display the condition evaluation report re-run your application with 'debug' enabled.
2026-04-02 10:32:47 [main] ERROR o.s.boot.SpringApplication - Application run failed
org.springframework.context.ApplicationContextException: Unable to start web server
	at org.springframework.boot.web.servlet.context.ServletWebServerApplicationContext.onRefresh(ServletWebServerApplicationContext.java:165)
	at org.springframework.context.support.AbstractApplicationContext.refresh(AbstractApplicationContext.java:618)
	at org.springframework.boot.web.servlet.context.ServletWebServerApplicationContext.refresh(ServletWebServerApplicationContext.java:146)
	at org.springframework.boot.SpringApplication.refresh(SpringApplication.java:754)
	at org.springframework.boot.SpringApplication.refreshContext(SpringApplication.java:456)
	at org.springframework.boot.SpringApplication.run(SpringApplication.java:334)
	at org.springframework.boot.SpringApplication.run(SpringApplication.java:1354)
	at org.springframework.boot.SpringApplication.run(SpringApplication.java:1343)
	at com.hotel.hotel_backend.HotelBackendApplication.main(HotelBackendApplication.java:10)
Caused by: org.springframework.boot.web.server.WebServerException: Unable to start embedded Tomcat
	at org.springframework.boot.web.embedded.tomcat.TomcatWebServer.initialize(TomcatWebServer.java:145)
	at org.springframework.boot.web.embedded.tomcat.TomcatWebServer.<init>(TomcatWebServer.java:105)
	at org.springframework.boot.web.embedded.tomcat.TomcatServletWebServerFactory.getTomcatWebServer(TomcatServletWebServerFactory.java:499)
	at org.springframework.boot.web.embedded.tomcat.TomcatServletWebServerFactory.getWebServer(TomcatServletWebServerFactory.java:218)
	at org.springframework.boot.web.servlet.context.ServletWebServerApplicationContext.createWebServer(ServletWebServerApplicationContext.java:188)
	at org.springframework.boot.web.servlet.context.ServletWebServerApplicationContext.onRefresh(ServletWebServerApplicationContext.java:162)
	... 8 common frames omitted
Caused by: org.springframework.beans.factory.UnsatisfiedDependencyException: Error creating bean with name 'JWTAuthFilter': Unsatisfied dependency expressed through field 'customUserDetailsService': Error creating bean with name 'customUserDetailsService': Unsatisfied dependency expressed through field 'userRepository': Error creating bean with name 'userRepository' defined in com.hotel.hotel_backend.repository.UserRepository defined in @EnableJpaRepositories declared on JpaRepositoriesRegistrar.EnableJpaRepositoriesConfiguration: Cannot resolve reference to bean 'jpaSharedEM_entityManagerFactory' while setting bean property 'entityManager'
	at org.springframework.beans.factory.annotation.AutowiredAnnotationBeanPostProcessor$AutowiredFieldElement.resolveFieldValue(AutowiredAnnotationBeanPostProcessor.java:787)
	at org.springframework.beans.factory.annotation.AutowiredAnnotationBeanPostProcessor$AutowiredFieldElement.inject(AutowiredAnnotationBeanPostProcessor.java:767)
	at org.springframework.beans.factory.annotation.InjectionMetadata.inject(InjectionMetadata.java:145)
	at org.springframework.beans.factory.annotation.AutowiredAnnotationBeanPostProcessor.postProcessProperties(AutowiredAnnotationBeanPostProcessor.java:508)
	at org.springframework.beans.factory.support.AbstractAutowireCapableBeanFactory.populateBean(AbstractAutowireCapableBeanFactory.java:1419)
	at org.springframework.beans.factory.support.AbstractAutowireCapableBeanFactory.doCreateBean(AbstractAutowireCapableBeanFactory.java:599)
	at org.springframework.beans.factory.support.AbstractAutowireCapableBeanFactory.createBean(AbstractAutowireCapableBeanFactory.java:522)
	at org.springframework.beans.factory.support.AbstractBeanFactory.lambda$doGetBean$0(AbstractBeanFactory.java:326)
	at org.springframework.beans.factory.support.DefaultSingletonBeanRegistry.getSingleton(DefaultSingletonBeanRegistry.java:234)
	at org.springframework.beans.factory.support.AbstractBeanFactory.doGetBean(AbstractBeanFactory.java:324)
	at org.springframework.beans.factory.support.AbstractBeanFactory.getBean(AbstractBeanFactory.java:205)
	at org.springframework.boot.web.servlet.ServletContextInitializerBeans.getOrderedBeansOfType(ServletContextInitializerBeans.java:210)
	at org.springframework.boot.web.servlet.ServletContextInitializerBeans.addAsRegistrationBean(ServletContextInitializerBeans.java:173)
	at org.springframework.boot.web.servlet.ServletContextInitializerBeans.addAsRegistrationBean(ServletContextInitializerBeans.java:168)
	at org.springframework.boot.web.servlet.ServletContextInitializerBeans.addAdaptableBeans(ServletContextInitializerBeans.java:153)
	at org.springframework.boot.web.servlet.ServletContextInitializerBeans.<init>(ServletContextInitializerBeans.java:86)
	at org.springframework.boot.web.servlet.context.ServletWebServerApplicationContext.getServletContextInitializerBeans(ServletWebServerApplicationContext.java:266)
	at org.springframework.boot.web.servlet.context.ServletWebServerApplicationContext.selfInitialize(ServletWebServerApplicationContext.java:240)
	at org.springframework.boot.web.embedded.tomcat.TomcatStarter.onStartup(TomcatStarter.java:52)
	at org.apache.catalina.core.StandardContext.startInternal(StandardContext.java:4866)
	at org.apache.catalina.util.LifecycleBase.start(LifecycleBase.java:171)
	at org.apache.catalina.core.ContainerBase$StartChild.call(ContainerBase.java:1332)
	at org.apache.catalina.core.ContainerBase$StartChild.call(ContainerBase.java:1322)
	at java.base/java.util.concurrent.FutureTask.run(FutureTask.java:317)
	at org.apache.tomcat.util.threads.InlineExecutorService.execute(InlineExecutorService.java:75)
	at java.base/java.util.concurrent.AbstractExecutorService.submit(AbstractExecutorService.java:145)
	at org.apache.catalina.core.ContainerBase.startInternal(ContainerBase.java:866)
	at org.apache.catalina.core.StandardHost.startInternal(StandardHost.java:845)
	at org.apache.catalina.util.LifecycleBase.start(LifecycleBase.java:171)
	at org.apache.catalina.core.ContainerBase$StartChild.call(ContainerBase.java:1332)
	at org.apache.catalina.core.ContainerBase$StartChild.call(ContainerBase.java:1322)
	at java.base/java.util.concurrent.FutureTask.run(FutureTask.java:317)
	at org.apache.tomcat.util.threads.InlineExecutorService.execute(InlineExecutorService.java:75)
	at java.base/java.util.concurrent.AbstractExecutorService.submit(AbstractExecutorService.java:145)
	at org.apache.catalina.core.ContainerBase.startInternal(ContainerBase.java:866)
	at org.apache.catalina.core.StandardEngine.startInternal(StandardEngine.java:240)
	at org.apache.catalina.util.LifecycleBase.start(LifecycleBase.java:171)
	at org.apache.catalina.core.StandardService.startInternal(StandardService.java:433)
	at org.apache.catalina.util.LifecycleBase.start(LifecycleBase.java:171)
	at org.apache.catalina.core.StandardServer.startInternal(StandardServer.java:921)
	at org.apache.catalina.util.LifecycleBase.start(LifecycleBase.java:171)
	at org.apache.catalina.startup.Tomcat.start(Tomcat.java:437)
	at org.springframework.boot.web.embedded.tomcat.TomcatWebServer.initialize(TomcatWebServer.java:126)
	... 13 common frames omitted
Caused by: org.springframework.beans.factory.UnsatisfiedDependencyException: Error creating bean with name 'customUserDetailsService': Unsatisfied dependency expressed through field 'userRepository': Error creating bean with name 'userRepository' defined in com.hotel.hotel_backend.repository.UserRepository defined in @EnableJpaRepositories declared on JpaRepositoriesRegistrar.EnableJpaRepositoriesConfiguration: Cannot resolve reference to bean 'jpaSharedEM_entityManagerFactory' while setting bean property 'entityManager'
	at org.springframework.beans.factory.annotation.AutowiredAnnotationBeanPostProcessor$AutowiredFieldElement.resolveFieldValue(AutowiredAnnotationBeanPostProcessor.java:787)
	at org.springframework.beans.factory.annotation.AutowiredAnnotationBeanPostProcessor$AutowiredFieldElement.inject(AutowiredAnnotationBeanPostProcessor.java:767)
	at org.springframework.beans.factory.annotation.InjectionMetadata.inject(InjectionMetadata.java:145)
	at org.springframework.beans.factory.annotation.AutowiredAnnotationBeanPostProcessor.postProcessProperties(AutowiredAnnotationBeanPostProcessor.java:508)
	at org.springframework.beans.factory.support.AbstractAutowireCapableBeanFactory.populateBean(AbstractAutowireCapableBeanFactory.java:1419)
	at org.springframework.beans.factory.support.AbstractAutowireCapableBeanFactory.doCreateBean(AbstractAutowireCapableBeanFactory.java:599)
	at org.springframework.beans.factory.support.AbstractAutowireCapableBeanFactory.createBean(AbstractAutowireCapableBeanFactory.java:522)
	at org.springframework.beans.factory.support.AbstractBeanFactory.lambda$doGetBean$0(AbstractBeanFactory.java:326)
	at org.springframework.beans.factory.support.DefaultSingletonBeanRegistry.getSingleton(DefaultSingletonBeanRegistry.java:234)
	at org.springframework.beans.factory.support.AbstractBeanFactory.doGetBean(AbstractBeanFactory.java:324)
	at org.springframework.beans.factory.support.AbstractBeanFactory.getBean(AbstractBeanFactory.java:200)
	at org.springframework.beans.factory.config.DependencyDescriptor.resolveCandidate(DependencyDescriptor.java:254)
	at org.springframework.beans.factory.support.DefaultListableBeanFactory.doResolveDependency(DefaultListableBeanFactory.java:1443)
	at org.springframework.beans.factory.support.DefaultListableBeanFactory.resolveDependency(DefaultListableBeanFactory.java:1353)
	at org.springframework.beans.factory.annotation.AutowiredAnnotationBeanPostProcessor$AutowiredFieldElement.resolveFieldValue(AutowiredAnnotationBeanPostProcessor.java:784)
	... 55 common frames omitted
Caused by: org.springframework.beans.factory.BeanCreationException: Error creating bean with name 'userRepository' defined in com.hotel.hotel_backend.repository.UserRepository defined in @EnableJpaRepositories declared on JpaRepositoriesRegistrar.EnableJpaRepositoriesConfiguration: Cannot resolve reference to bean 'jpaSharedEM_entityManagerFactory' while setting bean property 'entityManager'
	at org.springframework.beans.factory.support.BeanDefinitionValueResolver.resolveReference(BeanDefinitionValueResolver.java:377)
	at org.springframework.beans.factory.support.BeanDefinitionValueResolver.resolveValueIfNecessary(BeanDefinitionValueResolver.java:135)
	at org.springframework.beans.factory.support.AbstractAutowireCapableBeanFactory.applyPropertyValues(AbstractAutowireCapableBeanFactory.java:1685)
	at org.springframework.beans.factory.support.AbstractAutowireCapableBeanFactory.populateBean(AbstractAutowireCapableBeanFactory.java:1434)
	at org.springframework.beans.factory.support.AbstractAutowireCapableBeanFactory.doCreateBean(AbstractAutowireCapableBeanFactory.java:599)
	at org.springframework.beans.factory.support.AbstractAutowireCapableBeanFactory.createBean(AbstractAutowireCapableBeanFactory.java:522)
	at org.springframework.beans.factory.support.AbstractBeanFactory.lambda$doGetBean$0(AbstractBeanFactory.java:326)
	at org.springframework.beans.factory.support.DefaultSingletonBeanRegistry.getSingleton(DefaultSingletonBeanRegistry.java:234)
	at org.springframework.beans.factory.support.AbstractBeanFactory.doGetBean(AbstractBeanFactory.java:324)
	at org.springframework.beans.factory.support.AbstractBeanFactory.getBean(AbstractBeanFactory.java:200)
	at org.springframework.beans.factory.config.DependencyDescriptor.resolveCandidate(DependencyDescriptor.java:254)
	at org.springframework.beans.factory.support.DefaultListableBeanFactory.doResolveDependency(DefaultListableBeanFactory.java:1443)
	at org.springframework.beans.factory.support.DefaultListableBeanFactory.resolveDependency(DefaultListableBeanFactory.java:1353)
	at org.springframework.beans.factory.annotation.AutowiredAnnotationBeanPostProcessor$AutowiredFieldElement.resolveFieldValue(AutowiredAnnotationBeanPostProcessor.java:784)
	... 69 common frames omitted
Caused by: org.springframework.beans.factory.BeanCreationException: Error creating bean with name 'jpaSharedEM_entityManagerFactory': Cannot resolve reference to bean 'entityManagerFactory' while setting constructor argument
	at org.springframework.beans.factory.support.BeanDefinitionValueResolver.resolveReference(BeanDefinitionValueResolver.java:377)
	at org.springframework.beans.factory.support.BeanDefinitionValueResolver.resolveValueIfNecessary(BeanDefinitionValueResolver.java:135)
	at org.springframework.beans.factory.support.ConstructorResolver.resolveConstructorArguments(ConstructorResolver.java:682)
	at org.springframework.beans.factory.support.ConstructorResolver.instantiateUsingFactoryMethod(ConstructorResolver.java:509)
	at org.springframework.beans.factory.support.AbstractAutowireCapableBeanFactory.instantiateUsingFactoryMethod(AbstractAutowireCapableBeanFactory.java:1335)
	at org.springframework.beans.factory.support.AbstractAutowireCapableBeanFactory.createBeanInstance(AbstractAutowireCapableBeanFactory.java:1165)
	at org.springframework.beans.factory.support.AbstractAutowireCapableBeanFactory.doCreateBean(AbstractAutowireCapableBeanFactory.java:562)
	at org.springframework.beans.factory.support.AbstractAutowireCapableBeanFactory.createBean(AbstractAutowireCapableBeanFactory.java:522)
	at org.springframework.beans.factory.support.AbstractBeanFactory.lambda$doGetBean$0(AbstractBeanFactory.java:326)
	at org.springframework.beans.factory.support.DefaultSingletonBeanRegistry.getSingleton(DefaultSingletonBeanRegistry.java:234)
	at org.springframework.beans.factory.support.AbstractBeanFactory.doGetBean(AbstractBeanFactory.java:324)
	at org.springframework.beans.factory.support.AbstractBeanFactory.getBean(AbstractBeanFactory.java:200)
	at org.springframework.beans.factory.support.BeanDefinitionValueResolver.resolveReference(BeanDefinitionValueResolver.java:365)
	... 82 common frames omitted
Caused by: org.springframework.beans.factory.BeanCreationException: Error creating bean with name 'entityManagerFactory' defined in class path resource [org/springframework/boot/autoconfigure/orm/jpa/HibernateJpaConfiguration.class]: [PersistenceUnit: default] Unable to build Hibernate SessionFactory; nested exception is org.hibernate.exception.JDBCConnectionException: Unable to open JDBC Connection for DDL execution [Public Key Retrieval is not allowed] [n/a]
	at org.springframework.beans.factory.support.AbstractAutowireCapableBeanFactory.initializeBean(AbstractAutowireCapableBeanFactory.java:1786)
	at org.springframework.beans.factory.support.AbstractAutowireCapableBeanFactory.doCreateBean(AbstractAutowireCapableBeanFactory.java:600)
	at org.springframework.beans.factory.support.AbstractAutowireCapableBeanFactory.createBean(AbstractAutowireCapableBeanFactory.java:522)
	at org.springframework.beans.factory.support.AbstractBeanFactory.lambda$doGetBean$0(AbstractBeanFactory.java:326)
	at org.springframework.beans.factory.support.DefaultSingletonBeanRegistry.getSingleton(DefaultSingletonBeanRegistry.java:234)
	at org.springframework.beans.factory.support.AbstractBeanFactory.doGetBean(AbstractBeanFactory.java:324)
	at org.springframework.beans.factory.support.AbstractBeanFactory.getBean(AbstractBeanFactory.java:200)
	at org.springframework.beans.factory.support.BeanDefinitionValueResolver.resolveReference(BeanDefinitionValueResolver.java:365)
	... 94 common frames omitted
Caused by: jakarta.persistence.PersistenceException: [PersistenceUnit: default] Unable to build Hibernate SessionFactory; nested exception is org.hibernate.exception.JDBCConnectionException: Unable to open JDBC Connection for DDL execution [Public Key Retrieval is not allowed] [n/a]
	at org.springframework.orm.jpa.AbstractEntityManagerFactoryBean.buildNativeEntityManagerFactory(AbstractEntityManagerFactoryBean.java:421)
	at org.springframework.orm.jpa.AbstractEntityManagerFactoryBean.afterPropertiesSet(AbstractEntityManagerFactoryBean.java:396)
	at org.springframework.orm.jpa.LocalContainerEntityManagerFactoryBean.afterPropertiesSet(LocalContainerEntityManagerFactoryBean.java:366)
	at org.springframework.beans.factory.support.AbstractAutowireCapableBeanFactory.invokeInitMethods(AbstractAutowireCapableBeanFactory.java:1833)
	at org.springframework.beans.factory.support.AbstractAutowireCapableBeanFactory.initializeBean(AbstractAutowireCapableBeanFactory.java:1782)
	... 101 common frames omitted
Caused by: org.hibernate.exception.JDBCConnectionException: Unable to open JDBC Connection for DDL execution [Public Key Retrieval is not allowed] [n/a]
	at org.hibernate.exception.internal.SQLExceptionTypeDelegate.convert(SQLExceptionTypeDelegate.java:51)
	at org.hibernate.exception.internal.StandardSQLExceptionConverter.convert(StandardSQLExceptionConverter.java:58)
	at org.hibernate.engine.jdbc.spi.SqlExceptionHelper.convert(SqlExceptionHelper.java:108)
	at org.hibernate.engine.jdbc.spi.SqlExceptionHelper.convert(SqlExceptionHelper.java:94)
	at org.hibernate.resource.transaction.backend.jdbc.internal.DdlTransactionIsolatorNonJtaImpl.getIsolatedConnection(DdlTransactionIsolatorNonJtaImpl.java:74)
	at org.hibernate.resource.transaction.backend.jdbc.internal.DdlTransactionIsolatorNonJtaImpl.getIsolatedConnection(DdlTransactionIsolatorNonJtaImpl.java:39)
	at org.hibernate.tool.schema.internal.exec.ImprovedExtractionContextImpl.getJdbcConnection(ImprovedExtractionContextImpl.java:63)
	at org.hibernate.tool.schema.internal.exec.ImprovedExtractionContextImpl.getJdbcDatabaseMetaData(ImprovedExtractionContextImpl.java:70)
	at org.hibernate.tool.schema.extract.internal.InformationExtractorJdbcDatabaseMetaDataImpl.processTableResultSet(InformationExtractorJdbcDatabaseMetaDataImpl.java:64)
	at org.hibernate.tool.schema.extract.internal.AbstractInformationExtractorImpl.getTables(AbstractInformationExtractorImpl.java:570)
	at org.hibernate.tool.schema.extract.internal.DatabaseInformationImpl.getTablesInformation(DatabaseInformationImpl.java:122)
	at org.hibernate.tool.schema.internal.GroupedSchemaMigratorImpl.performTablesMigration(GroupedSchemaMigratorImpl.java:72)
	at org.hibernate.tool.schema.internal.AbstractSchemaMigrator.performMigration(AbstractSchemaMigrator.java:232)
	at org.hibernate.tool.schema.internal.AbstractSchemaMigrator.doMigration(AbstractSchemaMigrator.java:117)
	at org.hibernate.tool.schema.spi.SchemaManagementToolCoordinator.performDatabaseAction(SchemaManagementToolCoordinator.java:286)
	at org.hibernate.tool.schema.spi.SchemaManagementToolCoordinator.lambda$process$5(SchemaManagementToolCoordinator.java:145)
	at java.base/java.util.HashMap.forEach(HashMap.java:1429)
	at org.hibernate.tool.schema.spi.SchemaManagementToolCoordinator.process(SchemaManagementToolCoordinator.java:142)
	at org.hibernate.boot.internal.SessionFactoryObserverForSchemaExport.sessionFactoryCreated(SessionFactoryObserverForSchemaExport.java:37)
	at org.hibernate.internal.SessionFactoryObserverChain.sessionFactoryCreated(SessionFactoryObserverChain.java:35)
	at org.hibernate.internal.SessionFactoryImpl.<init>(SessionFactoryImpl.java:315)
	at org.hibernate.boot.internal.SessionFactoryBuilderImpl.build(SessionFactoryBuilderImpl.java:450)
	at org.hibernate.jpa.boot.internal.EntityManagerFactoryBuilderImpl.build(EntityManagerFactoryBuilderImpl.java:1507)
	at org.springframework.orm.jpa.vendor.SpringHibernateJpaPersistenceProvider.createContainerEntityManagerFactory(SpringHibernateJpaPersistenceProvider.java:75)
	at org.springframework.orm.jpa.LocalContainerEntityManagerFactoryBean.createNativeEntityManagerFactory(LocalContainerEntityManagerFactoryBean.java:390)
	at org.springframework.orm.jpa.AbstractEntityManagerFactoryBean.buildNativeEntityManagerFactory(AbstractEntityManagerFactoryBean.java:409)
	... 105 common frames omitted
Caused by: java.sql.SQLNonTransientConnectionException: Public Key Retrieval is not allowed
	at com.mysql.cj.jdbc.exceptions.SQLError.createSQLException(SQLError.java:111)
	at com.mysql.cj.jdbc.exceptions.SQLExceptionsMapping.translateException(SQLExceptionsMapping.java:122)
	at com.mysql.cj.jdbc.ConnectionImpl.createNewIO(ConnectionImpl.java:815)
	at com.mysql.cj.jdbc.ConnectionImpl.<init>(ConnectionImpl.java:438)
	at com.mysql.cj.jdbc.ConnectionImpl.getInstance(ConnectionImpl.java:241)
	at com.mysql.cj.jdbc.NonRegisteringDriver.connect(NonRegisteringDriver.java:189)
	at com.zaxxer.hikari.util.DriverDataSource.getConnection(DriverDataSource.java:138)
	at com.zaxxer.hikari.pool.PoolBase.newConnection(PoolBase.java:359)
	at com.zaxxer.hikari.pool.PoolBase.newPoolEntry(PoolBase.java:201)
	at com.zaxxer.hikari.pool.HikariPool.createPoolEntry(HikariPool.java:470)
	at com.zaxxer.hikari.pool.HikariPool.checkFailFast(HikariPool.java:561)
	at com.zaxxer.hikari.pool.HikariPool.<init>(HikariPool.java:100)
	at com.zaxxer.hikari.HikariDataSource.getConnection(HikariDataSource.java:112)
	at org.hibernate.engine.jdbc.connections.internal.DatasourceConnectionProviderImpl.getConnection(DatasourceConnectionProviderImpl.java:122)
	at org.hibernate.engine.jdbc.env.internal.JdbcEnvironmentInitiator$ConnectionProviderJdbcConnectionAccess.obtainConnection(JdbcEnvironmentInitiator.java:428)
	at org.hibernate.resource.transaction.backend.jdbc.internal.DdlTransactionIsolatorNonJtaImpl.getIsolatedConnection(DdlTransactionIsolatorNonJtaImpl.java:46)
	... 126 common frames omitted
Caused by: com.mysql.cj.exceptions.UnableToConnectException: Public Key Retrieval is not allowed
	at java.base/jdk.internal.reflect.DirectConstructorHandleAccessor.newInstance(DirectConstructorHandleAccessor.java:62)
	at java.base/java.lang.reflect.Constructor.newInstanceWithCaller(Constructor.java:502)
	at java.base/java.lang.reflect.Constructor.newInstance(Constructor.java:486)
	at com.mysql.cj.exceptions.ExceptionFactory.createException(ExceptionFactory.java:61)
	at com.mysql.cj.exceptions.ExceptionFactory.createException(ExceptionFactory.java:85)
	at com.mysql.cj.protocol.a.authentication.CachingSha2PasswordPlugin.nextAuthenticationStep(CachingSha2PasswordPlugin.java:131)
	at com.mysql.cj.protocol.a.authentication.CachingSha2PasswordPlugin.nextAuthenticationStep(CachingSha2PasswordPlugin.java:49)
	at com.mysql.cj.protocol.a.NativeAuthenticationProvider.proceedHandshakeWithPluggableAuthentication(NativeAuthenticationProvider.java:446)
	at com.mysql.cj.protocol.a.NativeAuthenticationProvider.connect(NativeAuthenticationProvider.java:215)
	at com.mysql.cj.protocol.a.NativeProtocol.connect(NativeProtocol.java:1428)
	at com.mysql.cj.NativeSession.connect(NativeSession.java:133)
	at com.mysql.cj.jdbc.ConnectionImpl.connectOneTryOnly(ConnectionImpl.java:935)
	at com.mysql.cj.jdbc.ConnectionImpl.createNewIO(ConnectionImpl.java:805)
	... 139 common frames omitted
2026-04-02 10:33:42 [main] INFO  c.h.h.HotelBackendApplication - Starting HotelBackendApplication using Java 21.0.10 with PID 6736 (C:\Users\girid\Desktop\HotelBooking\hotel-backend\target\classes started by girid in C:\Users\girid\Desktop\HotelBooking\hotel-backend)
2026-04-02 10:33:42 [main] DEBUG c.h.h.HotelBackendApplication - Running with Spring Boot v3.2.4, Spring v6.1.5
2026-04-02 10:33:42 [main] INFO  c.h.h.HotelBackendApplication - No active profile set, falling back to 1 default profile: "default"
2026-04-02 10:33:43 [main] INFO  o.s.d.r.c.RepositoryConfigurationDelegate - Bootstrapping Spring Data JPA repositories in DEFAULT mode.
2026-04-02 10:33:43 [main] INFO  o.s.d.r.c.RepositoryConfigurationDelegate - Finished Spring Data repository scanning in 40 ms. Found 4 JPA repository interfaces.
2026-04-02 10:33:43 [main] INFO  o.s.b.w.e.tomcat.TomcatWebServer - Tomcat initialized with port 8080 (http)
2026-04-02 10:33:43 [main] INFO  o.a.catalina.core.StandardService - Starting service [Tomcat]
2026-04-02 10:33:43 [main] INFO  o.a.catalina.core.StandardEngine - Starting Servlet engine: [Apache Tomcat/10.1.19]
2026-04-02 10:33:43 [main] INFO  o.a.c.c.C.[Tomcat].[localhost].[/] - Initializing Spring embedded WebApplicationContext
2026-04-02 10:33:43 [main] INFO  o.s.b.w.s.c.ServletWebServerApplicationContext - Root WebApplicationContext: initialization completed in 884 ms
2026-04-02 10:33:43 [main] INFO  o.h.jpa.internal.util.LogHelper - HHH000204: Processing PersistenceUnitInfo [name: default]
2026-04-02 10:33:43 [main] INFO  org.hibernate.Version - HHH000412: Hibernate ORM core version 6.4.4.Final
2026-04-02 10:33:43 [main] INFO  o.h.c.i.RegionFactoryInitiator - HHH000026: Second-level cache disabled
2026-04-02 10:33:44 [main] INFO  o.s.o.j.p.SpringPersistenceUnitInfo - No LoadTimeWeaver setup: ignoring JPA class transformer
2026-04-02 10:33:44 [main] INFO  com.zaxxer.hikari.HikariDataSource - HikariPool-1 - Starting...
2026-04-02 10:33:45 [main] ERROR com.zaxxer.hikari.pool.HikariPool - HikariPool-1 - Exception during pool initialization.
java.sql.SQLNonTransientConnectionException: Public Key Retrieval is not allowed
	at com.mysql.cj.jdbc.exceptions.SQLError.createSQLException(SQLError.java:111)
	at com.mysql.cj.jdbc.exceptions.SQLExceptionsMapping.translateException(SQLExceptionsMapping.java:122)
	at com.mysql.cj.jdbc.ConnectionImpl.createNewIO(ConnectionImpl.java:815)
	at com.mysql.cj.jdbc.ConnectionImpl.<init>(ConnectionImpl.java:438)
	at com.mysql.cj.jdbc.ConnectionImpl.getInstance(ConnectionImpl.java:241)
	at com.mysql.cj.jdbc.NonRegisteringDriver.connect(NonRegisteringDriver.java:189)
	at com.zaxxer.hikari.util.DriverDataSource.getConnection(DriverDataSource.java:138)
	at com.zaxxer.hikari.pool.PoolBase.newConnection(PoolBase.java:359)
	at com.zaxxer.hikari.pool.PoolBase.newPoolEntry(PoolBase.java:201)
	at com.zaxxer.hikari.pool.HikariPool.createPoolEntry(HikariPool.java:470)
	at com.zaxxer.hikari.pool.HikariPool.checkFailFast(HikariPool.java:561)
	at com.zaxxer.hikari.pool.HikariPool.<init>(HikariPool.java:100)
	at com.zaxxer.hikari.HikariDataSource.getConnection(HikariDataSource.java:112)
	at org.hibernate.engine.jdbc.connections.internal.DatasourceConnectionProviderImpl.getConnection(DatasourceConnectionProviderImpl.java:122)
	at org.hibernate.engine.jdbc.env.internal.JdbcEnvironmentInitiator$ConnectionProviderJdbcConnectionAccess.obtainConnection(JdbcEnvironmentInitiator.java:428)
	at org.hibernate.resource.transaction.backend.jdbc.internal.JdbcIsolationDelegate.delegateWork(JdbcIsolationDelegate.java:61)
	at org.hibernate.engine.jdbc.env.internal.JdbcEnvironmentInitiator.getJdbcEnvironmentUsingJdbcMetadata(JdbcEnvironmentInitiator.java:276)
	at org.hibernate.engine.jdbc.env.internal.JdbcEnvironmentInitiator.initiateService(JdbcEnvironmentInitiator.java:107)
	at org.hibernate.engine.jdbc.env.internal.JdbcEnvironmentInitiator.initiateService(JdbcEnvironmentInitiator.java:68)
	at org.hibernate.boot.registry.internal.StandardServiceRegistryImpl.initiateService(StandardServiceRegistryImpl.java:130)
	at org.hibernate.service.internal.AbstractServiceRegistryImpl.createService(AbstractServiceRegistryImpl.java:263)
	at org.hibernate.service.internal.AbstractServiceRegistryImpl.initializeService(AbstractServiceRegistryImpl.java:238)
	at org.hibernate.service.internal.AbstractServiceRegistryImpl.getService(AbstractServiceRegistryImpl.java:215)
	at org.hibernate.boot.model.relational.Database.<init>(Database.java:45)
	at org.hibernate.boot.internal.InFlightMetadataCollectorImpl.getDatabase(InFlightMetadataCollectorImpl.java:223)
	at org.hibernate.boot.internal.InFlightMetadataCollectorImpl.<init>(InFlightMetadataCollectorImpl.java:191)
	at org.hibernate.boot.model.process.spi.MetadataBuildingProcess.complete(MetadataBuildingProcess.java:170)
	at org.hibernate.jpa.boot.internal.EntityManagerFactoryBuilderImpl.metadata(EntityManagerFactoryBuilderImpl.java:1432)
	at org.hibernate.jpa.boot.internal.EntityManagerFactoryBuilderImpl.build(EntityManagerFactoryBuilderImpl.java:1503)
	at org.springframework.orm.jpa.vendor.SpringHibernateJpaPersistenceProvider.createContainerEntityManagerFactory(SpringHibernateJpaPersistenceProvider.java:75)
	at org.springframework.orm.jpa.LocalContainerEntityManagerFactoryBean.createNativeEntityManagerFactory(LocalContainerEntityManagerFactoryBean.java:390)
	at org.springframework.orm.jpa.AbstractEntityManagerFactoryBean.buildNativeEntityManagerFactory(AbstractEntityManagerFactoryBean.java:409)
	at org.springframework.orm.jpa.AbstractEntityManagerFactoryBean.afterPropertiesSet(AbstractEntityManagerFactoryBean.java:396)
	at org.springframework.orm.jpa.LocalContainerEntityManagerFactoryBean.afterPropertiesSet(LocalContainerEntityManagerFactoryBean.java:366)
	at org.springframework.beans.factory.support.AbstractAutowireCapableBeanFactory.invokeInitMethods(AbstractAutowireCapableBeanFactory.java:1833)
	at org.springframework.beans.factory.support.AbstractAutowireCapableBeanFactory.initializeBean(AbstractAutowireCapableBeanFactory.java:1782)
	at org.springframework.beans.factory.support.AbstractAutowireCapableBeanFactory.doCreateBean(AbstractAutowireCapableBeanFactory.java:600)
	at org.springframework.beans.factory.support.AbstractAutowireCapableBeanFactory.createBean(AbstractAutowireCapableBeanFactory.java:522)
	at org.springframework.beans.factory.support.AbstractBeanFactory.lambda$doGetBean$0(AbstractBeanFactory.java:326)
	at org.springframework.beans.factory.support.DefaultSingletonBeanRegistry.getSingleton(DefaultSingletonBeanRegistry.java:234)
	at org.springframework.beans.factory.support.AbstractBeanFactory.doGetBean(AbstractBeanFactory.java:324)
	at org.springframework.beans.factory.support.AbstractBeanFactory.getBean(AbstractBeanFactory.java:200)
	at org.springframework.beans.factory.support.BeanDefinitionValueResolver.resolveReference(BeanDefinitionValueResolver.java:365)
	at org.springframework.beans.factory.support.BeanDefinitionValueResolver.resolveValueIfNecessary(BeanDefinitionValueResolver.java:135)
	at org.springframework.beans.factory.support.ConstructorResolver.resolveConstructorArguments(ConstructorResolver.java:682)
	at org.springframework.beans.factory.support.ConstructorResolver.instantiateUsingFactoryMethod(ConstructorResolver.java:509)
	at org.springframework.beans.factory.support.AbstractAutowireCapableBeanFactory.instantiateUsingFactoryMethod(AbstractAutowireCapableBeanFactory.java:1335)
	at org.springframework.beans.factory.support.AbstractAutowireCapableBeanFactory.createBeanInstance(AbstractAutowireCapableBeanFactory.java:1165)
	at org.springframework.beans.factory.support.AbstractAutowireCapableBeanFactory.doCreateBean(AbstractAutowireCapableBeanFactory.java:562)
	at org.springframework.beans.factory.support.AbstractAutowireCapableBeanFactory.createBean(AbstractAutowireCapableBeanFactory.java:522)
	at org.springframework.beans.factory.support.AbstractBeanFactory.lambda$doGetBean$0(AbstractBeanFactory.java:326)
	at org.springframework.beans.factory.support.DefaultSingletonBeanRegistry.getSingleton(DefaultSingletonBeanRegistry.java:234)
	at org.springframework.beans.factory.support.AbstractBeanFactory.doGetBean(AbstractBeanFactory.java:324)
	at org.springframework.beans.factory.support.AbstractBeanFactory.getBean(AbstractBeanFactory.java:200)
	at org.springframework.beans.factory.support.BeanDefinitionValueResolver.resolveReference(BeanDefinitionValueResolver.java:365)
	at org.springframework.beans.factory.support.BeanDefinitionValueResolver.resolveValueIfNecessary(BeanDefinitionValueResolver.java:135)
	at org.springframework.beans.factory.support.AbstractAutowireCapableBeanFactory.applyPropertyValues(AbstractAutowireCapableBeanFactory.java:1685)
	at org.springframework.beans.factory.support.AbstractAutowireCapableBeanFactory.populateBean(AbstractAutowireCapableBeanFactory.java:1434)
	at org.springframework.beans.factory.support.AbstractAutowireCapableBeanFactory.doCreateBean(AbstractAutowireCapableBeanFactory.java:599)
	at org.springframework.beans.factory.support.AbstractAutowireCapableBeanFactory.createBean(AbstractAutowireCapableBeanFactory.java:522)
	at org.springframework.beans.factory.support.AbstractBeanFactory.lambda$doGetBean$0(AbstractBeanFactory.java:326)
	at org.springframework.beans.factory.support.DefaultSingletonBeanRegistry.getSingleton(DefaultSingletonBeanRegistry.java:234)
	at org.springframework.beans.factory.support.AbstractBeanFactory.doGetBean(AbstractBeanFactory.java:324)
	at org.springframework.beans.factory.support.AbstractBeanFactory.getBean(AbstractBeanFactory.java:200)
	at org.springframework.beans.factory.config.DependencyDescriptor.resolveCandidate(DependencyDescriptor.java:254)
	at org.springframework.beans.factory.support.DefaultListableBeanFactory.doResolveDependency(DefaultListableBeanFactory.java:1443)
	at org.springframework.beans.factory.support.DefaultListableBeanFactory.resolveDependency(DefaultListableBeanFactory.java:1353)
	at org.springframework.beans.factory.annotation.AutowiredAnnotationBeanPostProcessor$AutowiredFieldElement.resolveFieldValue(AutowiredAnnotationBeanPostProcessor.java:784)
	at org.springframework.beans.factory.annotation.AutowiredAnnotationBeanPostProcessor$AutowiredFieldElement.inject(AutowiredAnnotationBeanPostProcessor.java:767)
	at org.springframework.beans.factory.annotation.InjectionMetadata.inject(InjectionMetadata.java:145)
	at org.springframework.beans.factory.annotation.AutowiredAnnotationBeanPostProcessor.postProcessProperties(AutowiredAnnotationBeanPostProcessor.java:508)
	at org.springframework.beans.factory.support.AbstractAutowireCapableBeanFactory.populateBean(AbstractAutowireCapableBeanFactory.java:1419)
	at org.springframework.beans.factory.support.AbstractAutowireCapableBeanFactory.doCreateBean(AbstractAutowireCapableBeanFactory.java:599)
	at org.springframework.beans.factory.support.AbstractAutowireCapableBeanFactory.createBean(AbstractAutowireCapableBeanFactory.java:522)
	at org.springframework.beans.factory.support.AbstractBeanFactory.lambda$doGetBean$0(AbstractBeanFactory.java:326)
	at org.springframework.beans.factory.support.DefaultSingletonBeanRegistry.getSingleton(DefaultSingletonBeanRegistry.java:234)
	at org.springframework.beans.factory.support.AbstractBeanFactory.doGetBean(AbstractBeanFactory.java:324)
	at org.springframework.beans.factory.support.AbstractBeanFactory.getBean(AbstractBeanFactory.java:200)
	at org.springframework.beans.factory.config.DependencyDescriptor.resolveCandidate(DependencyDescriptor.java:254)
	at org.springframework.beans.factory.support.DefaultListableBeanFactory.doResolveDependency(DefaultListableBeanFactory.java:1443)
	at org.springframework.beans.factory.support.DefaultListableBeanFactory.resolveDependency(DefaultListableBeanFactory.java:1353)
	at org.springframework.beans.factory.annotation.AutowiredAnnotationBeanPostProcessor$AutowiredFieldElement.resolveFieldValue(AutowiredAnnotationBeanPostProcessor.java:784)
	at org.springframework.beans.factory.annotation.AutowiredAnnotationBeanPostProcessor$AutowiredFieldElement.inject(AutowiredAnnotationBeanPostProcessor.java:767)
	at org.springframework.beans.factory.annotation.InjectionMetadata.inject(InjectionMetadata.java:145)
	at org.springframework.beans.factory.annotation.AutowiredAnnotationBeanPostProcessor.postProcessProperties(AutowiredAnnotationBeanPostProcessor.java:508)
	at org.springframework.beans.factory.support.AbstractAutowireCapableBeanFactory.populateBean(AbstractAutowireCapableBeanFactory.java:1419)
	at org.springframework.beans.factory.support.AbstractAutowireCapableBeanFactory.doCreateBean(AbstractAutowireCapableBeanFactory.java:599)
	at org.springframework.beans.factory.support.AbstractAutowireCapableBeanFactory.createBean(AbstractAutowireCapableBeanFactory.java:522)
	at org.springframework.beans.factory.support.AbstractBeanFactory.lambda$doGetBean$0(AbstractBeanFactory.java:326)
	at org.springframework.beans.factory.support.DefaultSingletonBeanRegistry.getSingleton(DefaultSingletonBeanRegistry.java:234)
	at org.springframework.beans.factory.support.AbstractBeanFactory.doGetBean(AbstractBeanFactory.java:324)
	at org.springframework.beans.factory.support.AbstractBeanFactory.getBean(AbstractBeanFactory.java:205)
	at org.springframework.boot.web.servlet.ServletContextInitializerBeans.getOrderedBeansOfType(ServletContextInitializerBeans.java:210)
	at org.springframework.boot.web.servlet.ServletContextInitializerBeans.addAsRegistrationBean(ServletContextInitializerBeans.java:173)
	at org.springframework.boot.web.servlet.ServletContextInitializerBeans.addAsRegistrationBean(ServletContextInitializerBeans.java:168)
	at org.springframework.boot.web.servlet.ServletContextInitializerBeans.addAdaptableBeans(ServletContextInitializerBeans.java:153)
	at org.springframework.boot.web.servlet.ServletContextInitializerBeans.<init>(ServletContextInitializerBeans.java:86)
	at org.springframework.boot.web.servlet.context.ServletWebServerApplicationContext.getServletContextInitializerBeans(ServletWebServerApplicationContext.java:266)
	at org.springframework.boot.web.servlet.context.ServletWebServerApplicationContext.selfInitialize(ServletWebServerApplicationContext.java:240)
	at org.springframework.boot.web.embedded.tomcat.TomcatStarter.onStartup(TomcatStarter.java:52)
	at org.apache.catalina.core.StandardContext.startInternal(StandardContext.java:4866)
	at org.apache.catalina.util.LifecycleBase.start(LifecycleBase.java:171)
	at org.apache.catalina.core.ContainerBase$StartChild.call(ContainerBase.java:1332)
	at org.apache.catalina.core.ContainerBase$StartChild.call(ContainerBase.java:1322)
	at java.base/java.util.concurrent.FutureTask.run(FutureTask.java:317)
	at org.apache.tomcat.util.threads.InlineExecutorService.execute(InlineExecutorService.java:75)
	at java.base/java.util.concurrent.AbstractExecutorService.submit(AbstractExecutorService.java:145)
	at org.apache.catalina.core.ContainerBase.startInternal(ContainerBase.java:866)
	at org.apache.catalina.core.StandardHost.startInternal(StandardHost.java:845)
	at org.apache.catalina.util.LifecycleBase.start(LifecycleBase.java:171)
	at org.apache.catalina.core.ContainerBase$StartChild.call(ContainerBase.java:1332)
	at org.apache.catalina.core.ContainerBase$StartChild.call(ContainerBase.java:1322)
	at java.base/java.util.concurrent.FutureTask.run(FutureTask.java:317)
	at org.apache.tomcat.util.threads.InlineExecutorService.execute(InlineExecutorService.java:75)
	at java.base/java.util.concurrent.AbstractExecutorService.submit(AbstractExecutorService.java:145)
	at org.apache.catalina.core.ContainerBase.startInternal(ContainerBase.java:866)
	at org.apache.catalina.core.StandardEngine.startInternal(StandardEngine.java:240)
	at org.apache.catalina.util.LifecycleBase.start(LifecycleBase.java:171)
	at org.apache.catalina.core.StandardService.startInternal(StandardService.java:433)
	at org.apache.catalina.util.LifecycleBase.start(LifecycleBase.java:171)
	at org.apache.catalina.core.StandardServer.startInternal(StandardServer.java:921)
	at org.apache.catalina.util.LifecycleBase.start(LifecycleBase.java:171)
	at org.apache.catalina.startup.Tomcat.start(Tomcat.java:437)
	at org.springframework.boot.web.embedded.tomcat.TomcatWebServer.initialize(TomcatWebServer.java:126)
	at org.springframework.boot.web.embedded.tomcat.TomcatWebServer.<init>(TomcatWebServer.java:105)
	at org.springframework.boot.web.embedded.tomcat.TomcatServletWebServerFactory.getTomcatWebServer(TomcatServletWebServerFactory.java:499)
	at org.springframework.boot.web.embedded.tomcat.TomcatServletWebServerFactory.getWebServer(TomcatServletWebServerFactory.java:218)
	at org.springframework.boot.web.servlet.context.ServletWebServerApplicationContext.createWebServer(ServletWebServerApplicationContext.java:188)
	at org.springframework.boot.web.servlet.context.ServletWebServerApplicationContext.onRefresh(ServletWebServerApplicationContext.java:162)
	at org.springframework.context.support.AbstractApplicationContext.refresh(AbstractApplicationContext.java:618)
	at org.springframework.boot.web.servlet.context.ServletWebServerApplicationContext.refresh(ServletWebServerApplicationContext.java:146)
	at org.springframework.boot.SpringApplication.refresh(SpringApplication.java:754)
	at org.springframework.boot.SpringApplication.refreshContext(SpringApplication.java:456)
	at org.springframework.boot.SpringApplication.run(SpringApplication.java:334)
	at org.springframework.boot.SpringApplication.run(SpringApplication.java:1354)
	at org.springframework.boot.SpringApplication.run(SpringApplication.java:1343)
	at com.hotel.hotel_backend.HotelBackendApplication.main(HotelBackendApplication.java:10)
Caused by: com.mysql.cj.exceptions.UnableToConnectException: Public Key Retrieval is not allowed
	at java.base/jdk.internal.reflect.DirectConstructorHandleAccessor.newInstance(DirectConstructorHandleAccessor.java:62)
	at java.base/java.lang.reflect.Constructor.newInstanceWithCaller(Constructor.java:502)
	at java.base/java.lang.reflect.Constructor.newInstance(Constructor.java:486)
	at com.mysql.cj.exceptions.ExceptionFactory.createException(ExceptionFactory.java:61)
	at com.mysql.cj.exceptions.ExceptionFactory.createException(ExceptionFactory.java:85)
	at com.mysql.cj.protocol.a.authentication.CachingSha2PasswordPlugin.nextAuthenticationStep(CachingSha2PasswordPlugin.java:131)
	at com.mysql.cj.protocol.a.authentication.CachingSha2PasswordPlugin.nextAuthenticationStep(CachingSha2PasswordPlugin.java:49)
	at com.mysql.cj.protocol.a.NativeAuthenticationProvider.proceedHandshakeWithPluggableAuthentication(NativeAuthenticationProvider.java:446)
	at com.mysql.cj.protocol.a.NativeAuthenticationProvider.connect(NativeAuthenticationProvider.java:215)
	at com.mysql.cj.protocol.a.NativeProtocol.connect(NativeProtocol.java:1428)
	at com.mysql.cj.NativeSession.connect(NativeSession.java:133)
	at com.mysql.cj.jdbc.ConnectionImpl.connectOneTryOnly(ConnectionImpl.java:935)
	at com.mysql.cj.jdbc.ConnectionImpl.createNewIO(ConnectionImpl.java:805)
	... 134 common frames omitted
2026-04-02 10:33:45 [main] WARN  o.h.e.j.e.i.JdbcEnvironmentInitiator - HHH000342: Could not obtain connection to query metadata
java.lang.NullPointerException: Cannot invoke "org.hibernate.engine.jdbc.spi.SqlExceptionHelper.convert(java.sql.SQLException, String)" because the return value of "org.hibernate.resource.transaction.backend.jdbc.internal.JdbcIsolationDelegate.sqlExceptionHelper()" is null
	at org.hibernate.resource.transaction.backend.jdbc.internal.JdbcIsolationDelegate.delegateWork(JdbcIsolationDelegate.java:116)
	at org.hibernate.engine.jdbc.env.internal.JdbcEnvironmentInitiator.getJdbcEnvironmentUsingJdbcMetadata(JdbcEnvironmentInitiator.java:276)
	at org.hibernate.engine.jdbc.env.internal.JdbcEnvironmentInitiator.initiateService(JdbcEnvironmentInitiator.java:107)
	at org.hibernate.engine.jdbc.env.internal.JdbcEnvironmentInitiator.initiateService(JdbcEnvironmentInitiator.java:68)
	at org.hibernate.boot.registry.internal.StandardServiceRegistryImpl.initiateService(StandardServiceRegistryImpl.java:130)
	at org.hibernate.service.internal.AbstractServiceRegistryImpl.createService(AbstractServiceRegistryImpl.java:263)
	at org.hibernate.service.internal.AbstractServiceRegistryImpl.initializeService(AbstractServiceRegistryImpl.java:238)
	at org.hibernate.service.internal.AbstractServiceRegistryImpl.getService(AbstractServiceRegistryImpl.java:215)
	at org.hibernate.boot.model.relational.Database.<init>(Database.java:45)
	at org.hibernate.boot.internal.InFlightMetadataCollectorImpl.getDatabase(InFlightMetadataCollectorImpl.java:223)
	at org.hibernate.boot.internal.InFlightMetadataCollectorImpl.<init>(InFlightMetadataCollectorImpl.java:191)
	at org.hibernate.boot.model.process.spi.MetadataBuildingProcess.complete(MetadataBuildingProcess.java:170)
	at org.hibernate.jpa.boot.internal.EntityManagerFactoryBuilderImpl.metadata(EntityManagerFactoryBuilderImpl.java:1432)
	at org.hibernate.jpa.boot.internal.EntityManagerFactoryBuilderImpl.build(EntityManagerFactoryBuilderImpl.java:1503)
	at org.springframework.orm.jpa.vendor.SpringHibernateJpaPersistenceProvider.createContainerEntityManagerFactory(SpringHibernateJpaPersistenceProvider.java:75)
	at org.springframework.orm.jpa.LocalContainerEntityManagerFactoryBean.createNativeEntityManagerFactory(LocalContainerEntityManagerFactoryBean.java:390)
	at org.springframework.orm.jpa.AbstractEntityManagerFactoryBean.buildNativeEntityManagerFactory(AbstractEntityManagerFactoryBean.java:409)
	at org.springframework.orm.jpa.AbstractEntityManagerFactoryBean.afterPropertiesSet(AbstractEntityManagerFactoryBean.java:396)
	at org.springframework.orm.jpa.LocalContainerEntityManagerFactoryBean.afterPropertiesSet(LocalContainerEntityManagerFactoryBean.java:366)
	at org.springframework.beans.factory.support.AbstractAutowireCapableBeanFactory.invokeInitMethods(AbstractAutowireCapableBeanFactory.java:1833)
	at org.springframework.beans.factory.support.AbstractAutowireCapableBeanFactory.initializeBean(AbstractAutowireCapableBeanFactory.java:1782)
	at org.springframework.beans.factory.support.AbstractAutowireCapableBeanFactory.doCreateBean(AbstractAutowireCapableBeanFactory.java:600)
	at org.springframework.beans.factory.support.AbstractAutowireCapableBeanFactory.createBean(AbstractAutowireCapableBeanFactory.java:522)
	at org.springframework.beans.factory.support.AbstractBeanFactory.lambda$doGetBean$0(AbstractBeanFactory.java:326)
	at org.springframework.beans.factory.support.DefaultSingletonBeanRegistry.getSingleton(DefaultSingletonBeanRegistry.java:234)
	at org.springframework.beans.factory.support.AbstractBeanFactory.doGetBean(AbstractBeanFactory.java:324)
	at org.springframework.beans.factory.support.AbstractBeanFactory.getBean(AbstractBeanFactory.java:200)
	at org.springframework.beans.factory.support.BeanDefinitionValueResolver.resolveReference(BeanDefinitionValueResolver.java:365)
	at org.springframework.beans.factory.support.BeanDefinitionValueResolver.resolveValueIfNecessary(BeanDefinitionValueResolver.java:135)
	at org.springframework.beans.factory.support.ConstructorResolver.resolveConstructorArguments(ConstructorResolver.java:682)
	at org.springframework.beans.factory.support.ConstructorResolver.instantiateUsingFactoryMethod(ConstructorResolver.java:509)
	at org.springframework.beans.factory.support.AbstractAutowireCapableBeanFactory.instantiateUsingFactoryMethod(AbstractAutowireCapableBeanFactory.java:1335)
	at org.springframework.beans.factory.support.AbstractAutowireCapableBeanFactory.createBeanInstance(AbstractAutowireCapableBeanFactory.java:1165)
	at org.springframework.beans.factory.support.AbstractAutowireCapableBeanFactory.doCreateBean(AbstractAutowireCapableBeanFactory.java:562)
	at org.springframework.beans.factory.support.AbstractAutowireCapableBeanFactory.createBean(AbstractAutowireCapableBeanFactory.java:522)
	at org.springframework.beans.factory.support.AbstractBeanFactory.lambda$doGetBean$0(AbstractBeanFactory.java:326)
	at org.springframework.beans.factory.support.DefaultSingletonBeanRegistry.getSingleton(DefaultSingletonBeanRegistry.java:234)
	at org.springframework.beans.factory.support.AbstractBeanFactory.doGetBean(AbstractBeanFactory.java:324)
	at org.springframework.beans.factory.support.AbstractBeanFactory.getBean(AbstractBeanFactory.java:200)
	at org.springframework.beans.factory.support.BeanDefinitionValueResolver.resolveReference(BeanDefinitionValueResolver.java:365)
	at org.springframework.beans.factory.support.BeanDefinitionValueResolver.resolveValueIfNecessary(BeanDefinitionValueResolver.java:135)
	at org.springframework.beans.factory.support.AbstractAutowireCapableBeanFactory.applyPropertyValues(AbstractAutowireCapableBeanFactory.java:1685)
	at org.springframework.beans.factory.support.AbstractAutowireCapableBeanFactory.populateBean(AbstractAutowireCapableBeanFactory.java:1434)
	at org.springframework.beans.factory.support.AbstractAutowireCapableBeanFactory.doCreateBean(AbstractAutowireCapableBeanFactory.java:599)
	at org.springframework.beans.factory.support.AbstractAutowireCapableBeanFactory.createBean(AbstractAutowireCapableBeanFactory.java:522)
	at org.springframework.beans.factory.support.AbstractBeanFactory.lambda$doGetBean$0(AbstractBeanFactory.java:326)
	at org.springframework.beans.factory.support.DefaultSingletonBeanRegistry.getSingleton(DefaultSingletonBeanRegistry.java:234)
	at org.springframework.beans.factory.support.AbstractBeanFactory.doGetBean(AbstractBeanFactory.java:324)
	at org.springframework.beans.factory.support.AbstractBeanFactory.getBean(AbstractBeanFactory.java:200)
	at org.springframework.beans.factory.config.DependencyDescriptor.resolveCandidate(DependencyDescriptor.java:254)
	at org.springframework.beans.factory.support.DefaultListableBeanFactory.doResolveDependency(DefaultListableBeanFactory.java:1443)
	at org.springframework.beans.factory.support.DefaultListableBeanFactory.resolveDependency(DefaultListableBeanFactory.java:1353)
	at org.springframework.beans.factory.annotation.AutowiredAnnotationBeanPostProcessor$AutowiredFieldElement.resolveFieldValue(AutowiredAnnotationBeanPostProcessor.java:784)
	at org.springframework.beans.factory.annotation.AutowiredAnnotationBeanPostProcessor$AutowiredFieldElement.inject(AutowiredAnnotationBeanPostProcessor.java:767)
	at org.springframework.beans.factory.annotation.InjectionMetadata.inject(InjectionMetadata.java:145)
	at org.springframework.beans.factory.annotation.AutowiredAnnotationBeanPostProcessor.postProcessProperties(AutowiredAnnotationBeanPostProcessor.java:508)
	at org.springframework.beans.factory.support.AbstractAutowireCapableBeanFactory.populateBean(AbstractAutowireCapableBeanFactory.java:1419)
	at org.springframework.beans.factory.support.AbstractAutowireCapableBeanFactory.doCreateBean(AbstractAutowireCapableBeanFactory.java:599)
	at org.springframework.beans.factory.support.AbstractAutowireCapableBeanFactory.createBean(AbstractAutowireCapableBeanFactory.java:522)
	at org.springframework.beans.factory.support.AbstractBeanFactory.lambda$doGetBean$0(AbstractBeanFactory.java:326)
	at org.springframework.beans.factory.support.DefaultSingletonBeanRegistry.getSingleton(DefaultSingletonBeanRegistry.java:234)
	at org.springframework.beans.factory.support.AbstractBeanFactory.doGetBean(AbstractBeanFactory.java:324)
	at org.springframework.beans.factory.support.AbstractBeanFactory.getBean(AbstractBeanFactory.java:200)
	at org.springframework.beans.factory.config.DependencyDescriptor.resolveCandidate(DependencyDescriptor.java:254)
	at org.springframework.beans.factory.support.DefaultListableBeanFactory.doResolveDependency(DefaultListableBeanFactory.java:1443)
	at org.springframework.beans.factory.support.DefaultListableBeanFactory.resolveDependency(DefaultListableBeanFactory.java:1353)
	at org.springframework.beans.factory.annotation.AutowiredAnnotationBeanPostProcessor$AutowiredFieldElement.resolveFieldValue(AutowiredAnnotationBeanPostProcessor.java:784)
	at org.springframework.beans.factory.annotation.AutowiredAnnotationBeanPostProcessor$AutowiredFieldElement.inject(AutowiredAnnotationBeanPostProcessor.java:767)
	at org.springframework.beans.factory.annotation.InjectionMetadata.inject(InjectionMetadata.java:145)
	at org.springframework.beans.factory.annotation.AutowiredAnnotationBeanPostProcessor.postProcessProperties(AutowiredAnnotationBeanPostProcessor.java:508)
	at org.springframework.beans.factory.support.AbstractAutowireCapableBeanFactory.populateBean(AbstractAutowireCapableBeanFactory.java:1419)
	at org.springframework.beans.factory.support.AbstractAutowireCapableBeanFactory.doCreateBean(AbstractAutowireCapableBeanFactory.java:599)
	at org.springframework.beans.factory.support.AbstractAutowireCapableBeanFactory.createBean(AbstractAutowireCapableBeanFactory.java:522)
	at org.springframework.beans.factory.support.AbstractBeanFactory.lambda$doGetBean$0(AbstractBeanFactory.java:326)
	at org.springframework.beans.factory.support.DefaultSingletonBeanRegistry.getSingleton(DefaultSingletonBeanRegistry.java:234)
	at org.springframework.beans.factory.support.AbstractBeanFactory.doGetBean(AbstractBeanFactory.java:324)
	at org.springframework.beans.factory.support.AbstractBeanFactory.getBean(AbstractBeanFactory.java:205)
	at org.springframework.boot.web.servlet.ServletContextInitializerBeans.getOrderedBeansOfType(ServletContextInitializerBeans.java:210)
	at org.springframework.boot.web.servlet.ServletContextInitializerBeans.addAsRegistrationBean(ServletContextInitializerBeans.java:173)
	at org.springframework.boot.web.servlet.ServletContextInitializerBeans.addAsRegistrationBean(ServletContextInitializerBeans.java:168)
	at org.springframework.boot.web.servlet.ServletContextInitializerBeans.addAdaptableBeans(ServletContextInitializerBeans.java:153)
	at org.springframework.boot.web.servlet.ServletContextInitializerBeans.<init>(ServletContextInitializerBeans.java:86)
	at org.springframework.boot.web.servlet.context.ServletWebServerApplicationContext.getServletContextInitializerBeans(ServletWebServerApplicationContext.java:266)
	at org.springframework.boot.web.servlet.context.ServletWebServerApplicationContext.selfInitialize(ServletWebServerApplicationContext.java:240)
	at org.springframework.boot.web.embedded.tomcat.TomcatStarter.onStartup(TomcatStarter.java:52)
	at org.apache.catalina.core.StandardContext.startInternal(StandardContext.java:4866)
	at org.apache.catalina.util.LifecycleBase.start(LifecycleBase.java:171)
	at org.apache.catalina.core.ContainerBase$StartChild.call(ContainerBase.java:1332)
	at org.apache.catalina.core.ContainerBase$StartChild.call(ContainerBase.java:1322)
	at java.base/java.util.concurrent.FutureTask.run(FutureTask.java:317)
	at org.apache.tomcat.util.threads.InlineExecutorService.execute(InlineExecutorService.java:75)
	at java.base/java.util.concurrent.AbstractExecutorService.submit(AbstractExecutorService.java:145)
	at org.apache.catalina.core.ContainerBase.startInternal(ContainerBase.java:866)
	at org.apache.catalina.core.StandardHost.startInternal(StandardHost.java:845)
	at org.apache.catalina.util.LifecycleBase.start(LifecycleBase.java:171)
	at org.apache.catalina.core.ContainerBase$StartChild.call(ContainerBase.java:1332)
	at org.apache.catalina.core.ContainerBase$StartChild.call(ContainerBase.java:1322)
	at java.base/java.util.concurrent.FutureTask.run(FutureTask.java:317)
	at org.apache.tomcat.util.threads.InlineExecutorService.execute(InlineExecutorService.java:75)
	at java.base/java.util.concurrent.AbstractExecutorService.submit(AbstractExecutorService.java:145)
	at org.apache.catalina.core.ContainerBase.startInternal(ContainerBase.java:866)
	at org.apache.catalina.core.StandardEngine.startInternal(StandardEngine.java:240)
	at org.apache.catalina.util.LifecycleBase.start(LifecycleBase.java:171)
	at org.apache.catalina.core.StandardService.startInternal(StandardService.java:433)
	at org.apache.catalina.util.LifecycleBase.start(LifecycleBase.java:171)
	at org.apache.catalina.core.StandardServer.startInternal(StandardServer.java:921)
	at org.apache.catalina.util.LifecycleBase.start(LifecycleBase.java:171)
	at org.apache.catalina.startup.Tomcat.start(Tomcat.java:437)
	at org.springframework.boot.web.embedded.tomcat.TomcatWebServer.initialize(TomcatWebServer.java:126)
	at org.springframework.boot.web.embedded.tomcat.TomcatWebServer.<init>(TomcatWebServer.java:105)
	at org.springframework.boot.web.embedded.tomcat.TomcatServletWebServerFactory.getTomcatWebServer(TomcatServletWebServerFactory.java:499)
	at org.springframework.boot.web.embedded.tomcat.TomcatServletWebServerFactory.getWebServer(TomcatServletWebServerFactory.java:218)
	at org.springframework.boot.web.servlet.context.ServletWebServerApplicationContext.createWebServer(ServletWebServerApplicationContext.java:188)
	at org.springframework.boot.web.servlet.context.ServletWebServerApplicationContext.onRefresh(ServletWebServerApplicationContext.java:162)
	at org.springframework.context.support.AbstractApplicationContext.refresh(AbstractApplicationContext.java:618)
	at org.springframework.boot.web.servlet.context.ServletWebServerApplicationContext.refresh(ServletWebServerApplicationContext.java:146)
	at org.springframework.boot.SpringApplication.refresh(SpringApplication.java:754)
	at org.springframework.boot.SpringApplication.refreshContext(SpringApplication.java:456)
	at org.springframework.boot.SpringApplication.run(SpringApplication.java:334)
	at org.springframework.boot.SpringApplication.run(SpringApplication.java:1354)
	at org.springframework.boot.SpringApplication.run(SpringApplication.java:1343)
	at com.hotel.hotel_backend.HotelBackendApplication.main(HotelBackendApplication.java:10)
2026-04-02 10:33:45 [main] WARN  org.hibernate.orm.deprecation - HHH90000025: MySQLDialect does not need to be specified explicitly using 'hibernate.dialect' (remove the property setting and it will be selected by default)
2026-04-02 10:33:45 [main] INFO  o.h.e.t.j.p.i.JtaPlatformInitiator - HHH000489: No JTA platform available (set 'hibernate.transaction.jta.platform' to enable JTA platform integration)
2026-04-02 10:33:45 [main] INFO  com.zaxxer.hikari.HikariDataSource - HikariPool-1 - Starting...
2026-04-02 10:33:46 [main] ERROR com.zaxxer.hikari.pool.HikariPool - HikariPool-1 - Exception during pool initialization.
java.sql.SQLNonTransientConnectionException: Public Key Retrieval is not allowed
	at com.mysql.cj.jdbc.exceptions.SQLError.createSQLException(SQLError.java:111)
	at com.mysql.cj.jdbc.exceptions.SQLExceptionsMapping.translateException(SQLExceptionsMapping.java:122)
	at com.mysql.cj.jdbc.ConnectionImpl.createNewIO(ConnectionImpl.java:815)
	at com.mysql.cj.jdbc.ConnectionImpl.<init>(ConnectionImpl.java:438)
	at com.mysql.cj.jdbc.ConnectionImpl.getInstance(ConnectionImpl.java:241)
	at com.mysql.cj.jdbc.NonRegisteringDriver.connect(NonRegisteringDriver.java:189)
	at com.zaxxer.hikari.util.DriverDataSource.getConnection(DriverDataSource.java:138)
	at com.zaxxer.hikari.pool.PoolBase.newConnection(PoolBase.java:359)
	at com.zaxxer.hikari.pool.PoolBase.newPoolEntry(PoolBase.java:201)
	at com.zaxxer.hikari.pool.HikariPool.createPoolEntry(HikariPool.java:470)
	at com.zaxxer.hikari.pool.HikariPool.checkFailFast(HikariPool.java:561)
	at com.zaxxer.hikari.pool.HikariPool.<init>(HikariPool.java:100)
	at com.zaxxer.hikari.HikariDataSource.getConnection(HikariDataSource.java:112)
	at org.hibernate.engine.jdbc.connections.internal.DatasourceConnectionProviderImpl.getConnection(DatasourceConnectionProviderImpl.java:122)
	at org.hibernate.engine.jdbc.env.internal.JdbcEnvironmentInitiator$ConnectionProviderJdbcConnectionAccess.obtainConnection(JdbcEnvironmentInitiator.java:428)
	at org.hibernate.resource.transaction.backend.jdbc.internal.DdlTransactionIsolatorNonJtaImpl.getIsolatedConnection(DdlTransactionIsolatorNonJtaImpl.java:46)
	at org.hibernate.resource.transaction.backend.jdbc.internal.DdlTransactionIsolatorNonJtaImpl.getIsolatedConnection(DdlTransactionIsolatorNonJtaImpl.java:39)
	at org.hibernate.tool.schema.internal.exec.ImprovedExtractionContextImpl.getJdbcConnection(ImprovedExtractionContextImpl.java:63)
	at org.hibernate.tool.schema.internal.exec.ImprovedExtractionContextImpl.getJdbcDatabaseMetaData(ImprovedExtractionContextImpl.java:70)
	at org.hibernate.tool.schema.extract.internal.InformationExtractorJdbcDatabaseMetaDataImpl.processTableResultSet(InformationExtractorJdbcDatabaseMetaDataImpl.java:64)
	at org.hibernate.tool.schema.extract.internal.AbstractInformationExtractorImpl.getTables(AbstractInformationExtractorImpl.java:570)
	at org.hibernate.tool.schema.extract.internal.DatabaseInformationImpl.getTablesInformation(DatabaseInformationImpl.java:122)
	at org.hibernate.tool.schema.internal.GroupedSchemaMigratorImpl.performTablesMigration(GroupedSchemaMigratorImpl.java:72)
	at org.hibernate.tool.schema.internal.AbstractSchemaMigrator.performMigration(AbstractSchemaMigrator.java:232)
	at org.hibernate.tool.schema.internal.AbstractSchemaMigrator.doMigration(AbstractSchemaMigrator.java:117)
	at org.hibernate.tool.schema.spi.SchemaManagementToolCoordinator.performDatabaseAction(SchemaManagementToolCoordinator.java:286)
	at org.hibernate.tool.schema.spi.SchemaManagementToolCoordinator.lambda$process$5(SchemaManagementToolCoordinator.java:145)
	at java.base/java.util.HashMap.forEach(HashMap.java:1429)
	at org.hibernate.tool.schema.spi.SchemaManagementToolCoordinator.process(SchemaManagementToolCoordinator.java:142)
	at org.hibernate.boot.internal.SessionFactoryObserverForSchemaExport.sessionFactoryCreated(SessionFactoryObserverForSchemaExport.java:37)
	at org.hibernate.internal.SessionFactoryObserverChain.sessionFactoryCreated(SessionFactoryObserverChain.java:35)
	at org.hibernate.internal.SessionFactoryImpl.<init>(SessionFactoryImpl.java:315)
	at org.hibernate.boot.internal.SessionFactoryBuilderImpl.build(SessionFactoryBuilderImpl.java:450)
	at org.hibernate.jpa.boot.internal.EntityManagerFactoryBuilderImpl.build(EntityManagerFactoryBuilderImpl.java:1507)
	at org.springframework.orm.jpa.vendor.SpringHibernateJpaPersistenceProvider.createContainerEntityManagerFactory(SpringHibernateJpaPersistenceProvider.java:75)
	at org.springframework.orm.jpa.LocalContainerEntityManagerFactoryBean.createNativeEntityManagerFactory(LocalContainerEntityManagerFactoryBean.java:390)
	at org.springframework.orm.jpa.AbstractEntityManagerFactoryBean.buildNativeEntityManagerFactory(AbstractEntityManagerFactoryBean.java:409)
	at org.springframework.orm.jpa.AbstractEntityManagerFactoryBean.afterPropertiesSet(AbstractEntityManagerFactoryBean.java:396)
	at org.springframework.orm.jpa.LocalContainerEntityManagerFactoryBean.afterPropertiesSet(LocalContainerEntityManagerFactoryBean.java:366)
	at org.springframework.beans.factory.support.AbstractAutowireCapableBeanFactory.invokeInitMethods(AbstractAutowireCapableBeanFactory.java:1833)
	at org.springframework.beans.factory.support.AbstractAutowireCapableBeanFactory.initializeBean(AbstractAutowireCapableBeanFactory.java:1782)
	at org.springframework.beans.factory.support.AbstractAutowireCapableBeanFactory.doCreateBean(AbstractAutowireCapableBeanFactory.java:600)
	at org.springframework.beans.factory.support.AbstractAutowireCapableBeanFactory.createBean(AbstractAutowireCapableBeanFactory.java:522)
	at org.springframework.beans.factory.support.AbstractBeanFactory.lambda$doGetBean$0(AbstractBeanFactory.java:326)
	at org.springframework.beans.factory.support.DefaultSingletonBeanRegistry.getSingleton(DefaultSingletonBeanRegistry.java:234)
	at org.springframework.beans.factory.support.AbstractBeanFactory.doGetBean(AbstractBeanFactory.java:324)
	at org.springframework.beans.factory.support.AbstractBeanFactory.getBean(AbstractBeanFactory.java:200)
	at org.springframework.beans.factory.support.BeanDefinitionValueResolver.resolveReference(BeanDefinitionValueResolver.java:365)
	at org.springframework.beans.factory.support.BeanDefinitionValueResolver.resolveValueIfNecessary(BeanDefinitionValueResolver.java:135)
	at org.springframework.beans.factory.support.ConstructorResolver.resolveConstructorArguments(ConstructorResolver.java:682)
	at org.springframework.beans.factory.support.ConstructorResolver.instantiateUsingFactoryMethod(ConstructorResolver.java:509)
	at org.springframework.beans.factory.support.AbstractAutowireCapableBeanFactory.instantiateUsingFactoryMethod(AbstractAutowireCapableBeanFactory.java:1335)
	at org.springframework.beans.factory.support.AbstractAutowireCapableBeanFactory.createBeanInstance(AbstractAutowireCapableBeanFactory.java:1165)
	at org.springframework.beans.factory.support.AbstractAutowireCapableBeanFactory.doCreateBean(AbstractAutowireCapableBeanFactory.java:562)
	at org.springframework.beans.factory.support.AbstractAutowireCapableBeanFactory.createBean(AbstractAutowireCapableBeanFactory.java:522)
	at org.springframework.beans.factory.support.AbstractBeanFactory.lambda$doGetBean$0(AbstractBeanFactory.java:326)
	at org.springframework.beans.factory.support.DefaultSingletonBeanRegistry.getSingleton(DefaultSingletonBeanRegistry.java:234)
	at org.springframework.beans.factory.support.AbstractBeanFactory.doGetBean(AbstractBeanFactory.java:324)
	at org.springframework.beans.factory.support.AbstractBeanFactory.getBean(AbstractBeanFactory.java:200)
	at org.springframework.beans.factory.support.BeanDefinitionValueResolver.resolveReference(BeanDefinitionValueResolver.java:365)
	at org.springframework.beans.factory.support.BeanDefinitionValueResolver.resolveValueIfNecessary(BeanDefinitionValueResolver.java:135)
	at org.springframework.beans.factory.support.AbstractAutowireCapableBeanFactory.applyPropertyValues(AbstractAutowireCapableBeanFactory.java:1685)
	at org.springframework.beans.factory.support.AbstractAutowireCapableBeanFactory.populateBean(AbstractAutowireCapableBeanFactory.java:1434)
	at org.springframework.beans.factory.support.AbstractAutowireCapableBeanFactory.doCreateBean(AbstractAutowireCapableBeanFactory.java:599)
	at org.springframework.beans.factory.support.AbstractAutowireCapableBeanFactory.createBean(AbstractAutowireCapableBeanFactory.java:522)
	at org.springframework.beans.factory.support.AbstractBeanFactory.lambda$doGetBean$0(AbstractBeanFactory.java:326)
	at org.springframework.beans.factory.support.DefaultSingletonBeanRegistry.getSingleton(DefaultSingletonBeanRegistry.java:234)
	at org.springframework.beans.factory.support.AbstractBeanFactory.doGetBean(AbstractBeanFactory.java:324)
	at org.springframework.beans.factory.support.AbstractBeanFactory.getBean(AbstractBeanFactory.java:200)
	at org.springframework.beans.factory.config.DependencyDescriptor.resolveCandidate(DependencyDescriptor.java:254)
	at org.springframework.beans.factory.support.DefaultListableBeanFactory.doResolveDependency(DefaultListableBeanFactory.java:1443)
	at org.springframework.beans.factory.support.DefaultListableBeanFactory.resolveDependency(DefaultListableBeanFactory.java:1353)
	at org.springframework.beans.factory.annotation.AutowiredAnnotationBeanPostProcessor$AutowiredFieldElement.resolveFieldValue(AutowiredAnnotationBeanPostProcessor.java:784)
	at org.springframework.beans.factory.annotation.AutowiredAnnotationBeanPostProcessor$AutowiredFieldElement.inject(AutowiredAnnotationBeanPostProcessor.java:767)
	at org.springframework.beans.factory.annotation.InjectionMetadata.inject(InjectionMetadata.java:145)
	at org.springframework.beans.factory.annotation.AutowiredAnnotationBeanPostProcessor.postProcessProperties(AutowiredAnnotationBeanPostProcessor.java:508)
	at org.springframework.beans.factory.support.AbstractAutowireCapableBeanFactory.populateBean(AbstractAutowireCapableBeanFactory.java:1419)
	at org.springframework.beans.factory.support.AbstractAutowireCapableBeanFactory.doCreateBean(AbstractAutowireCapableBeanFactory.java:599)
	at org.springframework.beans.factory.support.AbstractAutowireCapableBeanFactory.createBean(AbstractAutowireCapableBeanFactory.java:522)
	at org.springframework.beans.factory.support.AbstractBeanFactory.lambda$doGetBean$0(AbstractBeanFactory.java:326)
	at org.springframework.beans.factory.support.DefaultSingletonBeanRegistry.getSingleton(DefaultSingletonBeanRegistry.java:234)
	at org.springframework.beans.factory.support.AbstractBeanFactory.doGetBean(AbstractBeanFactory.java:324)
	at org.springframework.beans.factory.support.AbstractBeanFactory.getBean(AbstractBeanFactory.java:200)
	at org.springframework.beans.factory.config.DependencyDescriptor.resolveCandidate(DependencyDescriptor.java:254)
	at org.springframework.beans.factory.support.DefaultListableBeanFactory.doResolveDependency(DefaultListableBeanFactory.java:1443)
	at org.springframework.beans.factory.support.DefaultListableBeanFactory.resolveDependency(DefaultListableBeanFactory.java:1353)
	at org.springframework.beans.factory.annotation.AutowiredAnnotationBeanPostProcessor$AutowiredFieldElement.resolveFieldValue(AutowiredAnnotationBeanPostProcessor.java:784)
	at org.springframework.beans.factory.annotation.AutowiredAnnotationBeanPostProcessor$AutowiredFieldElement.inject(AutowiredAnnotationBeanPostProcessor.java:767)
	at org.springframework.beans.factory.annotation.InjectionMetadata.inject(InjectionMetadata.java:145)
	at org.springframework.beans.factory.annotation.AutowiredAnnotationBeanPostProcessor.postProcessProperties(AutowiredAnnotationBeanPostProcessor.java:508)
	at org.springframework.beans.factory.support.AbstractAutowireCapableBeanFactory.populateBean(AbstractAutowireCapableBeanFactory.java:1419)
	at org.springframework.beans.factory.support.AbstractAutowireCapableBeanFactory.doCreateBean(AbstractAutowireCapableBeanFactory.java:599)
	at org.springframework.beans.factory.support.AbstractAutowireCapableBeanFactory.createBean(AbstractAutowireCapableBeanFactory.java:522)
	at org.springframework.beans.factory.support.AbstractBeanFactory.lambda$doGetBean$0(AbstractBeanFactory.java:326)
	at org.springframework.beans.factory.support.DefaultSingletonBeanRegistry.getSingleton(DefaultSingletonBeanRegistry.java:234)
	at org.springframework.beans.factory.support.AbstractBeanFactory.doGetBean(AbstractBeanFactory.java:324)
	at org.springframework.beans.factory.support.AbstractBeanFactory.getBean(AbstractBeanFactory.java:205)
	at org.springframework.boot.web.servlet.ServletContextInitializerBeans.getOrderedBeansOfType(ServletContextInitializerBeans.java:210)
	at org.springframework.boot.web.servlet.ServletContextInitializerBeans.addAsRegistrationBean(ServletContextInitializerBeans.java:173)
	at org.springframework.boot.web.servlet.ServletContextInitializerBeans.addAsRegistrationBean(ServletContextInitializerBeans.java:168)
	at org.springframework.boot.web.servlet.ServletContextInitializerBeans.addAdaptableBeans(ServletContextInitializerBeans.java:153)
	at org.springframework.boot.web.servlet.ServletContextInitializerBeans.<init>(ServletContextInitializerBeans.java:86)
	at org.springframework.boot.web.servlet.context.ServletWebServerApplicationContext.getServletContextInitializerBeans(ServletWebServerApplicationContext.java:266)
	at org.springframework.boot.web.servlet.context.ServletWebServerApplicationContext.selfInitialize(ServletWebServerApplicationContext.java:240)
	at org.springframework.boot.web.embedded.tomcat.TomcatStarter.onStartup(TomcatStarter.java:52)
	at org.apache.catalina.core.StandardContext.startInternal(StandardContext.java:4866)
	at org.apache.catalina.util.LifecycleBase.start(LifecycleBase.java:171)
	at org.apache.catalina.core.ContainerBase$StartChild.call(ContainerBase.java:1332)
	at org.apache.catalina.core.ContainerBase$StartChild.call(ContainerBase.java:1322)
	at java.base/java.util.concurrent.FutureTask.run(FutureTask.java:317)
	at org.apache.tomcat.util.threads.InlineExecutorService.execute(InlineExecutorService.java:75)
	at java.base/java.util.concurrent.AbstractExecutorService.submit(AbstractExecutorService.java:145)
	at org.apache.catalina.core.ContainerBase.startInternal(ContainerBase.java:866)
	at org.apache.catalina.core.StandardHost.startInternal(StandardHost.java:845)
	at org.apache.catalina.util.LifecycleBase.start(LifecycleBase.java:171)
	at org.apache.catalina.core.ContainerBase$StartChild.call(ContainerBase.java:1332)
	at org.apache.catalina.core.ContainerBase$StartChild.call(ContainerBase.java:1322)
	at java.base/java.util.concurrent.FutureTask.run(FutureTask.java:317)
	at org.apache.tomcat.util.threads.InlineExecutorService.execute(InlineExecutorService.java:75)
	at java.base/java.util.concurrent.AbstractExecutorService.submit(AbstractExecutorService.java:145)
	at org.apache.catalina.core.ContainerBase.startInternal(ContainerBase.java:866)
	at org.apache.catalina.core.StandardEngine.startInternal(StandardEngine.java:240)
	at org.apache.catalina.util.LifecycleBase.start(LifecycleBase.java:171)
	at org.apache.catalina.core.StandardService.startInternal(StandardService.java:433)
	at org.apache.catalina.util.LifecycleBase.start(LifecycleBase.java:171)
	at org.apache.catalina.core.StandardServer.startInternal(StandardServer.java:921)
	at org.apache.catalina.util.LifecycleBase.start(LifecycleBase.java:171)
	at org.apache.catalina.startup.Tomcat.start(Tomcat.java:437)
	at org.springframework.boot.web.embedded.tomcat.TomcatWebServer.initialize(TomcatWebServer.java:126)
	at org.springframework.boot.web.embedded.tomcat.TomcatWebServer.<init>(TomcatWebServer.java:105)
	at org.springframework.boot.web.embedded.tomcat.TomcatServletWebServerFactory.getTomcatWebServer(TomcatServletWebServerFactory.java:499)
	at org.springframework.boot.web.embedded.tomcat.TomcatServletWebServerFactory.getWebServer(TomcatServletWebServerFactory.java:218)
	at org.springframework.boot.web.servlet.context.ServletWebServerApplicationContext.createWebServer(ServletWebServerApplicationContext.java:188)
	at org.springframework.boot.web.servlet.context.ServletWebServerApplicationContext.onRefresh(ServletWebServerApplicationContext.java:162)
	at org.springframework.context.support.AbstractApplicationContext.refresh(AbstractApplicationContext.java:618)
	at org.springframework.boot.web.servlet.context.ServletWebServerApplicationContext.refresh(ServletWebServerApplicationContext.java:146)
	at org.springframework.boot.SpringApplication.refresh(SpringApplication.java:754)
	at org.springframework.boot.SpringApplication.refreshContext(SpringApplication.java:456)
	at org.springframework.boot.SpringApplication.run(SpringApplication.java:334)
	at org.springframework.boot.SpringApplication.run(SpringApplication.java:1354)
	at org.springframework.boot.SpringApplication.run(SpringApplication.java:1343)
	at com.hotel.hotel_backend.HotelBackendApplication.main(HotelBackendApplication.java:10)
Caused by: com.mysql.cj.exceptions.UnableToConnectException: Public Key Retrieval is not allowed
	at java.base/jdk.internal.reflect.DirectConstructorHandleAccessor.newInstance(DirectConstructorHandleAccessor.java:62)
	at java.base/java.lang.reflect.Constructor.newInstanceWithCaller(Constructor.java:502)
	at java.base/java.lang.reflect.Constructor.newInstance(Constructor.java:486)
	at com.mysql.cj.exceptions.ExceptionFactory.createException(ExceptionFactory.java:61)
	at com.mysql.cj.exceptions.ExceptionFactory.createException(ExceptionFactory.java:85)
	at com.mysql.cj.protocol.a.authentication.CachingSha2PasswordPlugin.nextAuthenticationStep(CachingSha2PasswordPlugin.java:131)
	at com.mysql.cj.protocol.a.authentication.CachingSha2PasswordPlugin.nextAuthenticationStep(CachingSha2PasswordPlugin.java:49)
	at com.mysql.cj.protocol.a.NativeAuthenticationProvider.proceedHandshakeWithPluggableAuthentication(NativeAuthenticationProvider.java:446)
	at com.mysql.cj.protocol.a.NativeAuthenticationProvider.connect(NativeAuthenticationProvider.java:215)
	at com.mysql.cj.protocol.a.NativeProtocol.connect(NativeProtocol.java:1428)
	at com.mysql.cj.NativeSession.connect(NativeSession.java:133)
	at com.mysql.cj.jdbc.ConnectionImpl.connectOneTryOnly(ConnectionImpl.java:935)
	at com.mysql.cj.jdbc.ConnectionImpl.createNewIO(ConnectionImpl.java:805)
	... 139 common frames omitted
2026-04-02 10:33:46 [main] WARN  o.h.e.jdbc.spi.SqlExceptionHelper - SQL Error: 0, SQLState: 08001
2026-04-02 10:33:46 [main] ERROR o.h.e.jdbc.spi.SqlExceptionHelper - Public Key Retrieval is not allowed
2026-04-02 10:33:46 [main] ERROR o.s.o.j.LocalContainerEntityManagerFactoryBean - Failed to initialize JPA EntityManagerFactory: [PersistenceUnit: default] Unable to build Hibernate SessionFactory; nested exception is org.hibernate.exception.JDBCConnectionException: Unable to open JDBC Connection for DDL execution [Public Key Retrieval is not allowed] [n/a]
2026-04-02 10:33:46 [main] ERROR o.s.b.w.e.tomcat.TomcatStarter - Error starting Tomcat context. Exception: org.springframework.beans.factory.UnsatisfiedDependencyException. Message: Error creating bean with name 'JWTAuthFilter': Unsatisfied dependency expressed through field 'customUserDetailsService': Error creating bean with name 'customUserDetailsService': Unsatisfied dependency expressed through field 'userRepository': Error creating bean with name 'userRepository' defined in com.hotel.hotel_backend.repository.UserRepository defined in @EnableJpaRepositories declared on JpaRepositoriesRegistrar.EnableJpaRepositoriesConfiguration: Cannot resolve reference to bean 'jpaSharedEM_entityManagerFactory' while setting bean property 'entityManager'
2026-04-02 10:33:46 [main] INFO  o.a.catalina.core.StandardService - Stopping service [Tomcat]
2026-04-02 10:33:46 [main] WARN  o.s.b.w.s.c.AnnotationConfigServletWebServerApplicationContext - Exception encountered during context initialization - cancelling refresh attempt: org.springframework.context.ApplicationContextException: Unable to start web server
2026-04-02 10:33:46 [main] INFO  o.s.b.a.l.ConditionEvaluationReportLogger - 

Error starting ApplicationContext. To display the condition evaluation report re-run your application with 'debug' enabled.
2026-04-02 10:33:46 [main] ERROR o.s.boot.SpringApplication - Application run failed
org.springframework.context.ApplicationContextException: Unable to start web server
	at org.springframework.boot.web.servlet.context.ServletWebServerApplicationContext.onRefresh(ServletWebServerApplicationContext.java:165)
	at org.springframework.context.support.AbstractApplicationContext.refresh(AbstractApplicationContext.java:618)
	at org.springframework.boot.web.servlet.context.ServletWebServerApplicationContext.refresh(ServletWebServerApplicationContext.java:146)
	at org.springframework.boot.SpringApplication.refresh(SpringApplication.java:754)
	at org.springframework.boot.SpringApplication.refreshContext(SpringApplication.java:456)
	at org.springframework.boot.SpringApplication.run(SpringApplication.java:334)
	at org.springframework.boot.SpringApplication.run(SpringApplication.java:1354)
	at org.springframework.boot.SpringApplication.run(SpringApplication.java:1343)
	at com.hotel.hotel_backend.HotelBackendApplication.main(HotelBackendApplication.java:10)
Caused by: org.springframework.boot.web.server.WebServerException: Unable to start embedded Tomcat
	at org.springframework.boot.web.embedded.tomcat.TomcatWebServer.initialize(TomcatWebServer.java:145)
	at org.springframework.boot.web.embedded.tomcat.TomcatWebServer.<init>(TomcatWebServer.java:105)
	at org.springframework.boot.web.embedded.tomcat.TomcatServletWebServerFactory.getTomcatWebServer(TomcatServletWebServerFactory.java:499)
	at org.springframework.boot.web.embedded.tomcat.TomcatServletWebServerFactory.getWebServer(TomcatServletWebServerFactory.java:218)
	at org.springframework.boot.web.servlet.context.ServletWebServerApplicationContext.createWebServer(ServletWebServerApplicationContext.java:188)
	at org.springframework.boot.web.servlet.context.ServletWebServerApplicationContext.onRefresh(ServletWebServerApplicationContext.java:162)
	... 8 common frames omitted
Caused by: org.springframework.beans.factory.UnsatisfiedDependencyException: Error creating bean with name 'JWTAuthFilter': Unsatisfied dependency expressed through field 'customUserDetailsService': Error creating bean with name 'customUserDetailsService': Unsatisfied dependency expressed through field 'userRepository': Error creating bean with name 'userRepository' defined in com.hotel.hotel_backend.repository.UserRepository defined in @EnableJpaRepositories declared on JpaRepositoriesRegistrar.EnableJpaRepositoriesConfiguration: Cannot resolve reference to bean 'jpaSharedEM_entityManagerFactory' while setting bean property 'entityManager'
	at org.springframework.beans.factory.annotation.AutowiredAnnotationBeanPostProcessor$AutowiredFieldElement.resolveFieldValue(AutowiredAnnotationBeanPostProcessor.java:787)
	at org.springframework.beans.factory.annotation.AutowiredAnnotationBeanPostProcessor$AutowiredFieldElement.inject(AutowiredAnnotationBeanPostProcessor.java:767)
	at org.springframework.beans.factory.annotation.InjectionMetadata.inject(InjectionMetadata.java:145)
	at org.springframework.beans.factory.annotation.AutowiredAnnotationBeanPostProcessor.postProcessProperties(AutowiredAnnotationBeanPostProcessor.java:508)
	at org.springframework.beans.factory.support.AbstractAutowireCapableBeanFactory.populateBean(AbstractAutowireCapableBeanFactory.java:1419)
	at org.springframework.beans.factory.support.AbstractAutowireCapableBeanFactory.doCreateBean(AbstractAutowireCapableBeanFactory.java:599)
	at org.springframework.beans.factory.support.AbstractAutowireCapableBeanFactory.createBean(AbstractAutowireCapableBeanFactory.java:522)
	at org.springframework.beans.factory.support.AbstractBeanFactory.lambda$doGetBean$0(AbstractBeanFactory.java:326)
	at org.springframework.beans.factory.support.DefaultSingletonBeanRegistry.getSingleton(DefaultSingletonBeanRegistry.java:234)
	at org.springframework.beans.factory.support.AbstractBeanFactory.doGetBean(AbstractBeanFactory.java:324)
	at org.springframework.beans.factory.support.AbstractBeanFactory.getBean(AbstractBeanFactory.java:205)
	at org.springframework.boot.web.servlet.ServletContextInitializerBeans.getOrderedBeansOfType(ServletContextInitializerBeans.java:210)
	at org.springframework.boot.web.servlet.ServletContextInitializerBeans.addAsRegistrationBean(ServletContextInitializerBeans.java:173)
	at org.springframework.boot.web.servlet.ServletContextInitializerBeans.addAsRegistrationBean(ServletContextInitializerBeans.java:168)
	at org.springframework.boot.web.servlet.ServletContextInitializerBeans.addAdaptableBeans(ServletContextInitializerBeans.java:153)
	at org.springframework.boot.web.servlet.ServletContextInitializerBeans.<init>(ServletContextInitializerBeans.java:86)
	at org.springframework.boot.web.servlet.context.ServletWebServerApplicationContext.getServletContextInitializerBeans(ServletWebServerApplicationContext.java:266)
	at org.springframework.boot.web.servlet.context.ServletWebServerApplicationContext.selfInitialize(ServletWebServerApplicationContext.java:240)
	at org.springframework.boot.web.embedded.tomcat.TomcatStarter.onStartup(TomcatStarter.java:52)
	at org.apache.catalina.core.StandardContext.startInternal(StandardContext.java:4866)
	at org.apache.catalina.util.LifecycleBase.start(LifecycleBase.java:171)
	at org.apache.catalina.core.ContainerBase$StartChild.call(ContainerBase.java:1332)
	at org.apache.catalina.core.ContainerBase$StartChild.call(ContainerBase.java:1322)
	at java.base/java.util.concurrent.FutureTask.run(FutureTask.java:317)
	at org.apache.tomcat.util.threads.InlineExecutorService.execute(InlineExecutorService.java:75)
	at java.base/java.util.concurrent.AbstractExecutorService.submit(AbstractExecutorService.java:145)
	at org.apache.catalina.core.ContainerBase.startInternal(ContainerBase.java:866)
	at org.apache.catalina.core.StandardHost.startInternal(StandardHost.java:845)
	at org.apache.catalina.util.LifecycleBase.start(LifecycleBase.java:171)
	at org.apache.catalina.core.ContainerBase$StartChild.call(ContainerBase.java:1332)
	at org.apache.catalina.core.ContainerBase$StartChild.call(ContainerBase.java:1322)
	at java.base/java.util.concurrent.FutureTask.run(FutureTask.java:317)
	at org.apache.tomcat.util.threads.InlineExecutorService.execute(InlineExecutorService.java:75)
	at java.base/java.util.concurrent.AbstractExecutorService.submit(AbstractExecutorService.java:145)
	at org.apache.catalina.core.ContainerBase.startInternal(ContainerBase.java:866)
	at org.apache.catalina.core.StandardEngine.startInternal(StandardEngine.java:240)
	at org.apache.catalina.util.LifecycleBase.start(LifecycleBase.java:171)
	at org.apache.catalina.core.StandardService.startInternal(StandardService.java:433)
	at org.apache.catalina.util.LifecycleBase.start(LifecycleBase.java:171)
	at org.apache.catalina.core.StandardServer.startInternal(StandardServer.java:921)
	at org.apache.catalina.util.LifecycleBase.start(LifecycleBase.java:171)
	at org.apache.catalina.startup.Tomcat.start(Tomcat.java:437)
	at org.springframework.boot.web.embedded.tomcat.TomcatWebServer.initialize(TomcatWebServer.java:126)
	... 13 common frames omitted
Caused by: org.springframework.beans.factory.UnsatisfiedDependencyException: Error creating bean with name 'customUserDetailsService': Unsatisfied dependency expressed through field 'userRepository': Error creating bean with name 'userRepository' defined in com.hotel.hotel_backend.repository.UserRepository defined in @EnableJpaRepositories declared on JpaRepositoriesRegistrar.EnableJpaRepositoriesConfiguration: Cannot resolve reference to bean 'jpaSharedEM_entityManagerFactory' while setting bean property 'entityManager'
	at org.springframework.beans.factory.annotation.AutowiredAnnotationBeanPostProcessor$AutowiredFieldElement.resolveFieldValue(AutowiredAnnotationBeanPostProcessor.java:787)
	at org.springframework.beans.factory.annotation.AutowiredAnnotationBeanPostProcessor$AutowiredFieldElement.inject(AutowiredAnnotationBeanPostProcessor.java:767)
	at org.springframework.beans.factory.annotation.InjectionMetadata.inject(InjectionMetadata.java:145)
	at org.springframework.beans.factory.annotation.AutowiredAnnotationBeanPostProcessor.postProcessProperties(AutowiredAnnotationBeanPostProcessor.java:508)
	at org.springframework.beans.factory.support.AbstractAutowireCapableBeanFactory.populateBean(AbstractAutowireCapableBeanFactory.java:1419)
	at org.springframework.beans.factory.support.AbstractAutowireCapableBeanFactory.doCreateBean(AbstractAutowireCapableBeanFactory.java:599)
	at org.springframework.beans.factory.support.AbstractAutowireCapableBeanFactory.createBean(AbstractAutowireCapableBeanFactory.java:522)
	at org.springframework.beans.factory.support.AbstractBeanFactory.lambda$doGetBean$0(AbstractBeanFactory.java:326)
	at org.springframework.beans.factory.support.DefaultSingletonBeanRegistry.getSingleton(DefaultSingletonBeanRegistry.java:234)
	at org.springframework.beans.factory.support.AbstractBeanFactory.doGetBean(AbstractBeanFactory.java:324)
	at org.springframework.beans.factory.support.AbstractBeanFactory.getBean(AbstractBeanFactory.java:200)
	at org.springframework.beans.factory.config.DependencyDescriptor.resolveCandidate(DependencyDescriptor.java:254)
	at org.springframework.beans.factory.support.DefaultListableBeanFactory.doResolveDependency(DefaultListableBeanFactory.java:1443)
	at org.springframework.beans.factory.support.DefaultListableBeanFactory.resolveDependency(DefaultListableBeanFactory.java:1353)
	at org.springframework.beans.factory.annotation.AutowiredAnnotationBeanPostProcessor$AutowiredFieldElement.resolveFieldValue(AutowiredAnnotationBeanPostProcessor.java:784)
	... 55 common frames omitted
Caused by: org.springframework.beans.factory.BeanCreationException: Error creating bean with name 'userRepository' defined in com.hotel.hotel_backend.repository.UserRepository defined in @EnableJpaRepositories declared on JpaRepositoriesRegistrar.EnableJpaRepositoriesConfiguration: Cannot resolve reference to bean 'jpaSharedEM_entityManagerFactory' while setting bean property 'entityManager'
	at org.springframework.beans.factory.support.BeanDefinitionValueResolver.resolveReference(BeanDefinitionValueResolver.java:377)
	at org.springframework.beans.factory.support.BeanDefinitionValueResolver.resolveValueIfNecessary(BeanDefinitionValueResolver.java:135)
	at org.springframework.beans.factory.support.AbstractAutowireCapableBeanFactory.applyPropertyValues(AbstractAutowireCapableBeanFactory.java:1685)
	at org.springframework.beans.factory.support.AbstractAutowireCapableBeanFactory.populateBean(AbstractAutowireCapableBeanFactory.java:1434)
	at org.springframework.beans.factory.support.AbstractAutowireCapableBeanFactory.doCreateBean(AbstractAutowireCapableBeanFactory.java:599)
	at org.springframework.beans.factory.support.AbstractAutowireCapableBeanFactory.createBean(AbstractAutowireCapableBeanFactory.java:522)
	at org.springframework.beans.factory.support.AbstractBeanFactory.lambda$doGetBean$0(AbstractBeanFactory.java:326)
	at org.springframework.beans.factory.support.DefaultSingletonBeanRegistry.getSingleton(DefaultSingletonBeanRegistry.java:234)
	at org.springframework.beans.factory.support.AbstractBeanFactory.doGetBean(AbstractBeanFactory.java:324)
	at org.springframework.beans.factory.support.AbstractBeanFactory.getBean(AbstractBeanFactory.java:200)
	at org.springframework.beans.factory.config.DependencyDescriptor.resolveCandidate(DependencyDescriptor.java:254)
	at org.springframework.beans.factory.support.DefaultListableBeanFactory.doResolveDependency(DefaultListableBeanFactory.java:1443)
	at org.springframework.beans.factory.support.DefaultListableBeanFactory.resolveDependency(DefaultListableBeanFactory.java:1353)
	at org.springframework.beans.factory.annotation.AutowiredAnnotationBeanPostProcessor$AutowiredFieldElement.resolveFieldValue(AutowiredAnnotationBeanPostProcessor.java:784)
	... 69 common frames omitted
Caused by: org.springframework.beans.factory.BeanCreationException: Error creating bean with name 'jpaSharedEM_entityManagerFactory': Cannot resolve reference to bean 'entityManagerFactory' while setting constructor argument
	at org.springframework.beans.factory.support.BeanDefinitionValueResolver.resolveReference(BeanDefinitionValueResolver.java:377)
	at org.springframework.beans.factory.support.BeanDefinitionValueResolver.resolveValueIfNecessary(BeanDefinitionValueResolver.java:135)
	at org.springframework.beans.factory.support.ConstructorResolver.resolveConstructorArguments(ConstructorResolver.java:682)
	at org.springframework.beans.factory.support.ConstructorResolver.instantiateUsingFactoryMethod(ConstructorResolver.java:509)
	at org.springframework.beans.factory.support.AbstractAutowireCapableBeanFactory.instantiateUsingFactoryMethod(AbstractAutowireCapableBeanFactory.java:1335)
	at org.springframework.beans.factory.support.AbstractAutowireCapableBeanFactory.createBeanInstance(AbstractAutowireCapableBeanFactory.java:1165)
	at org.springframework.beans.factory.support.AbstractAutowireCapableBeanFactory.doCreateBean(AbstractAutowireCapableBeanFactory.java:562)
	at org.springframework.beans.factory.support.AbstractAutowireCapableBeanFactory.createBean(AbstractAutowireCapableBeanFactory.java:522)
	at org.springframework.beans.factory.support.AbstractBeanFactory.lambda$doGetBean$0(AbstractBeanFactory.java:326)
	at org.springframework.beans.factory.support.DefaultSingletonBeanRegistry.getSingleton(DefaultSingletonBeanRegistry.java:234)
	at org.springframework.beans.factory.support.AbstractBeanFactory.doGetBean(AbstractBeanFactory.java:324)
	at org.springframework.beans.factory.support.AbstractBeanFactory.getBean(AbstractBeanFactory.java:200)
	at org.springframework.beans.factory.support.BeanDefinitionValueResolver.resolveReference(BeanDefinitionValueResolver.java:365)
	... 82 common frames omitted
Caused by: org.springframework.beans.factory.BeanCreationException: Error creating bean with name 'entityManagerFactory' defined in class path resource [org/springframework/boot/autoconfigure/orm/jpa/HibernateJpaConfiguration.class]: [PersistenceUnit: default] Unable to build Hibernate SessionFactory; nested exception is org.hibernate.exception.JDBCConnectionException: Unable to open JDBC Connection for DDL execution [Public Key Retrieval is not allowed] [n/a]
	at org.springframework.beans.factory.support.AbstractAutowireCapableBeanFactory.initializeBean(AbstractAutowireCapableBeanFactory.java:1786)
	at org.springframework.beans.factory.support.AbstractAutowireCapableBeanFactory.doCreateBean(AbstractAutowireCapableBeanFactory.java:600)
	at org.springframework.beans.factory.support.AbstractAutowireCapableBeanFactory.createBean(AbstractAutowireCapableBeanFactory.java:522)
	at org.springframework.beans.factory.support.AbstractBeanFactory.lambda$doGetBean$0(AbstractBeanFactory.java:326)
	at org.springframework.beans.factory.support.DefaultSingletonBeanRegistry.getSingleton(DefaultSingletonBeanRegistry.java:234)
	at org.springframework.beans.factory.support.AbstractBeanFactory.doGetBean(AbstractBeanFactory.java:324)
	at org.springframework.beans.factory.support.AbstractBeanFactory.getBean(AbstractBeanFactory.java:200)
	at org.springframework.beans.factory.support.BeanDefinitionValueResolver.resolveReference(BeanDefinitionValueResolver.java:365)
	... 94 common frames omitted
Caused by: jakarta.persistence.PersistenceException: [PersistenceUnit: default] Unable to build Hibernate SessionFactory; nested exception is org.hibernate.exception.JDBCConnectionException: Unable to open JDBC Connection for DDL execution [Public Key Retrieval is not allowed] [n/a]
	at org.springframework.orm.jpa.AbstractEntityManagerFactoryBean.buildNativeEntityManagerFactory(AbstractEntityManagerFactoryBean.java:421)
	at org.springframework.orm.jpa.AbstractEntityManagerFactoryBean.afterPropertiesSet(AbstractEntityManagerFactoryBean.java:396)
	at org.springframework.orm.jpa.LocalContainerEntityManagerFactoryBean.afterPropertiesSet(LocalContainerEntityManagerFactoryBean.java:366)
	at org.springframework.beans.factory.support.AbstractAutowireCapableBeanFactory.invokeInitMethods(AbstractAutowireCapableBeanFactory.java:1833)
	at org.springframework.beans.factory.support.AbstractAutowireCapableBeanFactory.initializeBean(AbstractAutowireCapableBeanFactory.java:1782)
	... 101 common frames omitted
Caused by: org.hibernate.exception.JDBCConnectionException: Unable to open JDBC Connection for DDL execution [Public Key Retrieval is not allowed] [n/a]
	at org.hibernate.exception.internal.SQLExceptionTypeDelegate.convert(SQLExceptionTypeDelegate.java:51)
	at org.hibernate.exception.internal.StandardSQLExceptionConverter.convert(StandardSQLExceptionConverter.java:58)
	at org.hibernate.engine.jdbc.spi.SqlExceptionHelper.convert(SqlExceptionHelper.java:108)
	at org.hibernate.engine.jdbc.spi.SqlExceptionHelper.convert(SqlExceptionHelper.java:94)
	at org.hibernate.resource.transaction.backend.jdbc.internal.DdlTransactionIsolatorNonJtaImpl.getIsolatedConnection(DdlTransactionIsolatorNonJtaImpl.java:74)
	at org.hibernate.resource.transaction.backend.jdbc.internal.DdlTransactionIsolatorNonJtaImpl.getIsolatedConnection(DdlTransactionIsolatorNonJtaImpl.java:39)
	at org.hibernate.tool.schema.internal.exec.ImprovedExtractionContextImpl.getJdbcConnection(ImprovedExtractionContextImpl.java:63)
	at org.hibernate.tool.schema.internal.exec.ImprovedExtractionContextImpl.getJdbcDatabaseMetaData(ImprovedExtractionContextImpl.java:70)
	at org.hibernate.tool.schema.extract.internal.InformationExtractorJdbcDatabaseMetaDataImpl.processTableResultSet(InformationExtractorJdbcDatabaseMetaDataImpl.java:64)
	at org.hibernate.tool.schema.extract.internal.AbstractInformationExtractorImpl.getTables(AbstractInformationExtractorImpl.java:570)
	at org.hibernate.tool.schema.extract.internal.DatabaseInformationImpl.getTablesInformation(DatabaseInformationImpl.java:122)
	at org.hibernate.tool.schema.internal.GroupedSchemaMigratorImpl.performTablesMigration(GroupedSchemaMigratorImpl.java:72)
	at org.hibernate.tool.schema.internal.AbstractSchemaMigrator.performMigration(AbstractSchemaMigrator.java:232)
	at org.hibernate.tool.schema.internal.AbstractSchemaMigrator.doMigration(AbstractSchemaMigrator.java:117)
	at org.hibernate.tool.schema.spi.SchemaManagementToolCoordinator.performDatabaseAction(SchemaManagementToolCoordinator.java:286)
	at org.hibernate.tool.schema.spi.SchemaManagementToolCoordinator.lambda$process$5(SchemaManagementToolCoordinator.java:145)
	at java.base/java.util.HashMap.forEach(HashMap.java:1429)
	at org.hibernate.tool.schema.spi.SchemaManagementToolCoordinator.process(SchemaManagementToolCoordinator.java:142)
	at org.hibernate.boot.internal.SessionFactoryObserverForSchemaExport.sessionFactoryCreated(SessionFactoryObserverForSchemaExport.java:37)
	at org.hibernate.internal.SessionFactoryObserverChain.sessionFactoryCreated(SessionFactoryObserverChain.java:35)
	at org.hibernate.internal.SessionFactoryImpl.<init>(SessionFactoryImpl.java:315)
	at org.hibernate.boot.internal.SessionFactoryBuilderImpl.build(SessionFactoryBuilderImpl.java:450)
	at org.hibernate.jpa.boot.internal.EntityManagerFactoryBuilderImpl.build(EntityManagerFactoryBuilderImpl.java:1507)
	at org.springframework.orm.jpa.vendor.SpringHibernateJpaPersistenceProvider.createContainerEntityManagerFactory(SpringHibernateJpaPersistenceProvider.java:75)
	at org.springframework.orm.jpa.LocalContainerEntityManagerFactoryBean.createNativeEntityManagerFactory(LocalContainerEntityManagerFactoryBean.java:390)
	at org.springframework.orm.jpa.AbstractEntityManagerFactoryBean.buildNativeEntityManagerFactory(AbstractEntityManagerFactoryBean.java:409)
	... 105 common frames omitted
Caused by: java.sql.SQLNonTransientConnectionException: Public Key Retrieval is not allowed
	at com.mysql.cj.jdbc.exceptions.SQLError.createSQLException(SQLError.java:111)
	at com.mysql.cj.jdbc.exceptions.SQLExceptionsMapping.translateException(SQLExceptionsMapping.java:122)
	at com.mysql.cj.jdbc.ConnectionImpl.createNewIO(ConnectionImpl.java:815)
	at com.mysql.cj.jdbc.ConnectionImpl.<init>(ConnectionImpl.java:438)
	at com.mysql.cj.jdbc.ConnectionImpl.getInstance(ConnectionImpl.java:241)
	at com.mysql.cj.jdbc.NonRegisteringDriver.connect(NonRegisteringDriver.java:189)
	at com.zaxxer.hikari.util.DriverDataSource.getConnection(DriverDataSource.java:138)
	at com.zaxxer.hikari.pool.PoolBase.newConnection(PoolBase.java:359)
	at com.zaxxer.hikari.pool.PoolBase.newPoolEntry(PoolBase.java:201)
	at com.zaxxer.hikari.pool.HikariPool.createPoolEntry(HikariPool.java:470)
	at com.zaxxer.hikari.pool.HikariPool.checkFailFast(HikariPool.java:561)
	at com.zaxxer.hikari.pool.HikariPool.<init>(HikariPool.java:100)
	at com.zaxxer.hikari.HikariDataSource.getConnection(HikariDataSource.java:112)
	at org.hibernate.engine.jdbc.connections.internal.DatasourceConnectionProviderImpl.getConnection(DatasourceConnectionProviderImpl.java:122)
	at org.hibernate.engine.jdbc.env.internal.JdbcEnvironmentInitiator$ConnectionProviderJdbcConnectionAccess.obtainConnection(JdbcEnvironmentInitiator.java:428)
	at org.hibernate.resource.transaction.backend.jdbc.internal.DdlTransactionIsolatorNonJtaImpl.getIsolatedConnection(DdlTransactionIsolatorNonJtaImpl.java:46)
	... 126 common frames omitted
Caused by: com.mysql.cj.exceptions.UnableToConnectException: Public Key Retrieval is not allowed
	at java.base/jdk.internal.reflect.DirectConstructorHandleAccessor.newInstance(DirectConstructorHandleAccessor.java:62)
	at java.base/java.lang.reflect.Constructor.newInstanceWithCaller(Constructor.java:502)
	at java.base/java.lang.reflect.Constructor.newInstance(Constructor.java:486)
	at com.mysql.cj.exceptions.ExceptionFactory.createException(ExceptionFactory.java:61)
	at com.mysql.cj.exceptions.ExceptionFactory.createException(ExceptionFactory.java:85)
	at com.mysql.cj.protocol.a.authentication.CachingSha2PasswordPlugin.nextAuthenticationStep(CachingSha2PasswordPlugin.java:131)
	at com.mysql.cj.protocol.a.authentication.CachingSha2PasswordPlugin.nextAuthenticationStep(CachingSha2PasswordPlugin.java:49)
	at com.mysql.cj.protocol.a.NativeAuthenticationProvider.proceedHandshakeWithPluggableAuthentication(NativeAuthenticationProvider.java:446)
	at com.mysql.cj.protocol.a.NativeAuthenticationProvider.connect(NativeAuthenticationProvider.java:215)
	at com.mysql.cj.protocol.a.NativeProtocol.connect(NativeProtocol.java:1428)
	at com.mysql.cj.NativeSession.connect(NativeSession.java:133)
	at com.mysql.cj.jdbc.ConnectionImpl.connectOneTryOnly(ConnectionImpl.java:935)
	at com.mysql.cj.jdbc.ConnectionImpl.createNewIO(ConnectionImpl.java:805)
	... 139 common frames omitted
2026-04-02 10:35:09 [main] INFO  c.h.h.HotelBackendApplication - Starting HotelBackendApplication using Java 21.0.10 with PID 2404 (C:\Users\girid\Desktop\HotelBooking\hotel-backend\target\classes started by girid in C:\Users\girid\Desktop\HotelBooking\hotel-backend)
2026-04-02 10:35:09 [main] DEBUG c.h.h.HotelBackendApplication - Running with Spring Boot v3.2.4, Spring v6.1.5
2026-04-02 10:35:09 [main] INFO  c.h.h.HotelBackendApplication - No active profile set, falling back to 1 default profile: "default"
2026-04-02 10:35:09 [main] INFO  o.s.d.r.c.RepositoryConfigurationDelegate - Bootstrapping Spring Data JPA repositories in DEFAULT mode.
2026-04-02 10:35:09 [main] INFO  o.s.d.r.c.RepositoryConfigurationDelegate - Finished Spring Data repository scanning in 40 ms. Found 4 JPA repository interfaces.
2026-04-02 10:35:10 [main] INFO  o.s.b.w.e.tomcat.TomcatWebServer - Tomcat initialized with port 8080 (http)
2026-04-02 10:35:10 [main] INFO  o.a.catalina.core.StandardService - Starting service [Tomcat]
2026-04-02 10:35:10 [main] INFO  o.a.catalina.core.StandardEngine - Starting Servlet engine: [Apache Tomcat/10.1.19]
2026-04-02 10:35:10 [main] INFO  o.a.c.c.C.[Tomcat].[localhost].[/] - Initializing Spring embedded WebApplicationContext
2026-04-02 10:35:10 [main] INFO  o.s.b.w.s.c.ServletWebServerApplicationContext - Root WebApplicationContext: initialization completed in 934 ms
2026-04-02 10:35:10 [main] INFO  o.h.jpa.internal.util.LogHelper - HHH000204: Processing PersistenceUnitInfo [name: default]
2026-04-02 10:35:10 [main] INFO  org.hibernate.Version - HHH000412: Hibernate ORM core version 6.4.4.Final
2026-04-02 10:35:10 [main] INFO  o.h.c.i.RegionFactoryInitiator - HHH000026: Second-level cache disabled
2026-04-02 10:35:10 [main] INFO  o.s.o.j.p.SpringPersistenceUnitInfo - No LoadTimeWeaver setup: ignoring JPA class transformer
2026-04-02 10:35:10 [main] INFO  com.zaxxer.hikari.HikariDataSource - HikariPool-1 - Starting...
2026-04-02 10:35:10 [main] INFO  com.zaxxer.hikari.pool.HikariPool - HikariPool-1 - Added connection com.mysql.cj.jdbc.ConnectionImpl@1fee4278
2026-04-02 10:35:10 [main] INFO  com.zaxxer.hikari.HikariDataSource - HikariPool-1 - Start completed.
2026-04-02 10:35:10 [main] WARN  org.hibernate.orm.deprecation - HHH90000025: MySQLDialect does not need to be specified explicitly using 'hibernate.dialect' (remove the property setting and it will be selected by default)
2026-04-02 10:35:11 [main] INFO  o.h.e.t.j.p.i.JtaPlatformInitiator - HHH000489: No JTA platform available (set 'hibernate.transaction.jta.platform' to enable JTA platform integration)
2026-04-02 10:35:11 [main] INFO  o.s.o.j.LocalContainerEntityManagerFactoryBean - Initialized JPA EntityManagerFactory for persistence unit 'default'
2026-04-02 10:35:11 [main] DEBUG c.h.h.config.JWTAuthFilter - Filter 'JWTAuthFilter' configured for use
2026-04-02 10:35:12 [main] WARN  o.s.b.a.o.j.JpaBaseConfiguration$JpaWebConfiguration - spring.jpa.open-in-view is enabled by default. Therefore, database queries may be performed during view rendering. Explicitly configure spring.jpa.open-in-view to disable this warning
2026-04-02 10:35:12 [main] INFO  o.s.s.web.DefaultSecurityFilterChain - Will secure any request with [org.springframework.security.web.session.DisableEncodeUrlFilter@32d3b965, org.springframework.security.web.context.request.async.WebAsyncManagerIntegrationFilter@7fb2645b, org.springframework.security.web.context.SecurityContextHolderFilter@45f4c27c, org.springframework.security.web.header.HeaderWriterFilter@5cbaafbd, org.springframework.web.filter.CorsFilter@16160a37, org.springframework.security.web.authentication.logout.LogoutFilter@4cb87009, com.hotel.hotel_backend.config.JWTAuthFilter@1c7fd2e0, org.springframework.security.web.savedrequest.RequestCacheAwareFilter@949165f, org.springframework.security.web.servletapi.SecurityContextHolderAwareRequestFilter@47f677a4, org.springframework.security.web.authentication.AnonymousAuthenticationFilter@380e470a, org.springframework.security.web.session.SessionManagementFilter@55a2ca5e, org.springframework.security.web.access.ExceptionTranslationFilter@4a6d6308, org.springframework.security.web.access.intercept.AuthorizationFilter@6ad4ef13]
2026-04-02 10:35:12 [main] INFO  o.s.b.w.e.tomcat.TomcatWebServer - Tomcat started on port 8080 (http) with context path ''
2026-04-02 10:35:12 [main] INFO  c.h.h.HotelBackendApplication - Started HotelBackendApplication in 3.528 seconds (process running for 3.746)
2026-04-02 10:35:59 [http-nio-8080-exec-1] INFO  o.a.c.c.C.[Tomcat].[localhost].[/] - Initializing Spring DispatcherServlet 'dispatcherServlet'
2026-04-02 10:35:59 [http-nio-8080-exec-1] INFO  o.s.web.servlet.DispatcherServlet - Initializing Servlet 'dispatcherServlet'
2026-04-02 10:35:59 [http-nio-8080-exec-1] INFO  o.s.web.servlet.DispatcherServlet - Completed initialization in 2 ms
2026-04-02 10:35:59 [http-nio-8080-exec-1] DEBUG o.s.security.web.FilterChainProxy - Securing GET /hotels/all
2026-04-02 10:35:59 [http-nio-8080-exec-1] DEBUG o.s.s.w.a.AnonymousAuthenticationFilter - Set SecurityContextHolder to anonymous SecurityContext
2026-04-02 10:35:59 [http-nio-8080-exec-1] DEBUG o.s.security.web.FilterChainProxy - Secured GET /hotels/all
2026-04-02 10:36:00 [http-nio-8080-exec-2] DEBUG o.s.security.web.FilterChainProxy - Securing GET /hotels/all
2026-04-02 10:36:00 [http-nio-8080-exec-2] DEBUG o.s.s.w.a.AnonymousAuthenticationFilter - Set SecurityContextHolder to anonymous SecurityContext
2026-04-02 10:36:00 [http-nio-8080-exec-2] DEBUG o.s.security.web.FilterChainProxy - Secured GET /hotels/all
2026-04-02 10:36:32 [http-nio-8080-exec-4] DEBUG o.s.security.web.FilterChainProxy - Securing OPTIONS /auth/register
2026-04-02 10:36:32 [http-nio-8080-exec-5] DEBUG o.s.security.web.FilterChainProxy - Securing POST /auth/register
2026-04-02 10:36:32 [http-nio-8080-exec-5] DEBUG o.s.s.w.a.AnonymousAuthenticationFilter - Set SecurityContextHolder to anonymous SecurityContext
2026-04-02 10:36:32 [http-nio-8080-exec-5] DEBUG o.s.security.web.FilterChainProxy - Secured POST /auth/register
2026-04-02 10:36:34 [http-nio-8080-exec-6] DEBUG o.s.security.web.FilterChainProxy - Securing POST /auth/register
2026-04-02 10:36:34 [http-nio-8080-exec-6] DEBUG o.s.s.w.a.AnonymousAuthenticationFilter - Set SecurityContextHolder to anonymous SecurityContext
2026-04-02 10:36:34 [http-nio-8080-exec-6] DEBUG o.s.security.web.FilterChainProxy - Secured POST /auth/register
2026-04-02 10:36:45 [http-nio-8080-exec-7] DEBUG o.s.security.web.FilterChainProxy - Securing OPTIONS /auth/login
2026-04-02 10:36:45 [http-nio-8080-exec-3] DEBUG o.s.security.web.FilterChainProxy - Securing POST /auth/login
2026-04-02 10:36:45 [http-nio-8080-exec-3] DEBUG o.s.s.w.a.AnonymousAuthenticationFilter - Set SecurityContextHolder to anonymous SecurityContext
2026-04-02 10:36:45 [http-nio-8080-exec-3] DEBUG o.s.security.web.FilterChainProxy - Secured POST /auth/login
2026-04-02 10:36:45 [http-nio-8080-exec-3] DEBUG o.s.s.a.d.DaoAuthenticationProvider - Failed to find user 'giridharyuvaraj07@gmail.com'
2026-04-02 10:36:57 [http-nio-8080-exec-8] DEBUG o.s.security.web.FilterChainProxy - Securing POST /auth/login
2026-04-02 10:36:57 [http-nio-8080-exec-8] DEBUG o.s.s.w.a.AnonymousAuthenticationFilter - Set SecurityContextHolder to anonymous SecurityContext
2026-04-02 10:36:57 [http-nio-8080-exec-8] DEBUG o.s.security.web.FilterChainProxy - Secured POST /auth/login
2026-04-02 10:36:57 [http-nio-8080-exec-8] DEBUG o.s.s.a.d.DaoAuthenticationProvider - Authenticated user
2026-04-02 10:36:58 [http-nio-8080-exec-9] DEBUG o.s.security.web.FilterChainProxy - Securing POST /auth/login
2026-04-02 10:36:58 [http-nio-8080-exec-9] DEBUG o.s.s.w.a.AnonymousAuthenticationFilter - Set SecurityContextHolder to anonymous SecurityContext
2026-04-02 10:36:58 [http-nio-8080-exec-9] DEBUG o.s.security.web.FilterChainProxy - Secured POST /auth/login
2026-04-02 10:36:58 [http-nio-8080-exec-9] DEBUG o.s.s.a.d.DaoAuthenticationProvider - Authenticated user
2026-04-02 10:36:58 [http-nio-8080-exec-10] DEBUG o.s.security.web.FilterChainProxy - Securing POST /auth/login
2026-04-02 10:36:58 [http-nio-8080-exec-10] DEBUG o.s.s.w.a.AnonymousAuthenticationFilter - Set SecurityContextHolder to anonymous SecurityContext
2026-04-02 10:36:58 [http-nio-8080-exec-10] DEBUG o.s.security.web.FilterChainProxy - Secured POST /auth/login
2026-04-02 10:36:58 [http-nio-8080-exec-10] DEBUG o.s.s.a.d.DaoAuthenticationProvider - Authenticated user
2026-04-02 10:36:58 [http-nio-8080-exec-1] DEBUG o.s.security.web.FilterChainProxy - Securing POST /auth/login
2026-04-02 10:36:58 [http-nio-8080-exec-1] DEBUG o.s.s.w.a.AnonymousAuthenticationFilter - Set SecurityContextHolder to anonymous SecurityContext
2026-04-02 10:36:58 [http-nio-8080-exec-1] DEBUG o.s.security.web.FilterChainProxy - Secured POST /auth/login
2026-04-02 10:36:58 [http-nio-8080-exec-1] DEBUG o.s.s.a.d.DaoAuthenticationProvider - Authenticated user
2026-04-02 10:36:59 [http-nio-8080-exec-2] DEBUG o.s.security.web.FilterChainProxy - Securing POST /auth/login
2026-04-02 10:36:59 [http-nio-8080-exec-2] DEBUG o.s.s.w.a.AnonymousAuthenticationFilter - Set SecurityContextHolder to anonymous SecurityContext
2026-04-02 10:36:59 [http-nio-8080-exec-2] DEBUG o.s.security.web.FilterChainProxy - Secured POST /auth/login
2026-04-02 10:36:59 [http-nio-8080-exec-2] DEBUG o.s.s.a.d.DaoAuthenticationProvider - Authenticated user
2026-04-02 10:36:59 [http-nio-8080-exec-4] DEBUG o.s.security.web.FilterChainProxy - Securing POST /auth/login
2026-04-02 10:36:59 [http-nio-8080-exec-4] DEBUG o.s.s.w.a.AnonymousAuthenticationFilter - Set SecurityContextHolder to anonymous SecurityContext
2026-04-02 10:36:59 [http-nio-8080-exec-4] DEBUG o.s.security.web.FilterChainProxy - Secured POST /auth/login
2026-04-02 10:37:00 [http-nio-8080-exec-6] DEBUG o.s.security.web.FilterChainProxy - Securing POST /auth/login
2026-04-02 10:37:00 [http-nio-8080-exec-6] DEBUG o.s.s.w.a.AnonymousAuthenticationFilter - Set SecurityContextHolder to anonymous SecurityContext
2026-04-02 10:37:00 [http-nio-8080-exec-6] DEBUG o.s.security.web.FilterChainProxy - Secured POST /auth/login
2026-04-02 10:37:00 [http-nio-8080-exec-4] DEBUG o.s.s.a.d.DaoAuthenticationProvider - Authenticated user
2026-04-02 10:37:00 [http-nio-8080-exec-6] DEBUG o.s.s.a.d.DaoAuthenticationProvider - Authenticated user
2026-04-02 10:37:00 [http-nio-8080-exec-5] DEBUG o.s.security.web.FilterChainProxy - Securing POST /auth/login
2026-04-02 10:37:00 [http-nio-8080-exec-5] DEBUG o.s.s.w.a.AnonymousAuthenticationFilter - Set SecurityContextHolder to anonymous SecurityContext
2026-04-02 10:37:00 [http-nio-8080-exec-5] DEBUG o.s.security.web.FilterChainProxy - Secured POST /auth/login
2026-04-02 10:37:00 [http-nio-8080-exec-5] DEBUG o.s.s.a.d.DaoAuthenticationProvider - Authenticated user
2026-04-02 10:37:00 [http-nio-8080-exec-7] DEBUG o.s.security.web.FilterChainProxy - Securing POST /auth/login
2026-04-02 10:37:00 [http-nio-8080-exec-7] DEBUG o.s.s.w.a.AnonymousAuthenticationFilter - Set SecurityContextHolder to anonymous SecurityContext
2026-04-02 10:37:00 [http-nio-8080-exec-7] DEBUG o.s.security.web.FilterChainProxy - Secured POST /auth/login
2026-04-02 10:37:00 [http-nio-8080-exec-7] DEBUG o.s.s.a.d.DaoAuthenticationProvider - Authenticated user
2026-04-02 10:37:00 [http-nio-8080-exec-3] DEBUG o.s.security.web.FilterChainProxy - Securing POST /auth/login
2026-04-02 10:37:00 [http-nio-8080-exec-3] DEBUG o.s.s.w.a.AnonymousAuthenticationFilter - Set SecurityContextHolder to anonymous SecurityContext
2026-04-02 10:37:00 [http-nio-8080-exec-3] DEBUG o.s.security.web.FilterChainProxy - Secured POST /auth/login
2026-04-02 10:37:00 [http-nio-8080-exec-3] DEBUG o.s.s.a.d.DaoAuthenticationProvider - Authenticated user
2026-04-02 10:37:00 [http-nio-8080-exec-8] DEBUG o.s.security.web.FilterChainProxy - Securing POST /auth/login
2026-04-02 10:37:00 [http-nio-8080-exec-8] DEBUG o.s.s.w.a.AnonymousAuthenticationFilter - Set SecurityContextHolder to anonymous SecurityContext
2026-04-02 10:37:00 [http-nio-8080-exec-8] DEBUG o.s.security.web.FilterChainProxy - Secured POST /auth/login
2026-04-02 10:37:00 [http-nio-8080-exec-8] DEBUG o.s.s.a.d.DaoAuthenticationProvider - Authenticated user
2026-04-02 10:38:07 [http-nio-8080-exec-1] DEBUG o.s.security.web.FilterChainProxy - Securing POST /auth/register
2026-04-02 10:38:07 [http-nio-8080-exec-1] DEBUG o.s.s.w.a.AnonymousAuthenticationFilter - Set SecurityContextHolder to anonymous SecurityContext
2026-04-02 10:38:07 [http-nio-8080-exec-1] DEBUG o.s.security.web.FilterChainProxy - Secured POST /auth/register
2026-04-02 10:38:09 [http-nio-8080-exec-2] DEBUG o.s.security.web.FilterChainProxy - Securing POST /auth/register
2026-04-02 10:38:09 [http-nio-8080-exec-2] DEBUG o.s.s.w.a.AnonymousAuthenticationFilter - Set SecurityContextHolder to anonymous SecurityContext
2026-04-02 10:38:09 [http-nio-8080-exec-2] DEBUG o.s.security.web.FilterChainProxy - Secured POST /auth/register
2026-04-02 10:38:22 [http-nio-8080-exec-4] DEBUG o.s.security.web.FilterChainProxy - Securing POST /auth/login
2026-04-02 10:38:22 [http-nio-8080-exec-4] DEBUG o.s.s.w.a.AnonymousAuthenticationFilter - Set SecurityContextHolder to anonymous SecurityContext
2026-04-02 10:38:22 [http-nio-8080-exec-4] DEBUG o.s.security.web.FilterChainProxy - Secured POST /auth/login
2026-04-02 10:38:22 [http-nio-8080-exec-4] DEBUG o.s.s.a.d.DaoAuthenticationProvider - Authenticated user
2026-04-02 10:38:25 [http-nio-8080-exec-6] DEBUG o.s.security.web.FilterChainProxy - Securing POST /auth/login
2026-04-02 10:38:25 [http-nio-8080-exec-6] DEBUG o.s.s.w.a.AnonymousAuthenticationFilter - Set SecurityContextHolder to anonymous SecurityContext
2026-04-02 10:38:25 [http-nio-8080-exec-6] DEBUG o.s.security.web.FilterChainProxy - Secured POST /auth/login
2026-04-02 10:38:25 [http-nio-8080-exec-5] DEBUG o.s.security.web.FilterChainProxy - Securing POST /auth/login
2026-04-02 10:38:25 [http-nio-8080-exec-5] DEBUG o.s.s.w.a.AnonymousAuthenticationFilter - Set SecurityContextHolder to anonymous SecurityContext
2026-04-02 10:38:25 [http-nio-8080-exec-5] DEBUG o.s.security.web.FilterChainProxy - Secured POST /auth/login
2026-04-02 10:38:25 [http-nio-8080-exec-6] DEBUG o.s.s.a.d.DaoAuthenticationProvider - Authenticated user
2026-04-02 10:38:25 [http-nio-8080-exec-5] DEBUG o.s.s.a.d.DaoAuthenticationProvider - Authenticated user
2026-04-02 10:38:25 [http-nio-8080-exec-7] DEBUG o.s.security.web.FilterChainProxy - Securing POST /auth/login
2026-04-02 10:38:25 [http-nio-8080-exec-7] DEBUG o.s.s.w.a.AnonymousAuthenticationFilter - Set SecurityContextHolder to anonymous SecurityContext
2026-04-02 10:38:25 [http-nio-8080-exec-7] DEBUG o.s.security.web.FilterChainProxy - Secured POST /auth/login
2026-04-02 10:38:25 [http-nio-8080-exec-7] DEBUG o.s.s.a.d.DaoAuthenticationProvider - Authenticated user
2026-04-02 10:38:25 [http-nio-8080-exec-3] DEBUG o.s.security.web.FilterChainProxy - Securing POST /auth/login
2026-04-02 10:38:25 [http-nio-8080-exec-3] DEBUG o.s.s.w.a.AnonymousAuthenticationFilter - Set SecurityContextHolder to anonymous SecurityContext
2026-04-02 10:38:25 [http-nio-8080-exec-3] DEBUG o.s.security.web.FilterChainProxy - Secured POST /auth/login
2026-04-02 10:38:25 [http-nio-8080-exec-3] DEBUG o.s.s.a.d.DaoAuthenticationProvider - Authenticated user
2026-04-02 10:38:25 [http-nio-8080-exec-8] DEBUG o.s.security.web.FilterChainProxy - Securing POST /auth/login
2026-04-02 10:38:25 [http-nio-8080-exec-8] DEBUG o.s.s.w.a.AnonymousAuthenticationFilter - Set SecurityContextHolder to anonymous SecurityContext
2026-04-02 10:38:25 [http-nio-8080-exec-8] DEBUG o.s.security.web.FilterChainProxy - Secured POST /auth/login
2026-04-02 10:38:25 [http-nio-8080-exec-9] DEBUG o.s.security.web.FilterChainProxy - Securing POST /auth/login
2026-04-02 10:38:25 [http-nio-8080-exec-8] DEBUG o.s.s.a.d.DaoAuthenticationProvider - Authenticated user
2026-04-02 10:38:25 [http-nio-8080-exec-9] DEBUG o.s.s.w.a.AnonymousAuthenticationFilter - Set SecurityContextHolder to anonymous SecurityContext
2026-04-02 10:38:25 [http-nio-8080-exec-9] DEBUG o.s.security.web.FilterChainProxy - Secured POST /auth/login
2026-04-02 10:38:25 [http-nio-8080-exec-9] DEBUG o.s.s.a.d.DaoAuthenticationProvider - Authenticated user
2026-04-02 10:38:26 [http-nio-8080-exec-10] DEBUG o.s.security.web.FilterChainProxy - Securing POST /auth/login
2026-04-02 10:38:26 [http-nio-8080-exec-10] DEBUG o.s.s.w.a.AnonymousAuthenticationFilter - Set SecurityContextHolder to anonymous SecurityContext
2026-04-02 10:38:26 [http-nio-8080-exec-10] DEBUG o.s.security.web.FilterChainProxy - Secured POST /auth/login
2026-04-02 10:38:26 [http-nio-8080-exec-10] DEBUG o.s.s.a.d.DaoAuthenticationProvider - Authenticated user
2026-04-02 10:38:26 [http-nio-8080-exec-1] DEBUG o.s.security.web.FilterChainProxy - Securing POST /auth/login
2026-04-02 10:38:26 [http-nio-8080-exec-1] DEBUG o.s.s.w.a.AnonymousAuthenticationFilter - Set SecurityContextHolder to anonymous SecurityContext
2026-04-02 10:38:26 [http-nio-8080-exec-1] DEBUG o.s.security.web.FilterChainProxy - Secured POST /auth/login
2026-04-02 10:38:26 [http-nio-8080-exec-1] DEBUG o.s.s.a.d.DaoAuthenticationProvider - Authenticated user
2026-04-02 10:38:27 [http-nio-8080-exec-2] DEBUG o.s.security.web.FilterChainProxy - Securing POST /auth/login
2026-04-02 10:38:27 [http-nio-8080-exec-2] DEBUG o.s.s.w.a.AnonymousAuthenticationFilter - Set SecurityContextHolder to anonymous SecurityContext
2026-04-02 10:38:27 [http-nio-8080-exec-2] DEBUG o.s.security.web.FilterChainProxy - Secured POST /auth/login
2026-04-02 10:38:27 [http-nio-8080-exec-2] DEBUG o.s.s.a.d.DaoAuthenticationProvider - Authenticated user
2026-04-02 10:38:27 [http-nio-8080-exec-4] DEBUG o.s.security.web.FilterChainProxy - Securing POST /auth/login
2026-04-02 10:38:27 [http-nio-8080-exec-4] DEBUG o.s.s.w.a.AnonymousAuthenticationFilter - Set SecurityContextHolder to anonymous SecurityContext
2026-04-02 10:38:27 [http-nio-8080-exec-4] DEBUG o.s.security.web.FilterChainProxy - Secured POST /auth/login
2026-04-02 10:38:27 [http-nio-8080-exec-4] DEBUG o.s.s.a.d.DaoAuthenticationProvider - Authenticated user
2026-04-02 10:38:27 [http-nio-8080-exec-6] DEBUG o.s.security.web.FilterChainProxy - Securing POST /auth/login
2026-04-02 10:38:27 [http-nio-8080-exec-6] DEBUG o.s.s.w.a.AnonymousAuthenticationFilter - Set SecurityContextHolder to anonymous SecurityContext
2026-04-02 10:38:27 [http-nio-8080-exec-6] DEBUG o.s.security.web.FilterChainProxy - Secured POST /auth/login
2026-04-02 10:38:27 [http-nio-8080-exec-6] DEBUG o.s.s.a.d.DaoAuthenticationProvider - Authenticated user
2026-04-02 10:38:27 [http-nio-8080-exec-5] DEBUG o.s.security.web.FilterChainProxy - Securing POST /auth/login
2026-04-02 10:38:27 [http-nio-8080-exec-5] DEBUG o.s.s.w.a.AnonymousAuthenticationFilter - Set SecurityContextHolder to anonymous SecurityContext
2026-04-02 10:38:27 [http-nio-8080-exec-5] DEBUG o.s.security.web.FilterChainProxy - Secured POST /auth/login
2026-04-02 10:38:27 [http-nio-8080-exec-5] DEBUG o.s.s.a.d.DaoAuthenticationProvider - Authenticated user
2026-04-02 10:38:35 [http-nio-8080-exec-7] DEBUG o.s.security.web.FilterChainProxy - Securing POST /auth/login
2026-04-02 10:38:35 [http-nio-8080-exec-7] DEBUG o.s.s.w.a.AnonymousAuthenticationFilter - Set SecurityContextHolder to anonymous SecurityContext
2026-04-02 10:38:35 [http-nio-8080-exec-7] DEBUG o.s.security.web.FilterChainProxy - Secured POST /auth/login
2026-04-02 10:38:35 [http-nio-8080-exec-7] DEBUG o.s.s.a.d.DaoAuthenticationProvider - Failed to find user 'aswin@gmail.com'
2026-04-02 10:38:35 [http-nio-8080-exec-3] DEBUG o.s.security.web.FilterChainProxy - Securing POST /auth/login
2026-04-02 10:38:35 [http-nio-8080-exec-3] DEBUG o.s.s.w.a.AnonymousAuthenticationFilter - Set SecurityContextHolder to anonymous SecurityContext
2026-04-02 10:38:35 [http-nio-8080-exec-3] DEBUG o.s.security.web.FilterChainProxy - Secured POST /auth/login
2026-04-02 10:38:35 [http-nio-8080-exec-3] DEBUG o.s.s.a.d.DaoAuthenticationProvider - Failed to find user 'aswin@gmail.com'
2026-04-02 10:38:35 [http-nio-8080-exec-8] DEBUG o.s.security.web.FilterChainProxy - Securing POST /auth/login
2026-04-02 10:38:35 [http-nio-8080-exec-8] DEBUG o.s.s.w.a.AnonymousAuthenticationFilter - Set SecurityContextHolder to anonymous SecurityContext
2026-04-02 10:38:35 [http-nio-8080-exec-8] DEBUG o.s.security.web.FilterChainProxy - Secured POST /auth/login
2026-04-02 10:38:36 [http-nio-8080-exec-8] DEBUG o.s.s.a.d.DaoAuthenticationProvider - Failed to find user 'aswin@gmail.com'
2026-04-02 10:38:36 [http-nio-8080-exec-9] DEBUG o.s.security.web.FilterChainProxy - Securing POST /auth/login
2026-04-02 10:38:36 [http-nio-8080-exec-9] DEBUG o.s.s.w.a.AnonymousAuthenticationFilter - Set SecurityContextHolder to anonymous SecurityContext
2026-04-02 10:38:36 [http-nio-8080-exec-9] DEBUG o.s.security.web.FilterChainProxy - Secured POST /auth/login
2026-04-02 10:38:36 [http-nio-8080-exec-9] DEBUG o.s.s.a.d.DaoAuthenticationProvider - Failed to find user 'aswin@gmail.com'
2026-04-02 10:38:36 [http-nio-8080-exec-10] DEBUG o.s.security.web.FilterChainProxy - Securing POST /auth/login
2026-04-02 10:38:36 [http-nio-8080-exec-10] DEBUG o.s.s.w.a.AnonymousAuthenticationFilter - Set SecurityContextHolder to anonymous SecurityContext
2026-04-02 10:38:36 [http-nio-8080-exec-10] DEBUG o.s.security.web.FilterChainProxy - Secured POST /auth/login
2026-04-02 10:38:36 [http-nio-8080-exec-10] DEBUG o.s.s.a.d.DaoAuthenticationProvider - Failed to find user 'aswin@gmail.com'
2026-04-02 10:38:36 [http-nio-8080-exec-1] DEBUG o.s.security.web.FilterChainProxy - Securing POST /auth/login
2026-04-02 10:38:36 [http-nio-8080-exec-1] DEBUG o.s.s.w.a.AnonymousAuthenticationFilter - Set SecurityContextHolder to anonymous SecurityContext
2026-04-02 10:38:36 [http-nio-8080-exec-1] DEBUG o.s.security.web.FilterChainProxy - Secured POST /auth/login
2026-04-02 10:38:36 [http-nio-8080-exec-1] DEBUG o.s.s.a.d.DaoAuthenticationProvider - Failed to find user 'aswin@gmail.com'
2026-04-02 10:38:37 [http-nio-8080-exec-2] DEBUG o.s.security.web.FilterChainProxy - Securing POST /auth/login
2026-04-02 10:38:37 [http-nio-8080-exec-2] DEBUG o.s.s.w.a.AnonymousAuthenticationFilter - Set SecurityContextHolder to anonymous SecurityContext
2026-04-02 10:38:37 [http-nio-8080-exec-2] DEBUG o.s.security.web.FilterChainProxy - Secured POST /auth/login
2026-04-02 10:38:37 [http-nio-8080-exec-2] DEBUG o.s.s.a.d.DaoAuthenticationProvider - Failed to find user 'aswin@gmail.com'
2026-04-02 10:38:37 [http-nio-8080-exec-4] DEBUG o.s.security.web.FilterChainProxy - Securing POST /auth/login
2026-04-02 10:38:37 [http-nio-8080-exec-4] DEBUG o.s.s.w.a.AnonymousAuthenticationFilter - Set SecurityContextHolder to anonymous SecurityContext
2026-04-02 10:38:37 [http-nio-8080-exec-4] DEBUG o.s.security.web.FilterChainProxy - Secured POST /auth/login
2026-04-02 10:38:37 [http-nio-8080-exec-6] DEBUG o.s.security.web.FilterChainProxy - Securing POST /auth/login
2026-04-02 10:38:37 [http-nio-8080-exec-6] DEBUG o.s.s.w.a.AnonymousAuthenticationFilter - Set SecurityContextHolder to anonymous SecurityContext
2026-04-02 10:38:37 [http-nio-8080-exec-6] DEBUG o.s.security.web.FilterChainProxy - Secured POST /auth/login
2026-04-02 10:38:37 [http-nio-8080-exec-4] DEBUG o.s.s.a.d.DaoAuthenticationProvider - Failed to find user 'aswin@gmail.com'
2026-04-02 10:38:37 [http-nio-8080-exec-6] DEBUG o.s.s.a.d.DaoAuthenticationProvider - Failed to find user 'aswin@gmail.com'
2026-04-02 10:38:37 [http-nio-8080-exec-5] DEBUG o.s.security.web.FilterChainProxy - Securing POST /auth/login
2026-04-02 10:38:37 [http-nio-8080-exec-5] DEBUG o.s.s.w.a.AnonymousAuthenticationFilter - Set SecurityContextHolder to anonymous SecurityContext
2026-04-02 10:38:37 [http-nio-8080-exec-5] DEBUG o.s.security.web.FilterChainProxy - Secured POST /auth/login
2026-04-02 10:38:37 [http-nio-8080-exec-5] DEBUG o.s.s.a.d.DaoAuthenticationProvider - Failed to find user 'aswin@gmail.com'
2026-04-02 10:38:38 [http-nio-8080-exec-7] DEBUG o.s.security.web.FilterChainProxy - Securing POST /auth/login
2026-04-02 10:38:38 [http-nio-8080-exec-7] DEBUG o.s.s.w.a.AnonymousAuthenticationFilter - Set SecurityContextHolder to anonymous SecurityContext
2026-04-02 10:38:38 [http-nio-8080-exec-7] DEBUG o.s.security.web.FilterChainProxy - Secured POST /auth/login
2026-04-02 10:38:38 [http-nio-8080-exec-7] DEBUG o.s.s.a.d.DaoAuthenticationProvider - Failed to find user 'aswin@gmail.com'
2026-04-02 10:38:38 [http-nio-8080-exec-3] DEBUG o.s.security.web.FilterChainProxy - Securing POST /auth/login
2026-04-02 10:38:38 [http-nio-8080-exec-3] DEBUG o.s.s.w.a.AnonymousAuthenticationFilter - Set SecurityContextHolder to anonymous SecurityContext
2026-04-02 10:38:38 [http-nio-8080-exec-3] DEBUG o.s.security.web.FilterChainProxy - Secured POST /auth/login
2026-04-02 10:38:38 [http-nio-8080-exec-8] DEBUG o.s.security.web.FilterChainProxy - Securing POST /auth/login
2026-04-02 10:38:38 [http-nio-8080-exec-3] DEBUG o.s.s.a.d.DaoAuthenticationProvider - Failed to find user 'aswin@gmail.com'
2026-04-02 10:38:38 [http-nio-8080-exec-8] DEBUG o.s.s.w.a.AnonymousAuthenticationFilter - Set SecurityContextHolder to anonymous SecurityContext
2026-04-02 10:38:38 [http-nio-8080-exec-8] DEBUG o.s.security.web.FilterChainProxy - Secured POST /auth/login
2026-04-02 10:38:38 [http-nio-8080-exec-8] DEBUG o.s.s.a.d.DaoAuthenticationProvider - Failed to find user 'aswin@gmail.com'
2026-04-02 10:38:38 [http-nio-8080-exec-9] DEBUG o.s.security.web.FilterChainProxy - Securing POST /auth/login
2026-04-02 10:38:38 [http-nio-8080-exec-9] DEBUG o.s.s.w.a.AnonymousAuthenticationFilter - Set SecurityContextHolder to anonymous SecurityContext
2026-04-02 10:38:38 [http-nio-8080-exec-9] DEBUG o.s.security.web.FilterChainProxy - Secured POST /auth/login
2026-04-02 10:38:38 [http-nio-8080-exec-9] DEBUG o.s.s.a.d.DaoAuthenticationProvider - Failed to find user 'aswin@gmail.com'
2026-04-02 10:38:38 [http-nio-8080-exec-10] DEBUG o.s.security.web.FilterChainProxy - Securing POST /auth/login
2026-04-02 10:38:38 [http-nio-8080-exec-10] DEBUG o.s.s.w.a.AnonymousAuthenticationFilter - Set SecurityContextHolder to anonymous SecurityContext
2026-04-02 10:38:38 [http-nio-8080-exec-10] DEBUG o.s.security.web.FilterChainProxy - Secured POST /auth/login
2026-04-02 10:38:38 [http-nio-8080-exec-10] DEBUG o.s.s.a.d.DaoAuthenticationProvider - Failed to find user 'aswin@gmail.com'
2026-04-02 10:38:39 [http-nio-8080-exec-1] DEBUG o.s.security.web.FilterChainProxy - Securing POST /auth/login
2026-04-02 10:38:39 [http-nio-8080-exec-1] DEBUG o.s.s.w.a.AnonymousAuthenticationFilter - Set SecurityContextHolder to anonymous SecurityContext
2026-04-02 10:38:39 [http-nio-8080-exec-1] DEBUG o.s.security.web.FilterChainProxy - Secured POST /auth/login
2026-04-02 10:38:39 [http-nio-8080-exec-1] DEBUG o.s.s.a.d.DaoAuthenticationProvider - Failed to find user 'aswin@gmail.com'
2026-04-02 10:38:40 [http-nio-8080-exec-2] DEBUG o.s.security.web.FilterChainProxy - Securing POST /auth/login
2026-04-02 10:38:40 [http-nio-8080-exec-2] DEBUG o.s.s.w.a.AnonymousAuthenticationFilter - Set SecurityContextHolder to anonymous SecurityContext
2026-04-02 10:38:40 [http-nio-8080-exec-2] DEBUG o.s.security.web.FilterChainProxy - Secured POST /auth/login
2026-04-02 10:38:40 [http-nio-8080-exec-2] DEBUG o.s.s.a.d.DaoAuthenticationProvider - Failed to find user 'aswin@gmail.com'
2026-04-02 10:38:40 [http-nio-8080-exec-4] DEBUG o.s.security.web.FilterChainProxy - Securing POST /auth/login
2026-04-02 10:38:40 [http-nio-8080-exec-4] DEBUG o.s.s.w.a.AnonymousAuthenticationFilter - Set SecurityContextHolder to anonymous SecurityContext
2026-04-02 10:38:40 [http-nio-8080-exec-4] DEBUG o.s.security.web.FilterChainProxy - Secured POST /auth/login
2026-04-02 10:38:40 [http-nio-8080-exec-4] DEBUG o.s.s.a.d.DaoAuthenticationProvider - Failed to find user 'aswin@gmail.com'
2026-04-02 10:38:41 [http-nio-8080-exec-6] DEBUG o.s.security.web.FilterChainProxy - Securing POST /auth/login
2026-04-02 10:38:41 [http-nio-8080-exec-6] DEBUG o.s.s.w.a.AnonymousAuthenticationFilter - Set SecurityContextHolder to anonymous SecurityContext
2026-04-02 10:38:41 [http-nio-8080-exec-6] DEBUG o.s.security.web.FilterChainProxy - Secured POST /auth/login
2026-04-02 10:38:41 [http-nio-8080-exec-6] DEBUG o.s.s.a.d.DaoAuthenticationProvider - Failed to find user 'aswin@gmail.com'
2026-04-02 10:38:41 [http-nio-8080-exec-5] DEBUG o.s.security.web.FilterChainProxy - Securing POST /auth/login
2026-04-02 10:38:41 [http-nio-8080-exec-5] DEBUG o.s.s.w.a.AnonymousAuthenticationFilter - Set SecurityContextHolder to anonymous SecurityContext
2026-04-02 10:38:41 [http-nio-8080-exec-5] DEBUG o.s.security.web.FilterChainProxy - Secured POST /auth/login
2026-04-02 10:38:41 [http-nio-8080-exec-5] DEBUG o.s.s.a.d.DaoAuthenticationProvider - Failed to find user 'aswin@gmail.com'
2026-04-02 10:38:41 [http-nio-8080-exec-7] DEBUG o.s.security.web.FilterChainProxy - Securing POST /auth/login
2026-04-02 10:38:41 [http-nio-8080-exec-7] DEBUG o.s.s.w.a.AnonymousAuthenticationFilter - Set SecurityContextHolder to anonymous SecurityContext
2026-04-02 10:38:41 [http-nio-8080-exec-7] DEBUG o.s.security.web.FilterChainProxy - Secured POST /auth/login
2026-04-02 10:38:41 [http-nio-8080-exec-3] DEBUG o.s.security.web.FilterChainProxy - Securing POST /auth/login
2026-04-02 10:38:41 [http-nio-8080-exec-3] DEBUG o.s.s.w.a.AnonymousAuthenticationFilter - Set SecurityContextHolder to anonymous SecurityContext
2026-04-02 10:38:41 [http-nio-8080-exec-3] DEBUG o.s.security.web.FilterChainProxy - Secured POST /auth/login
2026-04-02 10:38:41 [http-nio-8080-exec-7] DEBUG o.s.s.a.d.DaoAuthenticationProvider - Failed to find user 'aswin@gmail.com'
2026-04-02 10:38:41 [http-nio-8080-exec-3] DEBUG o.s.s.a.d.DaoAuthenticationProvider - Failed to find user 'aswin@gmail.com'
2026-04-02 10:38:41 [http-nio-8080-exec-8] DEBUG o.s.security.web.FilterChainProxy - Securing POST /auth/login
2026-04-02 10:38:41 [http-nio-8080-exec-8] DEBUG o.s.s.w.a.AnonymousAuthenticationFilter - Set SecurityContextHolder to anonymous SecurityContext
2026-04-02 10:38:41 [http-nio-8080-exec-8] DEBUG o.s.security.web.FilterChainProxy - Secured POST /auth/login
2026-04-02 10:38:41 [http-nio-8080-exec-8] DEBUG o.s.s.a.d.DaoAuthenticationProvider - Failed to find user 'aswin@gmail.com'
2026-04-02 10:38:41 [http-nio-8080-exec-9] DEBUG o.s.security.web.FilterChainProxy - Securing POST /auth/login
2026-04-02 10:38:41 [http-nio-8080-exec-9] DEBUG o.s.s.w.a.AnonymousAuthenticationFilter - Set SecurityContextHolder to anonymous SecurityContext
2026-04-02 10:38:41 [http-nio-8080-exec-9] DEBUG o.s.security.web.FilterChainProxy - Secured POST /auth/login
2026-04-02 10:38:42 [http-nio-8080-exec-9] DEBUG o.s.s.a.d.DaoAuthenticationProvider - Failed to find user 'aswin@gmail.com'
2026-04-02 10:38:43 [http-nio-8080-exec-10] DEBUG o.s.security.web.FilterChainProxy - Securing GET /hotels/all
2026-04-02 10:38:43 [http-nio-8080-exec-10] DEBUG o.s.s.w.a.AnonymousAuthenticationFilter - Set SecurityContextHolder to anonymous SecurityContext
2026-04-02 10:38:43 [http-nio-8080-exec-10] DEBUG o.s.security.web.FilterChainProxy - Secured GET /hotels/all
2026-04-02 10:38:43 [http-nio-8080-exec-1] DEBUG o.s.security.web.FilterChainProxy - Securing GET /hotels/all
2026-04-02 10:38:43 [http-nio-8080-exec-1] DEBUG o.s.s.w.a.AnonymousAuthenticationFilter - Set SecurityContextHolder to anonymous SecurityContext
2026-04-02 10:38:43 [http-nio-8080-exec-1] DEBUG o.s.security.web.FilterChainProxy - Secured GET /hotels/all
2026-04-02 10:38:44 [http-nio-8080-exec-2] DEBUG o.s.security.web.FilterChainProxy - Securing GET /hotels/all
2026-04-02 10:38:44 [http-nio-8080-exec-2] DEBUG o.s.s.w.a.AnonymousAuthenticationFilter - Set SecurityContextHolder to anonymous SecurityContext
2026-04-02 10:38:44 [http-nio-8080-exec-2] DEBUG o.s.security.web.FilterChainProxy - Secured GET /hotels/all
2026-04-02 10:38:44 [http-nio-8080-exec-4] DEBUG o.s.security.web.FilterChainProxy - Securing GET /hotels/all
2026-04-02 10:38:44 [http-nio-8080-exec-4] DEBUG o.s.s.w.a.AnonymousAuthenticationFilter - Set SecurityContextHolder to anonymous SecurityContext
2026-04-02 10:38:44 [http-nio-8080-exec-4] DEBUG o.s.security.web.FilterChainProxy - Secured GET /hotels/all
2026-04-02 10:38:45 [http-nio-8080-exec-6] DEBUG o.s.security.web.FilterChainProxy - Securing GET /hotels/all
2026-04-02 10:38:45 [http-nio-8080-exec-6] DEBUG o.s.s.w.a.AnonymousAuthenticationFilter - Set SecurityContextHolder to anonymous SecurityContext
2026-04-02 10:38:45 [http-nio-8080-exec-6] DEBUG o.s.security.web.FilterChainProxy - Secured GET /hotels/all
2026-04-02 10:38:45 [http-nio-8080-exec-5] DEBUG o.s.security.web.FilterChainProxy - Securing GET /hotels/all
2026-04-02 10:38:45 [http-nio-8080-exec-5] DEBUG o.s.s.w.a.AnonymousAuthenticationFilter - Set SecurityContextHolder to anonymous SecurityContext
2026-04-02 10:38:45 [http-nio-8080-exec-5] DEBUG o.s.security.web.FilterChainProxy - Secured GET /hotels/all
2026-04-02 10:38:45 [http-nio-8080-exec-7] DEBUG o.s.security.web.FilterChainProxy - Securing GET /hotels/all
2026-04-02 10:38:45 [http-nio-8080-exec-7] DEBUG o.s.s.w.a.AnonymousAuthenticationFilter - Set SecurityContextHolder to anonymous SecurityContext
2026-04-02 10:38:45 [http-nio-8080-exec-7] DEBUG o.s.security.web.FilterChainProxy - Secured GET /hotels/all
2026-04-02 10:38:46 [http-nio-8080-exec-3] DEBUG o.s.security.web.FilterChainProxy - Securing GET /hotels/all
2026-04-02 10:38:46 [http-nio-8080-exec-3] DEBUG o.s.s.w.a.AnonymousAuthenticationFilter - Set SecurityContextHolder to anonymous SecurityContext
2026-04-02 10:38:46 [http-nio-8080-exec-3] DEBUG o.s.security.web.FilterChainProxy - Secured GET /hotels/all
2026-04-02 10:38:46 [http-nio-8080-exec-8] DEBUG o.s.security.web.FilterChainProxy - Securing GET /hotels/all
2026-04-02 10:38:46 [http-nio-8080-exec-8] DEBUG o.s.s.w.a.AnonymousAuthenticationFilter - Set SecurityContextHolder to anonymous SecurityContext
2026-04-02 10:38:46 [http-nio-8080-exec-8] DEBUG o.s.security.web.FilterChainProxy - Secured GET /hotels/all
2026-04-02 10:38:46 [http-nio-8080-exec-9] DEBUG o.s.security.web.FilterChainProxy - Securing GET /hotels/all
2026-04-02 10:38:46 [http-nio-8080-exec-9] DEBUG o.s.s.w.a.AnonymousAuthenticationFilter - Set SecurityContextHolder to anonymous SecurityContext
2026-04-02 10:38:46 [http-nio-8080-exec-9] DEBUG o.s.security.web.FilterChainProxy - Secured GET /hotels/all
2026-04-02 10:38:46 [http-nio-8080-exec-10] DEBUG o.s.security.web.FilterChainProxy - Securing GET /hotels/all
2026-04-02 10:38:46 [http-nio-8080-exec-10] DEBUG o.s.s.w.a.AnonymousAuthenticationFilter - Set SecurityContextHolder to anonymous SecurityContext
2026-04-02 10:38:46 [http-nio-8080-exec-10] DEBUG o.s.security.web.FilterChainProxy - Secured GET /hotels/all
2026-04-02 10:38:46 [http-nio-8080-exec-1] DEBUG o.s.security.web.FilterChainProxy - Securing GET /hotels/all
2026-04-02 10:38:46 [http-nio-8080-exec-1] DEBUG o.s.s.w.a.AnonymousAuthenticationFilter - Set SecurityContextHolder to anonymous SecurityContext
2026-04-02 10:38:46 [http-nio-8080-exec-1] DEBUG o.s.security.web.FilterChainProxy - Secured GET /hotels/all
2026-04-02 10:38:47 [http-nio-8080-exec-2] DEBUG o.s.security.web.FilterChainProxy - Securing GET /hotels/all
2026-04-02 10:38:47 [http-nio-8080-exec-2] DEBUG o.s.s.w.a.AnonymousAuthenticationFilter - Set SecurityContextHolder to anonymous SecurityContext
2026-04-02 10:38:47 [http-nio-8080-exec-2] DEBUG o.s.security.web.FilterChainProxy - Secured GET /hotels/all
2026-04-02 10:38:47 [http-nio-8080-exec-4] DEBUG o.s.security.web.FilterChainProxy - Securing GET /hotels/all
2026-04-02 10:38:47 [http-nio-8080-exec-4] DEBUG o.s.s.w.a.AnonymousAuthenticationFilter - Set SecurityContextHolder to anonymous SecurityContext
2026-04-02 10:38:47 [http-nio-8080-exec-4] DEBUG o.s.security.web.FilterChainProxy - Secured GET /hotels/all
2026-04-02 10:38:47 [http-nio-8080-exec-6] DEBUG o.s.security.web.FilterChainProxy - Securing GET /hotels/all
2026-04-02 10:38:47 [http-nio-8080-exec-6] DEBUG o.s.s.w.a.AnonymousAuthenticationFilter - Set SecurityContextHolder to anonymous SecurityContext
2026-04-02 10:38:47 [http-nio-8080-exec-6] DEBUG o.s.security.web.FilterChainProxy - Secured GET /hotels/all
2026-04-02 10:38:47 [http-nio-8080-exec-6] DEBUG o.s.security.web.FilterChainProxy - Securing GET /hotels/all
2026-04-02 10:38:47 [http-nio-8080-exec-6] DEBUG o.s.s.w.a.AnonymousAuthenticationFilter - Set SecurityContextHolder to anonymous SecurityContext
2026-04-02 10:38:47 [http-nio-8080-exec-6] DEBUG o.s.security.web.FilterChainProxy - Secured GET /hotels/all
2026-04-02 10:38:47 [http-nio-8080-exec-7] DEBUG o.s.security.web.FilterChainProxy - Securing GET /hotels/all
2026-04-02 10:38:47 [http-nio-8080-exec-7] DEBUG o.s.s.w.a.AnonymousAuthenticationFilter - Set SecurityContextHolder to anonymous SecurityContext
2026-04-02 10:38:47 [http-nio-8080-exec-7] DEBUG o.s.security.web.FilterChainProxy - Secured GET /hotels/all
2026-04-02 10:38:47 [http-nio-8080-exec-3] DEBUG o.s.security.web.FilterChainProxy - Securing GET /hotels/all
2026-04-02 10:38:47 [http-nio-8080-exec-3] DEBUG o.s.s.w.a.AnonymousAuthenticationFilter - Set SecurityContextHolder to anonymous SecurityContext
2026-04-02 10:38:47 [http-nio-8080-exec-3] DEBUG o.s.security.web.FilterChainProxy - Secured GET /hotels/all
2026-04-02 11:00:51 [http-nio-8080-exec-1] DEBUG o.s.security.web.FilterChainProxy - Securing GET /api/hotels/locations
2026-04-02 11:00:51 [http-nio-8080-exec-10] DEBUG o.s.security.web.FilterChainProxy - Securing GET /api/hotels
2026-04-02 11:00:51 [http-nio-8080-exec-1] DEBUG o.s.s.w.a.AnonymousAuthenticationFilter - Set SecurityContextHolder to anonymous SecurityContext
2026-04-02 11:00:51 [http-nio-8080-exec-10] DEBUG o.s.s.w.a.AnonymousAuthenticationFilter - Set SecurityContextHolder to anonymous SecurityContext
2026-04-02 11:00:51 [http-nio-8080-exec-1] DEBUG o.s.s.w.a.Http403ForbiddenEntryPoint - Pre-authenticated entry point called. Rejecting access
2026-04-02 11:00:51 [http-nio-8080-exec-10] DEBUG o.s.s.w.a.Http403ForbiddenEntryPoint - Pre-authenticated entry point called. Rejecting access
2026-04-02 11:00:51 [http-nio-8080-exec-1] DEBUG o.s.security.web.FilterChainProxy - Securing GET /error
2026-04-02 11:00:51 [http-nio-8080-exec-10] DEBUG o.s.security.web.FilterChainProxy - Securing GET /error
2026-04-02 11:00:51 [http-nio-8080-exec-10] DEBUG o.s.s.w.a.AnonymousAuthenticationFilter - Set SecurityContextHolder to anonymous SecurityContext
2026-04-02 11:00:51 [http-nio-8080-exec-1] DEBUG o.s.s.w.a.AnonymousAuthenticationFilter - Set SecurityContextHolder to anonymous SecurityContext
2026-04-02 11:00:51 [http-nio-8080-exec-1] DEBUG o.s.s.w.a.Http403ForbiddenEntryPoint - Pre-authenticated entry point called. Rejecting access
2026-04-02 11:00:51 [http-nio-8080-exec-10] DEBUG o.s.s.w.a.Http403ForbiddenEntryPoint - Pre-authenticated entry point called. Rejecting access
2026-04-02 11:00:51 [http-nio-8080-exec-4] DEBUG o.s.security.web.FilterChainProxy - Securing GET /api/hotels
2026-04-02 11:00:51 [http-nio-8080-exec-2] DEBUG o.s.security.web.FilterChainProxy - Securing GET /api/hotels/locations
2026-04-02 11:00:51 [http-nio-8080-exec-4] DEBUG o.s.s.w.a.AnonymousAuthenticationFilter - Set SecurityContextHolder to anonymous SecurityContext
2026-04-02 11:00:51 [http-nio-8080-exec-2] DEBUG o.s.s.w.a.AnonymousAuthenticationFilter - Set SecurityContextHolder to anonymous SecurityContext
2026-04-02 11:00:51 [http-nio-8080-exec-4] DEBUG o.s.s.w.a.Http403ForbiddenEntryPoint - Pre-authenticated entry point called. Rejecting access
2026-04-02 11:00:51 [http-nio-8080-exec-2] DEBUG o.s.s.w.a.Http403ForbiddenEntryPoint - Pre-authenticated entry point called. Rejecting access
2026-04-02 11:00:51 [http-nio-8080-exec-4] DEBUG o.s.security.web.FilterChainProxy - Securing GET /error
2026-04-02 11:00:51 [http-nio-8080-exec-2] DEBUG o.s.security.web.FilterChainProxy - Securing GET /error
2026-04-02 11:00:51 [http-nio-8080-exec-4] DEBUG o.s.s.w.a.AnonymousAuthenticationFilter - Set SecurityContextHolder to anonymous SecurityContext
2026-04-02 11:00:51 [http-nio-8080-exec-2] DEBUG o.s.s.w.a.AnonymousAuthenticationFilter - Set SecurityContextHolder to anonymous SecurityContext
2026-04-02 11:00:51 [http-nio-8080-exec-4] DEBUG o.s.s.w.a.Http403ForbiddenEntryPoint - Pre-authenticated entry point called. Rejecting access
2026-04-02 11:00:51 [http-nio-8080-exec-2] DEBUG o.s.s.w.a.Http403ForbiddenEntryPoint - Pre-authenticated entry point called. Rejecting access
2026-04-02 11:04:29 [http-nio-8080-exec-7] DEBUG o.s.security.web.FilterChainProxy - Securing GET /api/hotels
2026-04-02 11:04:29 [http-nio-8080-exec-3] DEBUG o.s.security.web.FilterChainProxy - Securing GET /api/hotels/locations
2026-04-02 11:04:29 [http-nio-8080-exec-7] DEBUG o.s.s.w.a.AnonymousAuthenticationFilter - Set SecurityContextHolder to anonymous SecurityContext
2026-04-02 11:04:29 [http-nio-8080-exec-3] DEBUG o.s.s.w.a.AnonymousAuthenticationFilter - Set SecurityContextHolder to anonymous SecurityContext
2026-04-02 11:04:29 [http-nio-8080-exec-3] DEBUG o.s.s.w.a.Http403ForbiddenEntryPoint - Pre-authenticated entry point called. Rejecting access
2026-04-02 11:04:29 [http-nio-8080-exec-7] DEBUG o.s.s.w.a.Http403ForbiddenEntryPoint - Pre-authenticated entry point called. Rejecting access
2026-04-02 11:04:29 [http-nio-8080-exec-3] DEBUG o.s.security.web.FilterChainProxy - Securing GET /error
2026-04-02 11:04:29 [http-nio-8080-exec-7] DEBUG o.s.security.web.FilterChainProxy - Securing GET /error
2026-04-02 11:04:29 [http-nio-8080-exec-3] DEBUG o.s.s.w.a.AnonymousAuthenticationFilter - Set SecurityContextHolder to anonymous SecurityContext
2026-04-02 11:04:29 [http-nio-8080-exec-7] DEBUG o.s.s.w.a.AnonymousAuthenticationFilter - Set SecurityContextHolder to anonymous SecurityContext
2026-04-02 11:04:29 [http-nio-8080-exec-3] DEBUG o.s.s.w.a.Http403ForbiddenEntryPoint - Pre-authenticated entry point called. Rejecting access
2026-04-02 11:04:29 [http-nio-8080-exec-7] DEBUG o.s.s.w.a.Http403ForbiddenEntryPoint - Pre-authenticated entry point called. Rejecting access
2026-04-02 11:04:29 [http-nio-8080-exec-9] DEBUG o.s.security.web.FilterChainProxy - Securing GET /api/hotels
2026-04-02 11:04:29 [http-nio-8080-exec-8] DEBUG o.s.security.web.FilterChainProxy - Securing GET /api/hotels/locations
2026-04-02 11:04:29 [http-nio-8080-exec-9] DEBUG o.s.s.w.a.AnonymousAuthenticationFilter - Set SecurityContextHolder to anonymous SecurityContext
2026-04-02 11:04:29 [http-nio-8080-exec-8] DEBUG o.s.s.w.a.AnonymousAuthenticationFilter - Set SecurityContextHolder to anonymous SecurityContext
2026-04-02 11:04:29 [http-nio-8080-exec-9] DEBUG o.s.s.w.a.Http403ForbiddenEntryPoint - Pre-authenticated entry point called. Rejecting access
2026-04-02 11:04:29 [http-nio-8080-exec-8] DEBUG o.s.s.w.a.Http403ForbiddenEntryPoint - Pre-authenticated entry point called. Rejecting access
2026-04-02 11:04:29 [http-nio-8080-exec-9] DEBUG o.s.security.web.FilterChainProxy - Securing GET /error
2026-04-02 11:04:29 [http-nio-8080-exec-8] DEBUG o.s.security.web.FilterChainProxy - Securing GET /error
2026-04-02 11:04:29 [http-nio-8080-exec-8] DEBUG o.s.s.w.a.AnonymousAuthenticationFilter - Set SecurityContextHolder to anonymous SecurityContext
2026-04-02 11:04:29 [http-nio-8080-exec-9] DEBUG o.s.s.w.a.AnonymousAuthenticationFilter - Set SecurityContextHolder to anonymous SecurityContext
2026-04-02 11:04:29 [http-nio-8080-exec-9] DEBUG o.s.s.w.a.Http403ForbiddenEntryPoint - Pre-authenticated entry point called. Rejecting access
2026-04-02 11:04:29 [http-nio-8080-exec-8] DEBUG o.s.s.w.a.Http403ForbiddenEntryPoint - Pre-authenticated entry point called. Rejecting access
2026-04-02 11:10:33 [SpringApplicationShutdownHook] INFO  o.s.o.j.LocalContainerEntityManagerFactoryBean - Closing JPA EntityManagerFactory for persistence unit 'default'
2026-04-02 11:10:33 [SpringApplicationShutdownHook] INFO  com.zaxxer.hikari.HikariDataSource - HikariPool-1 - Shutdown initiated...
2026-04-02 11:10:33 [SpringApplicationShutdownHook] INFO  com.zaxxer.hikari.HikariDataSource - HikariPool-1 - Shutdown completed.
2026-04-02 11:10:44 [main] INFO  c.h.h.HotelBackendApplication - Starting HotelBackendApplication using Java 21.0.10 with PID 13916 (C:\Users\girid\Desktop\HotelBooking\hotel-backend\target\classes started by girid in C:\Users\girid\Desktop\HotelBooking\hotel-backend)
2026-04-02 11:10:44 [main] DEBUG c.h.h.HotelBackendApplication - Running with Spring Boot v3.2.0, Spring v6.1.1
2026-04-02 11:10:44 [main] INFO  c.h.h.HotelBackendApplication - No active profile set, falling back to 1 default profile: "default"
2026-04-02 11:10:45 [main] INFO  o.s.d.r.c.RepositoryConfigurationDelegate - Bootstrapping Spring Data JPA repositories in DEFAULT mode.
2026-04-02 11:10:45 [main] INFO  o.s.d.r.c.RepositoryConfigurationDelegate - Finished Spring Data repository scanning in 42 ms. Found 4 JPA repository interfaces.
2026-04-02 11:10:45 [main] INFO  o.s.b.w.e.tomcat.TomcatWebServer - Tomcat initialized with port 8080 (http)
2026-04-02 11:10:45 [main] INFO  o.a.catalina.core.StandardService - Starting service [Tomcat]
2026-04-02 11:10:45 [main] INFO  o.a.catalina.core.StandardEngine - Starting Servlet engine: [Apache Tomcat/10.1.16]
2026-04-02 11:10:45 [main] INFO  o.a.c.c.C.[Tomcat].[localhost].[/] - Initializing Spring embedded WebApplicationContext
2026-04-02 11:10:45 [main] INFO  o.s.b.w.s.c.ServletWebServerApplicationContext - Root WebApplicationContext: initialization completed in 955 ms
2026-04-02 11:10:45 [main] INFO  o.h.jpa.internal.util.LogHelper - HHH000204: Processing PersistenceUnitInfo [name: default]
2026-04-02 11:10:45 [main] INFO  org.hibernate.Version - HHH000412: Hibernate ORM core version 6.3.1.Final
2026-04-02 11:10:45 [main] INFO  o.h.c.i.RegionFactoryInitiator - HHH000026: Second-level cache disabled
2026-04-02 11:10:45 [main] INFO  o.s.o.j.p.SpringPersistenceUnitInfo - No LoadTimeWeaver setup: ignoring JPA class transformer
2026-04-02 11:10:45 [main] INFO  com.zaxxer.hikari.HikariDataSource - HikariPool-1 - Starting...
2026-04-02 11:10:45 [main] INFO  com.zaxxer.hikari.pool.HikariPool - HikariPool-1 - Added connection com.mysql.cj.jdbc.ConnectionImpl@1214d23c
2026-04-02 11:10:45 [main] INFO  com.zaxxer.hikari.HikariDataSource - HikariPool-1 - Start completed.
2026-04-02 11:10:45 [main] WARN  org.hibernate.orm.deprecation - HHH90000025: MySQLDialect does not need to be specified explicitly using 'hibernate.dialect' (remove the property setting and it will be selected by default)
2026-04-02 11:10:46 [main] INFO  o.h.e.t.j.p.i.JtaPlatformInitiator - HHH000489: No JTA platform available (set 'hibernate.transaction.jta.platform' to enable JTA platform integration)
2026-04-02 11:10:46 [main] INFO  o.s.o.j.LocalContainerEntityManagerFactoryBean - Initialized JPA EntityManagerFactory for persistence unit 'default'
2026-04-02 11:10:46 [main] DEBUG c.h.h.config.JWTAuthFilter - Filter 'JWTAuthFilter' configured for use
2026-04-02 11:10:47 [main] WARN  o.s.b.a.o.j.JpaBaseConfiguration$JpaWebConfiguration - spring.jpa.open-in-view is enabled by default. Therefore, database queries may be performed during view rendering. Explicitly configure spring.jpa.open-in-view to disable this warning
2026-04-02 11:10:47 [main] INFO  o.s.s.web.DefaultSecurityFilterChain - Will secure any request with [org.springframework.security.web.session.DisableEncodeUrlFilter@5d3d5242, org.springframework.security.web.context.request.async.WebAsyncManagerIntegrationFilter@1a5c0b8, org.springframework.security.web.context.SecurityContextHolderFilter@8bb5c2a, org.springframework.security.web.header.HeaderWriterFilter@524b1e41, org.springframework.web.filter.CorsFilter@6894436e, org.springframework.security.web.authentication.logout.LogoutFilter@fc6cac6, com.hotel.hotel_backend.config.JWTAuthFilter@10abd94f, org.springframework.security.web.savedrequest.RequestCacheAwareFilter@a5df98c, org.springframework.security.web.servletapi.SecurityContextHolderAwareRequestFilter@5f1dadf4, org.springframework.security.web.authentication.AnonymousAuthenticationFilter@3f2feab7, org.springframework.security.web.session.SessionManagementFilter@58fadccb, org.springframework.security.web.access.ExceptionTranslationFilter@44ac94c2, org.springframework.security.web.access.intercept.AuthorizationFilter@1e284d90]
2026-04-02 11:10:47 [main] INFO  o.s.b.w.e.tomcat.TomcatWebServer - Tomcat started on port 8080 (http) with context path ''
2026-04-02 11:10:47 [main] INFO  c.h.h.HotelBackendApplication - Started HotelBackendApplication in 3.22 seconds (process running for 3.439)
2026-04-02 11:11:37 [http-nio-8080-exec-1] INFO  o.a.c.c.C.[Tomcat].[localhost].[/] - Initializing Spring DispatcherServlet 'dispatcherServlet'
2026-04-02 11:11:37 [http-nio-8080-exec-1] INFO  o.s.web.servlet.DispatcherServlet - Initializing Servlet 'dispatcherServlet'
2026-04-02 11:11:37 [http-nio-8080-exec-1] INFO  o.s.web.servlet.DispatcherServlet - Completed initialization in 0 ms
2026-04-02 11:11:37 [http-nio-8080-exec-1] DEBUG o.s.security.web.FilterChainProxy - Securing OPTIONS /api/auth/register
2026-04-02 11:11:37 [http-nio-8080-exec-1] WARN  o.s.w.s.h.HandlerMappingIntrospector - Cache miss for REQUEST dispatch to '/api/auth/register' (previous null). Performing CorsConfiguration lookup. This is logged once only at WARN level, and every time at TRACE.
2026-04-02 11:11:37 [http-nio-8080-exec-4] DEBUG o.s.security.web.FilterChainProxy - Securing POST /api/auth/register
2026-04-02 11:11:37 [http-nio-8080-exec-4] DEBUG o.s.s.w.a.AnonymousAuthenticationFilter - Set SecurityContextHolder to anonymous SecurityContext
2026-04-02 11:11:37 [http-nio-8080-exec-4] WARN  o.s.w.s.h.HandlerMappingIntrospector - Cache miss for REQUEST dispatch to '/api/auth/register' (previous null). Performing MatchableHandlerMapping lookup. This is logged once only at WARN level, and every time at TRACE.
2026-04-02 11:11:37 [http-nio-8080-exec-4] DEBUG o.s.s.w.a.Http403ForbiddenEntryPoint - Pre-authenticated entry point called. Rejecting access
2026-04-02 11:11:37 [http-nio-8080-exec-4] DEBUG o.s.security.web.FilterChainProxy - Securing POST /error
2026-04-02 11:11:37 [http-nio-8080-exec-4] DEBUG o.s.s.w.a.AnonymousAuthenticationFilter - Set SecurityContextHolder to anonymous SecurityContext
2026-04-02 11:11:37 [http-nio-8080-exec-4] DEBUG o.s.s.w.a.Http403ForbiddenEntryPoint - Pre-authenticated entry point called. Rejecting access
2026-04-02 11:11:41 [http-nio-8080-exec-3] DEBUG o.s.security.web.FilterChainProxy - Securing POST /api/auth/register
2026-04-02 11:11:41 [http-nio-8080-exec-3] DEBUG o.s.s.w.a.AnonymousAuthenticationFilter - Set SecurityContextHolder to anonymous SecurityContext
2026-04-02 11:11:41 [http-nio-8080-exec-3] DEBUG o.s.s.w.a.Http403ForbiddenEntryPoint - Pre-authenticated entry point called. Rejecting access
2026-04-02 11:11:41 [http-nio-8080-exec-3] DEBUG o.s.security.web.FilterChainProxy - Securing POST /error
2026-04-02 11:11:41 [http-nio-8080-exec-3] DEBUG o.s.s.w.a.AnonymousAuthenticationFilter - Set SecurityContextHolder to anonymous SecurityContext
2026-04-02 11:11:41 [http-nio-8080-exec-3] DEBUG o.s.s.w.a.Http403ForbiddenEntryPoint - Pre-authenticated entry point called. Rejecting access
2026-04-02 11:11:42 [http-nio-8080-exec-2] DEBUG o.s.security.web.FilterChainProxy - Securing POST /api/auth/register
2026-04-02 11:11:42 [http-nio-8080-exec-2] DEBUG o.s.s.w.a.AnonymousAuthenticationFilter - Set SecurityContextHolder to anonymous SecurityContext
2026-04-02 11:11:42 [http-nio-8080-exec-2] DEBUG o.s.s.w.a.Http403ForbiddenEntryPoint - Pre-authenticated entry point called. Rejecting access
2026-04-02 11:11:42 [http-nio-8080-exec-2] DEBUG o.s.security.web.FilterChainProxy - Securing POST /error
2026-04-02 11:11:42 [http-nio-8080-exec-2] DEBUG o.s.s.w.a.AnonymousAuthenticationFilter - Set SecurityContextHolder to anonymous SecurityContext
2026-04-02 11:11:42 [http-nio-8080-exec-2] DEBUG o.s.s.w.a.Http403ForbiddenEntryPoint - Pre-authenticated entry point called. Rejecting access
2026-04-02 11:12:17 [http-nio-8080-exec-5] DEBUG o.s.security.web.FilterChainProxy - Securing POST /api/auth/register
2026-04-02 11:12:17 [http-nio-8080-exec-5] DEBUG o.s.s.w.a.AnonymousAuthenticationFilter - Set SecurityContextHolder to anonymous SecurityContext
2026-04-02 11:12:17 [http-nio-8080-exec-5] DEBUG o.s.s.w.a.Http403ForbiddenEntryPoint - Pre-authenticated entry point called. Rejecting access
2026-04-02 11:12:17 [http-nio-8080-exec-5] DEBUG o.s.security.web.FilterChainProxy - Securing POST /error
2026-04-02 11:12:17 [http-nio-8080-exec-5] DEBUG o.s.s.w.a.AnonymousAuthenticationFilter - Set SecurityContextHolder to anonymous SecurityContext
2026-04-02 11:12:17 [http-nio-8080-exec-5] DEBUG o.s.s.w.a.Http403ForbiddenEntryPoint - Pre-authenticated entry point called. Rejecting access
2026-04-02 11:16:09 [http-nio-8080-exec-7] DEBUG o.s.security.web.FilterChainProxy - Securing POST /api/auth/register
2026-04-02 11:16:09 [http-nio-8080-exec-7] DEBUG o.s.s.w.a.AnonymousAuthenticationFilter - Set SecurityContextHolder to anonymous SecurityContext
2026-04-02 11:16:09 [http-nio-8080-exec-7] DEBUG o.s.s.w.a.Http403ForbiddenEntryPoint - Pre-authenticated entry point called. Rejecting access
2026-04-02 11:16:09 [http-nio-8080-exec-7] DEBUG o.s.security.web.FilterChainProxy - Securing POST /error
2026-04-02 11:16:09 [http-nio-8080-exec-7] DEBUG o.s.s.w.a.AnonymousAuthenticationFilter - Set SecurityContextHolder to anonymous SecurityContext
2026-04-02 11:16:09 [http-nio-8080-exec-7] DEBUG o.s.s.w.a.Http403ForbiddenEntryPoint - Pre-authenticated entry point called. Rejecting access
2026-04-02 11:16:23 [http-nio-8080-exec-8] DEBUG o.s.security.web.FilterChainProxy - Securing POST /api/auth/register
2026-04-02 11:16:23 [http-nio-8080-exec-8] DEBUG o.s.s.w.a.AnonymousAuthenticationFilter - Set SecurityContextHolder to anonymous SecurityContext
2026-04-02 11:16:23 [http-nio-8080-exec-8] DEBUG o.s.s.w.a.Http403ForbiddenEntryPoint - Pre-authenticated entry point called. Rejecting access
2026-04-02 11:16:23 [http-nio-8080-exec-8] DEBUG o.s.security.web.FilterChainProxy - Securing POST /error
2026-04-02 11:16:23 [http-nio-8080-exec-8] DEBUG o.s.s.w.a.AnonymousAuthenticationFilter - Set SecurityContextHolder to anonymous SecurityContext
2026-04-02 11:16:23 [http-nio-8080-exec-8] DEBUG o.s.s.w.a.Http403ForbiddenEntryPoint - Pre-authenticated entry point called. Rejecting access
2026-04-02 11:17:46 [SpringApplicationShutdownHook] INFO  o.s.o.j.LocalContainerEntityManagerFactoryBean - Closing JPA EntityManagerFactory for persistence unit 'default'
2026-04-02 11:17:46 [SpringApplicationShutdownHook] INFO  com.zaxxer.hikari.HikariDataSource - HikariPool-1 - Shutdown initiated...
2026-04-02 11:17:46 [SpringApplicationShutdownHook] INFO  com.zaxxer.hikari.HikariDataSource - HikariPool-1 - Shutdown completed.
2026-04-02 11:17:55 [main] INFO  c.h.h.HotelBackendApplication - Starting HotelBackendApplication using Java 21.0.10 with PID 20016 (C:\Users\girid\Desktop\HotelBooking\hotel-backend\target\classes started by girid in C:\Users\girid\Desktop\HotelBooking\hotel-backend)
2026-04-02 11:17:55 [main] DEBUG c.h.h.HotelBackendApplication - Running with Spring Boot v3.2.0, Spring v6.1.1
2026-04-02 11:17:55 [main] INFO  c.h.h.HotelBackendApplication - No active profile set, falling back to 1 default profile: "default"
2026-04-02 11:17:56 [main] INFO  o.s.d.r.c.RepositoryConfigurationDelegate - Bootstrapping Spring Data JPA repositories in DEFAULT mode.
2026-04-02 11:17:56 [main] INFO  o.s.d.r.c.RepositoryConfigurationDelegate - Finished Spring Data repository scanning in 44 ms. Found 4 JPA repository interfaces.
2026-04-02 11:17:56 [main] INFO  o.s.b.w.e.tomcat.TomcatWebServer - Tomcat initialized with port 8080 (http)
2026-04-02 11:17:56 [main] INFO  o.a.catalina.core.StandardService - Starting service [Tomcat]
2026-04-02 11:17:56 [main] INFO  o.a.catalina.core.StandardEngine - Starting Servlet engine: [Apache Tomcat/10.1.16]
2026-04-02 11:17:56 [main] INFO  o.a.c.c.C.[Tomcat].[localhost].[/] - Initializing Spring embedded WebApplicationContext
2026-04-02 11:17:56 [main] INFO  o.s.b.w.s.c.ServletWebServerApplicationContext - Root WebApplicationContext: initialization completed in 1056 ms
2026-04-02 11:17:56 [main] INFO  o.h.jpa.internal.util.LogHelper - HHH000204: Processing PersistenceUnitInfo [name: default]
2026-04-02 11:17:56 [main] INFO  org.hibernate.Version - HHH000412: Hibernate ORM core version 6.3.1.Final
2026-04-02 11:17:56 [main] INFO  o.h.c.i.RegionFactoryInitiator - HHH000026: Second-level cache disabled
2026-04-02 11:17:56 [main] INFO  o.s.o.j.p.SpringPersistenceUnitInfo - No LoadTimeWeaver setup: ignoring JPA class transformer
2026-04-02 11:17:56 [main] INFO  com.zaxxer.hikari.HikariDataSource - HikariPool-1 - Starting...
2026-04-02 11:17:57 [main] INFO  com.zaxxer.hikari.pool.HikariPool - HikariPool-1 - Added connection com.mysql.cj.jdbc.ConnectionImpl@2b936b04
2026-04-02 11:17:57 [main] INFO  com.zaxxer.hikari.HikariDataSource - HikariPool-1 - Start completed.
2026-04-02 11:17:57 [main] WARN  org.hibernate.orm.deprecation - HHH90000025: MySQLDialect does not need to be specified explicitly using 'hibernate.dialect' (remove the property setting and it will be selected by default)
2026-04-02 11:17:57 [main] INFO  o.h.e.t.j.p.i.JtaPlatformInitiator - HHH000489: No JTA platform available (set 'hibernate.transaction.jta.platform' to enable JTA platform integration)
2026-04-02 11:17:57 [main] INFO  o.s.o.j.LocalContainerEntityManagerFactoryBean - Initialized JPA EntityManagerFactory for persistence unit 'default'
2026-04-02 11:17:58 [main] DEBUG c.h.h.config.JWTAuthFilter - Filter 'JWTAuthFilter' configured for use
2026-04-02 11:17:58 [main] WARN  o.s.b.a.o.j.JpaBaseConfiguration$JpaWebConfiguration - spring.jpa.open-in-view is enabled by default. Therefore, database queries may be performed during view rendering. Explicitly configure spring.jpa.open-in-view to disable this warning
2026-04-02 11:17:58 [main] INFO  o.s.s.web.DefaultSecurityFilterChain - Will secure any request with [org.springframework.security.web.session.DisableEncodeUrlFilter@481f698f, org.springframework.security.web.context.request.async.WebAsyncManagerIntegrationFilter@41ae9f11, org.springframework.security.web.context.SecurityContextHolderFilter@6df4d8f1, org.springframework.security.web.header.HeaderWriterFilter@1146e32e, org.springframework.web.filter.CorsFilter@45a40353, org.springframework.security.web.authentication.logout.LogoutFilter@6731b6bd, com.hotel.hotel_backend.config.JWTAuthFilter@145ef9e8, org.springframework.security.web.savedrequest.RequestCacheAwareFilter@34893693, org.springframework.security.web.servletapi.SecurityContextHolderAwareRequestFilter@6408a8ac, org.springframework.security.web.authentication.AnonymousAuthenticationFilter@33efa7d4, org.springframework.security.web.session.SessionManagementFilter@d827673, org.springframework.security.web.access.ExceptionTranslationFilter@46ae897c, org.springframework.security.web.access.intercept.AuthorizationFilter@3d0697da]
2026-04-02 11:17:58 [main] INFO  o.s.b.w.e.tomcat.TomcatWebServer - Tomcat started on port 8080 (http) with context path ''
2026-04-02 11:17:58 [main] INFO  c.h.h.HotelBackendApplication - Started HotelBackendApplication in 3.613 seconds (process running for 3.878)
2026-04-02 11:18:26 [http-nio-8080-exec-1] INFO  o.a.c.c.C.[Tomcat].[localhost].[/] - Initializing Spring DispatcherServlet 'dispatcherServlet'
2026-04-02 11:18:26 [http-nio-8080-exec-1] INFO  o.s.web.servlet.DispatcherServlet - Initializing Servlet 'dispatcherServlet'
2026-04-02 11:18:26 [http-nio-8080-exec-1] INFO  o.s.web.servlet.DispatcherServlet - Completed initialization in 3 ms
2026-04-02 11:18:26 [http-nio-8080-exec-1] DEBUG o.s.security.web.FilterChainProxy - Securing POST /api/auth/register
2026-04-02 11:18:26 [http-nio-8080-exec-1] WARN  o.s.w.s.h.HandlerMappingIntrospector - Cache miss for REQUEST dispatch to '/api/auth/register' (previous null). Performing CorsConfiguration lookup. This is logged once only at WARN level, and every time at TRACE.
2026-04-02 11:18:26 [http-nio-8080-exec-1] DEBUG o.s.s.w.a.AnonymousAuthenticationFilter - Set SecurityContextHolder to anonymous SecurityContext
2026-04-02 11:18:26 [http-nio-8080-exec-1] WARN  o.s.w.s.h.HandlerMappingIntrospector - Cache miss for REQUEST dispatch to '/api/auth/register' (previous null). Performing MatchableHandlerMapping lookup. This is logged once only at WARN level, and every time at TRACE.
2026-04-02 11:18:26 [http-nio-8080-exec-1] DEBUG o.s.s.w.a.Http403ForbiddenEntryPoint - Pre-authenticated entry point called. Rejecting access
2026-04-02 11:18:26 [http-nio-8080-exec-1] DEBUG o.s.security.web.FilterChainProxy - Securing POST /error
2026-04-02 11:18:26 [http-nio-8080-exec-1] DEBUG o.s.s.w.a.AnonymousAuthenticationFilter - Set SecurityContextHolder to anonymous SecurityContext
2026-04-02 11:18:26 [http-nio-8080-exec-1] DEBUG o.s.s.w.a.Http403ForbiddenEntryPoint - Pre-authenticated entry point called. Rejecting access
2026-04-02 11:18:34 [http-nio-8080-exec-9] DEBUG o.s.security.web.FilterChainProxy - Securing POST /api/auth/register
2026-04-02 11:18:34 [http-nio-8080-exec-9] DEBUG o.s.s.w.a.AnonymousAuthenticationFilter - Set SecurityContextHolder to anonymous SecurityContext
2026-04-02 11:18:34 [http-nio-8080-exec-9] DEBUG o.s.s.w.a.Http403ForbiddenEntryPoint - Pre-authenticated entry point called. Rejecting access
2026-04-02 11:18:34 [http-nio-8080-exec-9] DEBUG o.s.security.web.FilterChainProxy - Securing POST /error
2026-04-02 11:18:34 [http-nio-8080-exec-9] DEBUG o.s.s.w.a.AnonymousAuthenticationFilter - Set SecurityContextHolder to anonymous SecurityContext
2026-04-02 11:18:34 [http-nio-8080-exec-9] DEBUG o.s.s.w.a.Http403ForbiddenEntryPoint - Pre-authenticated entry point called. Rejecting access
2026-04-02 11:20:07 [SpringApplicationShutdownHook] INFO  o.s.o.j.LocalContainerEntityManagerFactoryBean - Closing JPA EntityManagerFactory for persistence unit 'default'
2026-04-02 11:20:07 [SpringApplicationShutdownHook] INFO  com.zaxxer.hikari.HikariDataSource - HikariPool-1 - Shutdown initiated...
2026-04-02 11:20:07 [SpringApplicationShutdownHook] INFO  com.zaxxer.hikari.HikariDataSource - HikariPool-1 - Shutdown completed.
2026-04-02 11:20:13 [main] INFO  c.h.h.HotelBackendApplication - Starting HotelBackendApplication using Java 21.0.10 with PID 7912 (C:\Users\girid\Desktop\HotelBooking\hotel-backend\target\classes started by girid in C:\Users\girid\Desktop\HotelBooking\hotel-backend)
2026-04-02 11:20:13 [main] DEBUG c.h.h.HotelBackendApplication - Running with Spring Boot v3.2.0, Spring v6.1.1
2026-04-02 11:20:13 [main] INFO  c.h.h.HotelBackendApplication - No active profile set, falling back to 1 default profile: "default"
2026-04-02 11:20:13 [main] INFO  o.s.d.r.c.RepositoryConfigurationDelegate - Bootstrapping Spring Data JPA repositories in DEFAULT mode.
2026-04-02 11:20:13 [main] INFO  o.s.d.r.c.RepositoryConfigurationDelegate - Finished Spring Data repository scanning in 39 ms. Found 4 JPA repository interfaces.
2026-04-02 11:20:14 [main] INFO  o.s.b.w.e.tomcat.TomcatWebServer - Tomcat initialized with port 8080 (http)
2026-04-02 11:20:14 [main] INFO  o.a.catalina.core.StandardService - Starting service [Tomcat]
2026-04-02 11:20:14 [main] INFO  o.a.catalina.core.StandardEngine - Starting Servlet engine: [Apache Tomcat/10.1.16]
2026-04-02 11:20:14 [main] INFO  o.a.c.c.C.[Tomcat].[localhost].[/] - Initializing Spring embedded WebApplicationContext
2026-04-02 11:20:14 [main] INFO  o.s.b.w.s.c.ServletWebServerApplicationContext - Root WebApplicationContext: initialization completed in 933 ms
2026-04-02 11:20:14 [main] INFO  o.h.jpa.internal.util.LogHelper - HHH000204: Processing PersistenceUnitInfo [name: default]
2026-04-02 11:20:14 [main] INFO  org.hibernate.Version - HHH000412: Hibernate ORM core version 6.3.1.Final
2026-04-02 11:20:14 [main] INFO  o.h.c.i.RegionFactoryInitiator - HHH000026: Second-level cache disabled
2026-04-02 11:20:14 [main] INFO  o.s.o.j.p.SpringPersistenceUnitInfo - No LoadTimeWeaver setup: ignoring JPA class transformer
2026-04-02 11:20:14 [main] INFO  com.zaxxer.hikari.HikariDataSource - HikariPool-1 - Starting...
2026-04-02 11:20:14 [main] INFO  com.zaxxer.hikari.pool.HikariPool - HikariPool-1 - Added connection com.mysql.cj.jdbc.ConnectionImpl@3c09a350
2026-04-02 11:20:14 [main] INFO  com.zaxxer.hikari.HikariDataSource - HikariPool-1 - Start completed.
2026-04-02 11:20:14 [main] WARN  org.hibernate.orm.deprecation - HHH90000025: MySQLDialect does not need to be specified explicitly using 'hibernate.dialect' (remove the property setting and it will be selected by default)
2026-04-02 11:20:15 [main] INFO  o.h.e.t.j.p.i.JtaPlatformInitiator - HHH000489: No JTA platform available (set 'hibernate.transaction.jta.platform' to enable JTA platform integration)
2026-04-02 11:20:15 [main] INFO  o.s.o.j.LocalContainerEntityManagerFactoryBean - Initialized JPA EntityManagerFactory for persistence unit 'default'
2026-04-02 11:20:15 [main] DEBUG c.h.h.config.JWTAuthFilter - Filter 'JWTAuthFilter' configured for use
2026-04-02 11:20:15 [main] WARN  o.s.b.a.o.j.JpaBaseConfiguration$JpaWebConfiguration - spring.jpa.open-in-view is enabled by default. Therefore, database queries may be performed during view rendering. Explicitly configure spring.jpa.open-in-view to disable this warning
2026-04-02 11:20:15 [main] INFO  o.s.s.web.DefaultSecurityFilterChain - Will secure any request with [org.springframework.security.web.session.DisableEncodeUrlFilter@27a23d87, org.springframework.security.web.context.request.async.WebAsyncManagerIntegrationFilter@72155315, org.springframework.security.web.context.SecurityContextHolderFilter@160d68b8, org.springframework.security.web.header.HeaderWriterFilter@711fbcef, org.springframework.web.filter.CorsFilter@2cbae0f1, org.springframework.security.web.authentication.logout.LogoutFilter@61c11339, com.hotel.hotel_backend.config.JWTAuthFilter@6a24c41d, org.springframework.security.web.savedrequest.RequestCacheAwareFilter@1d77d9c6, org.springframework.security.web.servletapi.SecurityContextHolderAwareRequestFilter@2c5b4b91, org.springframework.security.web.authentication.AnonymousAuthenticationFilter@3bf4b018, org.springframework.security.web.session.SessionManagementFilter@75693526, org.springframework.security.web.access.ExceptionTranslationFilter@7916568d, org.springframework.security.web.access.intercept.AuthorizationFilter@7a25f8ee]
2026-04-02 11:20:16 [main] INFO  o.s.b.w.e.tomcat.TomcatWebServer - Tomcat started on port 8080 (http) with context path ''
2026-04-02 11:20:16 [main] INFO  c.h.h.HotelBackendApplication - Started HotelBackendApplication in 3.132 seconds (process running for 3.377)
2026-04-02 11:20:35 [http-nio-8080-exec-1] INFO  o.a.c.c.C.[Tomcat].[localhost].[/] - Initializing Spring DispatcherServlet 'dispatcherServlet'
2026-04-02 11:20:35 [http-nio-8080-exec-1] INFO  o.s.web.servlet.DispatcherServlet - Initializing Servlet 'dispatcherServlet'
2026-04-02 11:20:35 [http-nio-8080-exec-1] INFO  o.s.web.servlet.DispatcherServlet - Completed initialization in 7 ms
2026-04-02 11:20:35 [http-nio-8080-exec-1] DEBUG o.s.security.web.FilterChainProxy - Securing POST /api/auth/register
2026-04-02 11:20:35 [http-nio-8080-exec-1] WARN  o.s.w.s.h.HandlerMappingIntrospector - Cache miss for REQUEST dispatch to '/api/auth/register' (previous null). Performing CorsConfiguration lookup. This is logged once only at WARN level, and every time at TRACE.
2026-04-02 11:20:35 [http-nio-8080-exec-1] DEBUG o.s.s.w.a.AnonymousAuthenticationFilter - Set SecurityContextHolder to anonymous SecurityContext
2026-04-02 11:20:35 [http-nio-8080-exec-1] WARN  o.s.w.s.h.HandlerMappingIntrospector - Cache miss for REQUEST dispatch to '/api/auth/register' (previous null). Performing MatchableHandlerMapping lookup. This is logged once only at WARN level, and every time at TRACE.
2026-04-02 11:20:35 [http-nio-8080-exec-1] DEBUG o.s.s.w.a.Http403ForbiddenEntryPoint - Pre-authenticated entry point called. Rejecting access
2026-04-02 11:20:35 [http-nio-8080-exec-1] DEBUG o.s.security.web.FilterChainProxy - Securing POST /error
2026-04-02 11:20:35 [http-nio-8080-exec-1] DEBUG o.s.s.w.a.AnonymousAuthenticationFilter - Set SecurityContextHolder to anonymous SecurityContext
2026-04-02 11:20:35 [http-nio-8080-exec-1] DEBUG o.s.s.w.a.Http403ForbiddenEntryPoint - Pre-authenticated entry point called. Rejecting access
2026-04-02 11:20:36 [http-nio-8080-exec-4] DEBUG o.s.security.web.FilterChainProxy - Securing POST /api/auth/register
2026-04-02 11:20:36 [http-nio-8080-exec-4] DEBUG o.s.s.w.a.AnonymousAuthenticationFilter - Set SecurityContextHolder to anonymous SecurityContext
2026-04-02 11:20:37 [http-nio-8080-exec-4] DEBUG o.s.s.w.a.Http403ForbiddenEntryPoint - Pre-authenticated entry point called. Rejecting access
2026-04-02 11:20:37 [http-nio-8080-exec-4] DEBUG o.s.security.web.FilterChainProxy - Securing POST /error
2026-04-02 11:20:37 [http-nio-8080-exec-4] DEBUG o.s.s.w.a.AnonymousAuthenticationFilter - Set SecurityContextHolder to anonymous SecurityContext
2026-04-02 11:20:37 [http-nio-8080-exec-4] DEBUG o.s.s.w.a.Http403ForbiddenEntryPoint - Pre-authenticated entry point called. Rejecting access
2026-04-02 11:24:05 [http-nio-8080-exec-5] DEBUG o.s.security.web.FilterChainProxy - Securing GET /api/hotels
2026-04-02 11:24:05 [http-nio-8080-exec-6] DEBUG o.s.security.web.FilterChainProxy - Securing GET /api/hotels/locations
2026-04-02 11:24:05 [http-nio-8080-exec-6] DEBUG o.s.s.w.a.AnonymousAuthenticationFilter - Set SecurityContextHolder to anonymous SecurityContext
2026-04-02 11:24:05 [http-nio-8080-exec-5] DEBUG o.s.s.w.a.AnonymousAuthenticationFilter - Set SecurityContextHolder to anonymous SecurityContext
2026-04-02 11:24:05 [http-nio-8080-exec-6] DEBUG o.s.s.w.a.Http403ForbiddenEntryPoint - Pre-authenticated entry point called. Rejecting access
2026-04-02 11:24:05 [http-nio-8080-exec-5] DEBUG o.s.s.w.a.Http403ForbiddenEntryPoint - Pre-authenticated entry point called. Rejecting access
2026-04-02 11:24:05 [http-nio-8080-exec-6] DEBUG o.s.security.web.FilterChainProxy - Securing GET /error
2026-04-02 11:24:05 [http-nio-8080-exec-5] DEBUG o.s.security.web.FilterChainProxy - Securing GET /error
2026-04-02 11:24:05 [http-nio-8080-exec-6] DEBUG o.s.s.w.a.AnonymousAuthenticationFilter - Set SecurityContextHolder to anonymous SecurityContext
2026-04-02 11:24:05 [http-nio-8080-exec-5] DEBUG o.s.s.w.a.AnonymousAuthenticationFilter - Set SecurityContextHolder to anonymous SecurityContext
2026-04-02 11:24:05 [http-nio-8080-exec-6] DEBUG o.s.s.w.a.Http403ForbiddenEntryPoint - Pre-authenticated entry point called. Rejecting access
2026-04-02 11:24:05 [http-nio-8080-exec-5] DEBUG o.s.s.w.a.Http403ForbiddenEntryPoint - Pre-authenticated entry point called. Rejecting access
2026-04-02 11:24:05 [http-nio-8080-exec-7] DEBUG o.s.security.web.FilterChainProxy - Securing GET /api/hotels/locations
2026-04-02 11:24:05 [http-nio-8080-exec-3] DEBUG o.s.security.web.FilterChainProxy - Securing GET /api/hotels
2026-04-02 11:24:05 [http-nio-8080-exec-7] DEBUG o.s.s.w.a.AnonymousAuthenticationFilter - Set SecurityContextHolder to anonymous SecurityContext
2026-04-02 11:24:05 [http-nio-8080-exec-3] DEBUG o.s.s.w.a.AnonymousAuthenticationFilter - Set SecurityContextHolder to anonymous SecurityContext
2026-04-02 11:24:05 [http-nio-8080-exec-3] DEBUG o.s.s.w.a.Http403ForbiddenEntryPoint - Pre-authenticated entry point called. Rejecting access
2026-04-02 11:24:05 [http-nio-8080-exec-7] DEBUG o.s.s.w.a.Http403ForbiddenEntryPoint - Pre-authenticated entry point called. Rejecting access
2026-04-02 11:24:05 [http-nio-8080-exec-7] DEBUG o.s.security.web.FilterChainProxy - Securing GET /error
2026-04-02 11:24:05 [http-nio-8080-exec-3] DEBUG o.s.security.web.FilterChainProxy - Securing GET /error
2026-04-02 11:24:05 [http-nio-8080-exec-7] DEBUG o.s.s.w.a.AnonymousAuthenticationFilter - Set SecurityContextHolder to anonymous SecurityContext
2026-04-02 11:24:05 [http-nio-8080-exec-3] DEBUG o.s.s.w.a.AnonymousAuthenticationFilter - Set SecurityContextHolder to anonymous SecurityContext
2026-04-02 11:24:05 [http-nio-8080-exec-7] DEBUG o.s.s.w.a.Http403ForbiddenEntryPoint - Pre-authenticated entry point called. Rejecting access
2026-04-02 11:24:05 [http-nio-8080-exec-3] DEBUG o.s.s.w.a.Http403ForbiddenEntryPoint - Pre-authenticated entry point called. Rejecting access
2026-04-02 11:24:48 [http-nio-8080-exec-10] DEBUG o.s.security.web.FilterChainProxy - Securing GET /api/hotels/locations
2026-04-02 11:24:48 [http-nio-8080-exec-8] DEBUG o.s.security.web.FilterChainProxy - Securing GET /api/hotels
2026-04-02 11:24:48 [http-nio-8080-exec-10] DEBUG o.s.s.w.a.AnonymousAuthenticationFilter - Set SecurityContextHolder to anonymous SecurityContext
2026-04-02 11:24:48 [http-nio-8080-exec-8] DEBUG o.s.s.w.a.AnonymousAuthenticationFilter - Set SecurityContextHolder to anonymous SecurityContext
2026-04-02 11:24:48 [http-nio-8080-exec-10] DEBUG o.s.s.w.a.Http403ForbiddenEntryPoint - Pre-authenticated entry point called. Rejecting access
2026-04-02 11:24:48 [http-nio-8080-exec-8] DEBUG o.s.s.w.a.Http403ForbiddenEntryPoint - Pre-authenticated entry point called. Rejecting access
2026-04-02 11:24:48 [http-nio-8080-exec-10] DEBUG o.s.security.web.FilterChainProxy - Securing GET /error
2026-04-02 11:24:48 [http-nio-8080-exec-8] DEBUG o.s.security.web.FilterChainProxy - Securing GET /error
2026-04-02 11:24:48 [http-nio-8080-exec-10] DEBUG o.s.s.w.a.AnonymousAuthenticationFilter - Set SecurityContextHolder to anonymous SecurityContext
2026-04-02 11:24:48 [http-nio-8080-exec-10] DEBUG o.s.s.w.a.Http403ForbiddenEntryPoint - Pre-authenticated entry point called. Rejecting access
2026-04-02 11:24:48 [http-nio-8080-exec-8] DEBUG o.s.s.w.a.AnonymousAuthenticationFilter - Set SecurityContextHolder to anonymous SecurityContext
2026-04-02 11:24:48 [http-nio-8080-exec-9] DEBUG o.s.security.web.FilterChainProxy - Securing GET /api/hotels/locations
2026-04-02 11:24:48 [http-nio-8080-exec-8] DEBUG o.s.s.w.a.Http403ForbiddenEntryPoint - Pre-authenticated entry point called. Rejecting access
2026-04-02 11:24:48 [http-nio-8080-exec-1] DEBUG o.s.security.web.FilterChainProxy - Securing GET /api/hotels
2026-04-02 11:24:48 [http-nio-8080-exec-9] DEBUG o.s.s.w.a.AnonymousAuthenticationFilter - Set SecurityContextHolder to anonymous SecurityContext
2026-04-02 11:24:48 [http-nio-8080-exec-1] DEBUG o.s.s.w.a.AnonymousAuthenticationFilter - Set SecurityContextHolder to anonymous SecurityContext
2026-04-02 11:24:48 [http-nio-8080-exec-9] DEBUG o.s.s.w.a.Http403ForbiddenEntryPoint - Pre-authenticated entry point called. Rejecting access
2026-04-02 11:24:48 [http-nio-8080-exec-9] DEBUG o.s.security.web.FilterChainProxy - Securing GET /error
2026-04-02 11:24:48 [http-nio-8080-exec-1] DEBUG o.s.s.w.a.Http403ForbiddenEntryPoint - Pre-authenticated entry point called. Rejecting access
2026-04-02 11:24:48 [http-nio-8080-exec-1] DEBUG o.s.security.web.FilterChainProxy - Securing GET /error
2026-04-02 11:24:48 [http-nio-8080-exec-9] DEBUG o.s.s.w.a.AnonymousAuthenticationFilter - Set SecurityContextHolder to anonymous SecurityContext
2026-04-02 11:24:48 [http-nio-8080-exec-9] DEBUG o.s.s.w.a.Http403ForbiddenEntryPoint - Pre-authenticated entry point called. Rejecting access
2026-04-02 11:24:48 [http-nio-8080-exec-1] DEBUG o.s.s.w.a.AnonymousAuthenticationFilter - Set SecurityContextHolder to anonymous SecurityContext
2026-04-02 11:24:48 [http-nio-8080-exec-1] DEBUG o.s.s.w.a.Http403ForbiddenEntryPoint - Pre-authenticated entry point called. Rejecting access
2026-04-02 11:33:54 [main] INFO  c.h.h.HotelBackendApplication - Starting HotelBackendApplication using Java 21.0.10 with PID 7460 (C:\Users\girid\Desktop\HotelBooking\hotel-backend\target\classes started by girid in C:\Users\girid\Desktop\HotelBooking\hotel-backend)
2026-04-02 11:33:54 [main] DEBUG c.h.h.HotelBackendApplication - Running with Spring Boot v3.2.0, Spring v6.1.1
2026-04-02 11:33:54 [main] INFO  c.h.h.HotelBackendApplication - No active profile set, falling back to 1 default profile: "default"
2026-04-02 11:33:55 [main] INFO  o.s.d.r.c.RepositoryConfigurationDelegate - Bootstrapping Spring Data JPA repositories in DEFAULT mode.
2026-04-02 11:33:55 [main] INFO  o.s.d.r.c.RepositoryConfigurationDelegate - Finished Spring Data repository scanning in 72 ms. Found 4 JPA repository interfaces.
2026-04-02 11:33:56 [main] INFO  o.s.b.w.e.tomcat.TomcatWebServer - Tomcat initialized with port 8080 (http)
2026-04-02 11:33:56 [main] INFO  o.a.catalina.core.StandardService - Starting service [Tomcat]
2026-04-02 11:33:56 [main] INFO  o.a.catalina.core.StandardEngine - Starting Servlet engine: [Apache Tomcat/10.1.16]
2026-04-02 11:33:56 [main] INFO  o.a.c.c.C.[Tomcat].[localhost].[/] - Initializing Spring embedded WebApplicationContext
2026-04-02 11:33:56 [main] INFO  o.s.b.w.s.c.ServletWebServerApplicationContext - Root WebApplicationContext: initialization completed in 1485 ms
2026-04-02 11:33:56 [main] INFO  o.h.jpa.internal.util.LogHelper - HHH000204: Processing PersistenceUnitInfo [name: default]
2026-04-02 11:33:56 [main] INFO  org.hibernate.Version - HHH000412: Hibernate ORM core version 6.3.1.Final
2026-04-02 11:33:56 [main] INFO  o.h.c.i.RegionFactoryInitiator - HHH000026: Second-level cache disabled
2026-04-02 11:33:56 [main] INFO  o.s.o.j.p.SpringPersistenceUnitInfo - No LoadTimeWeaver setup: ignoring JPA class transformer
2026-04-02 11:33:56 [main] INFO  com.zaxxer.hikari.HikariDataSource - HikariPool-1 - Starting...
2026-04-02 11:33:56 [main] INFO  com.zaxxer.hikari.pool.HikariPool - HikariPool-1 - Added connection com.mysql.cj.jdbc.ConnectionImpl@6c6379c
2026-04-02 11:33:56 [main] INFO  com.zaxxer.hikari.HikariDataSource - HikariPool-1 - Start completed.
2026-04-02 11:33:56 [main] WARN  org.hibernate.orm.deprecation - HHH90000025: MySQL8Dialect does not need to be specified explicitly using 'hibernate.dialect' (remove the property setting and it will be selected by default)
2026-04-02 11:33:56 [main] WARN  org.hibernate.orm.deprecation - HHH90000026: MySQL8Dialect has been deprecated; use org.hibernate.dialect.MySQLDialect instead
2026-04-02 11:33:57 [main] INFO  o.h.e.t.j.p.i.JtaPlatformInitiator - HHH000489: No JTA platform available (set 'hibernate.transaction.jta.platform' to enable JTA platform integration)
2026-04-02 11:33:58 [main] INFO  o.s.o.j.LocalContainerEntityManagerFactoryBean - Initialized JPA EntityManagerFactory for persistence unit 'default'
2026-04-02 11:33:58 [main] DEBUG c.h.h.config.JWTAuthFilter - Filter 'JWTAuthFilter' configured for use
2026-04-02 11:33:58 [main] INFO  o.s.d.j.r.query.QueryEnhancerFactory - Hibernate is in classpath; If applicable, HQL parser will be used.
2026-04-02 11:33:59 [main] WARN  o.s.b.a.o.j.JpaBaseConfiguration$JpaWebConfiguration - spring.jpa.open-in-view is enabled by default. Therefore, database queries may be performed during view rendering. Explicitly configure spring.jpa.open-in-view to disable this warning
2026-04-02 11:34:00 [main] INFO  o.s.s.web.DefaultSecurityFilterChain - Will secure any request with [org.springframework.security.web.session.DisableEncodeUrlFilter@77f0b9d7, org.springframework.security.web.context.request.async.WebAsyncManagerIntegrationFilter@6c9c375, org.springframework.security.web.context.SecurityContextHolderFilter@21f9b360, org.springframework.security.web.header.HeaderWriterFilter@33e2808e, org.springframework.web.filter.CorsFilter@4de6c6b9, org.springframework.security.web.authentication.logout.LogoutFilter@6df38b48, com.hotel.hotel_backend.config.JWTAuthFilter@3adb4cc8, org.springframework.security.web.savedrequest.RequestCacheAwareFilter@6c53f543, org.springframework.security.web.servletapi.SecurityContextHolderAwareRequestFilter@62c72490, org.springframework.security.web.authentication.AnonymousAuthenticationFilter@4f141a7, org.springframework.security.web.session.SessionManagementFilter@57b4967e, org.springframework.security.web.access.ExceptionTranslationFilter@4c963d59, org.springframework.security.web.access.intercept.AuthorizationFilter@28ab3c60]
2026-04-02 11:34:00 [main] INFO  o.s.b.w.e.tomcat.TomcatWebServer - Tomcat started on port 8080 (http) with context path ''
2026-04-02 11:34:00 [main] INFO  c.h.h.HotelBackendApplication - Started HotelBackendApplication in 6.351 seconds (process running for 6.651)
2026-04-02 11:35:45 [http-nio-8080-exec-1] INFO  o.a.c.c.C.[Tomcat].[localhost].[/] - Initializing Spring DispatcherServlet 'dispatcherServlet'
2026-04-02 11:35:45 [http-nio-8080-exec-1] INFO  o.s.web.servlet.DispatcherServlet - Initializing Servlet 'dispatcherServlet'
2026-04-02 11:35:45 [http-nio-8080-exec-1] INFO  o.s.web.servlet.DispatcherServlet - Completed initialization in 4 ms
2026-04-02 11:39:12 [SpringApplicationShutdownHook] INFO  o.s.o.j.LocalContainerEntityManagerFactoryBean - Closing JPA EntityManagerFactory for persistence unit 'default'
2026-04-02 11:39:12 [SpringApplicationShutdownHook] INFO  com.zaxxer.hikari.HikariDataSource - HikariPool-1 - Shutdown initiated...
2026-04-02 11:39:12 [SpringApplicationShutdownHook] INFO  com.zaxxer.hikari.HikariDataSource - HikariPool-1 - Shutdown completed.
2026-04-02 11:39:20 [main] INFO  c.h.h.HotelBackendApplication - Starting HotelBackendApplication using Java 21.0.10 with PID 25436 (C:\Users\girid\Desktop\HotelBooking\hotel-backend\target\classes started by girid in C:\Users\girid\Desktop\HotelBooking\hotel-backend)
2026-04-02 11:39:20 [main] DEBUG c.h.h.HotelBackendApplication - Running with Spring Boot v3.2.0, Spring v6.1.1
2026-04-02 11:39:20 [main] INFO  c.h.h.HotelBackendApplication - No active profile set, falling back to 1 default profile: "default"
2026-04-02 11:39:21 [main] INFO  o.s.d.r.c.RepositoryConfigurationDelegate - Bootstrapping Spring Data JPA repositories in DEFAULT mode.
2026-04-02 11:39:21 [main] INFO  o.s.d.r.c.RepositoryConfigurationDelegate - Finished Spring Data repository scanning in 57 ms. Found 4 JPA repository interfaces.
2026-04-02 11:39:21 [main] INFO  o.s.b.w.e.tomcat.TomcatWebServer - Tomcat initialized with port 8080 (http)
2026-04-02 11:39:21 [main] INFO  o.a.catalina.core.StandardService - Starting service [Tomcat]
2026-04-02 11:39:21 [main] INFO  o.a.catalina.core.StandardEngine - Starting Servlet engine: [Apache Tomcat/10.1.16]
2026-04-02 11:39:21 [main] INFO  o.a.c.c.C.[Tomcat].[localhost].[/] - Initializing Spring embedded WebApplicationContext
2026-04-02 11:39:21 [main] INFO  o.s.b.w.s.c.ServletWebServerApplicationContext - Root WebApplicationContext: initialization completed in 1392 ms
2026-04-02 11:39:22 [main] INFO  o.h.jpa.internal.util.LogHelper - HHH000204: Processing PersistenceUnitInfo [name: default]
2026-04-02 11:39:22 [main] INFO  org.hibernate.Version - HHH000412: Hibernate ORM core version 6.3.1.Final
2026-04-02 11:39:22 [main] INFO  o.h.c.i.RegionFactoryInitiator - HHH000026: Second-level cache disabled
2026-04-02 11:39:22 [main] INFO  o.s.o.j.p.SpringPersistenceUnitInfo - No LoadTimeWeaver setup: ignoring JPA class transformer
2026-04-02 11:39:22 [main] INFO  com.zaxxer.hikari.HikariDataSource - HikariPool-1 - Starting...
2026-04-02 11:39:22 [main] INFO  com.zaxxer.hikari.pool.HikariPool - HikariPool-1 - Added connection com.mysql.cj.jdbc.ConnectionImpl@6c6379c
2026-04-02 11:39:22 [main] INFO  com.zaxxer.hikari.HikariDataSource - HikariPool-1 - Start completed.
2026-04-02 11:39:22 [main] WARN  org.hibernate.orm.deprecation - HHH90000025: MySQL8Dialect does not need to be specified explicitly using 'hibernate.dialect' (remove the property setting and it will be selected by default)
2026-04-02 11:39:22 [main] WARN  org.hibernate.orm.deprecation - HHH90000026: MySQL8Dialect has been deprecated; use org.hibernate.dialect.MySQLDialect instead
2026-04-02 11:39:25 [main] INFO  o.h.e.t.j.p.i.JtaPlatformInitiator - HHH000489: No JTA platform available (set 'hibernate.transaction.jta.platform' to enable JTA platform integration)
2026-04-02 11:39:25 [main] INFO  o.s.o.j.LocalContainerEntityManagerFactoryBean - Initialized JPA EntityManagerFactory for persistence unit 'default'
2026-04-02 11:39:26 [main] DEBUG c.h.h.config.JWTAuthFilter - Filter 'JWTAuthFilter' configured for use
2026-04-02 11:39:27 [main] INFO  o.s.d.j.r.query.QueryEnhancerFactory - Hibernate is in classpath; If applicable, HQL parser will be used.
2026-04-02 11:39:29 [main] WARN  o.s.b.a.o.j.JpaBaseConfiguration$JpaWebConfiguration - spring.jpa.open-in-view is enabled by default. Therefore, database queries may be performed during view rendering. Explicitly configure spring.jpa.open-in-view to disable this warning
2026-04-02 11:39:30 [main] INFO  o.s.s.web.DefaultSecurityFilterChain - Will secure any request with [org.springframework.security.web.session.DisableEncodeUrlFilter@ba8d7c7, org.springframework.security.web.context.request.async.WebAsyncManagerIntegrationFilter@313d5a87, org.springframework.security.web.context.SecurityContextHolderFilter@3c21bab4, org.springframework.security.web.header.HeaderWriterFilter@520dc647, org.springframework.web.filter.CorsFilter@5f50f63e, org.springframework.security.web.authentication.logout.LogoutFilter@56c45636, com.hotel.hotel_backend.config.JWTAuthFilter@6b7a0f18, org.springframework.security.web.savedrequest.RequestCacheAwareFilter@3fbf4614, org.springframework.security.web.servletapi.SecurityContextHolderAwareRequestFilter@64ca0be0, org.springframework.security.web.authentication.AnonymousAuthenticationFilter@24338110, org.springframework.security.web.session.SessionManagementFilter@667c2066, org.springframework.security.web.access.ExceptionTranslationFilter@5b6abe1f, org.springframework.security.web.access.intercept.AuthorizationFilter@26338386]
2026-04-02 11:39:30 [main] INFO  o.s.b.w.e.tomcat.TomcatWebServer - Tomcat started on port 8080 (http) with context path ''
2026-04-02 11:39:30 [main] INFO  c.h.h.HotelBackendApplication - Started HotelBackendApplication in 10.894 seconds (process running for 11.264)
2026-04-02 11:40:16 [SpringApplicationShutdownHook] INFO  o.s.o.j.LocalContainerEntityManagerFactoryBean - Closing JPA EntityManagerFactory for persistence unit 'default'
2026-04-02 11:40:16 [SpringApplicationShutdownHook] INFO  com.zaxxer.hikari.HikariDataSource - HikariPool-1 - Shutdown initiated...
2026-04-02 11:40:16 [SpringApplicationShutdownHook] INFO  com.zaxxer.hikari.HikariDataSource - HikariPool-1 - Shutdown completed.
2026-04-02 11:40:24 [main] INFO  c.h.h.HotelBackendApplication - Starting HotelBackendApplication using Java 21.0.10 with PID 2488 (C:\Users\girid\Desktop\HotelBooking\hotel-backend\target\classes started by girid in C:\Users\girid\Desktop\HotelBooking\hotel-backend)
2026-04-02 11:40:24 [main] DEBUG c.h.h.HotelBackendApplication - Running with Spring Boot v3.2.0, Spring v6.1.1
2026-04-02 11:40:24 [main] INFO  c.h.h.HotelBackendApplication - No active profile set, falling back to 1 default profile: "default"
2026-04-02 11:40:24 [main] INFO  o.s.d.r.c.RepositoryConfigurationDelegate - Bootstrapping Spring Data JPA repositories in DEFAULT mode.
2026-04-02 11:40:24 [main] INFO  o.s.d.r.c.RepositoryConfigurationDelegate - Finished Spring Data repository scanning in 61 ms. Found 4 JPA repository interfaces.
2026-04-02 11:40:25 [main] INFO  o.s.b.w.e.tomcat.TomcatWebServer - Tomcat initialized with port 8080 (http)
2026-04-02 11:40:25 [main] INFO  o.a.catalina.core.StandardService - Starting service [Tomcat]
2026-04-02 11:40:25 [main] INFO  o.a.catalina.core.StandardEngine - Starting Servlet engine: [Apache Tomcat/10.1.16]
2026-04-02 11:40:25 [main] INFO  o.a.c.c.C.[Tomcat].[localhost].[/] - Initializing Spring embedded WebApplicationContext
2026-04-02 11:40:25 [main] INFO  o.s.b.w.s.c.ServletWebServerApplicationContext - Root WebApplicationContext: initialization completed in 1459 ms
2026-04-02 11:40:25 [main] INFO  o.h.jpa.internal.util.LogHelper - HHH000204: Processing PersistenceUnitInfo [name: default]
2026-04-02 11:40:25 [main] INFO  org.hibernate.Version - HHH000412: Hibernate ORM core version 6.3.1.Final
2026-04-02 11:40:25 [main] INFO  o.h.c.i.RegionFactoryInitiator - HHH000026: Second-level cache disabled
2026-04-02 11:40:26 [main] INFO  o.s.o.j.p.SpringPersistenceUnitInfo - No LoadTimeWeaver setup: ignoring JPA class transformer
2026-04-02 11:40:26 [main] INFO  com.zaxxer.hikari.HikariDataSource - HikariPool-1 - Starting...
2026-04-02 11:40:26 [main] INFO  com.zaxxer.hikari.pool.HikariPool - HikariPool-1 - Added connection com.mysql.cj.jdbc.ConnectionImpl@5086623f
2026-04-02 11:40:26 [main] INFO  com.zaxxer.hikari.HikariDataSource - HikariPool-1 - Start completed.
2026-04-02 11:40:26 [main] WARN  org.hibernate.orm.deprecation - HHH90000025: MySQL8Dialect does not need to be specified explicitly using 'hibernate.dialect' (remove the property setting and it will be selected by default)
2026-04-02 11:40:26 [main] WARN  org.hibernate.orm.deprecation - HHH90000026: MySQL8Dialect has been deprecated; use org.hibernate.dialect.MySQLDialect instead
2026-04-02 11:40:27 [main] INFO  o.h.e.t.j.p.i.JtaPlatformInitiator - HHH000489: No JTA platform available (set 'hibernate.transaction.jta.platform' to enable JTA platform integration)
2026-04-02 11:40:27 [main] INFO  o.s.o.j.LocalContainerEntityManagerFactoryBean - Initialized JPA EntityManagerFactory for persistence unit 'default'
2026-04-02 11:40:28 [main] DEBUG c.h.h.config.JWTAuthFilter - Filter 'JWTAuthFilter' configured for use
2026-04-02 11:40:28 [main] INFO  o.s.d.j.r.query.QueryEnhancerFactory - Hibernate is in classpath; If applicable, HQL parser will be used.
2026-04-02 11:40:28 [main] WARN  o.s.b.a.o.j.JpaBaseConfiguration$JpaWebConfiguration - spring.jpa.open-in-view is enabled by default. Therefore, database queries may be performed during view rendering. Explicitly configure spring.jpa.open-in-view to disable this warning
2026-04-02 11:40:29 [main] INFO  o.s.s.web.DefaultSecurityFilterChain - Will secure any request with [org.springframework.security.web.session.DisableEncodeUrlFilter@3fbf4614, org.springframework.security.web.context.request.async.WebAsyncManagerIntegrationFilter@64ca0be0, org.springframework.security.web.context.SecurityContextHolderFilter@2dfc833b, org.springframework.security.web.header.HeaderWriterFilter@15a806a2, org.springframework.web.filter.CorsFilter@550fe9d7, org.springframework.security.web.authentication.logout.LogoutFilter@2183db30, com.hotel.hotel_backend.config.JWTAuthFilter@44723d95, org.springframework.security.web.savedrequest.RequestCacheAwareFilter@17a364, org.springframework.security.web.servletapi.SecurityContextHolderAwareRequestFilter@7d963aca, org.springframework.security.web.authentication.AnonymousAuthenticationFilter@2031cad2, org.springframework.security.web.session.SessionManagementFilter@19b0f61c, org.springframework.security.web.access.ExceptionTranslationFilter@541e8e40, org.springframework.security.web.access.intercept.AuthorizationFilter@11c94cf7]
2026-04-02 11:40:29 [main] INFO  o.s.b.w.e.tomcat.TomcatWebServer - Tomcat started on port 8080 (http) with context path ''
2026-04-02 11:40:29 [main] INFO  c.h.h.HotelBackendApplication - Started HotelBackendApplication in 5.695 seconds (process running for 5.983)
2026-04-02 11:42:24 [http-nio-8080-exec-1] INFO  o.a.c.c.C.[Tomcat].[localhost].[/] - Initializing Spring DispatcherServlet 'dispatcherServlet'
2026-04-02 11:42:24 [http-nio-8080-exec-1] INFO  o.s.web.servlet.DispatcherServlet - Initializing Servlet 'dispatcherServlet'
2026-04-02 11:42:24 [http-nio-8080-exec-1] INFO  o.s.web.servlet.DispatcherServlet - Completed initialization in 16 ms
2026-04-02 11:53:04 [SpringApplicationShutdownHook] INFO  o.s.o.j.LocalContainerEntityManagerFactoryBean - Closing JPA EntityManagerFactory for persistence unit 'default'
2026-04-02 11:53:04 [SpringApplicationShutdownHook] INFO  com.zaxxer.hikari.HikariDataSource - HikariPool-1 - Shutdown initiated...
2026-04-02 11:53:04 [SpringApplicationShutdownHook] INFO  com.zaxxer.hikari.HikariDataSource - HikariPool-1 - Shutdown completed.
2026-04-02 11:53:50 [main] INFO  c.h.h.HotelBackendApplication - Starting HotelBackendApplication using Java 21.0.10 with PID 24716 (C:\Users\girid\Desktop\HotelBooking\hotel-backend\target\classes started by girid in C:\Users\girid\Desktop\HotelBooking\hotel-backend)
2026-04-02 11:53:50 [main] DEBUG c.h.h.HotelBackendApplication - Running with Spring Boot v3.2.0, Spring v6.1.1
2026-04-02 11:53:50 [main] INFO  c.h.h.HotelBackendApplication - No active profile set, falling back to 1 default profile: "default"
2026-04-02 11:53:51 [main] INFO  o.s.d.r.c.RepositoryConfigurationDelegate - Bootstrapping Spring Data JPA repositories in DEFAULT mode.
2026-04-02 11:53:51 [main] INFO  o.s.d.r.c.RepositoryConfigurationDelegate - Finished Spring Data repository scanning in 64 ms. Found 4 JPA repository interfaces.
2026-04-02 11:53:52 [main] INFO  o.s.b.w.e.tomcat.TomcatWebServer - Tomcat initialized with port 8080 (http)
2026-04-02 11:53:52 [main] INFO  o.a.catalina.core.StandardService - Starting service [Tomcat]
2026-04-02 11:53:52 [main] INFO  o.a.catalina.core.StandardEngine - Starting Servlet engine: [Apache Tomcat/10.1.16]
2026-04-02 11:53:52 [main] INFO  o.a.c.c.C.[Tomcat].[localhost].[/] - Initializing Spring embedded WebApplicationContext
2026-04-02 11:53:52 [main] INFO  o.s.b.w.s.c.ServletWebServerApplicationContext - Root WebApplicationContext: initialization completed in 1632 ms
2026-04-02 11:53:52 [main] INFO  o.h.jpa.internal.util.LogHelper - HHH000204: Processing PersistenceUnitInfo [name: default]
2026-04-02 11:53:52 [main] INFO  org.hibernate.Version - HHH000412: Hibernate ORM core version 6.3.1.Final
2026-04-02 11:53:52 [main] INFO  o.h.c.i.RegionFactoryInitiator - HHH000026: Second-level cache disabled
2026-04-02 11:53:52 [main] INFO  o.s.o.j.p.SpringPersistenceUnitInfo - No LoadTimeWeaver setup: ignoring JPA class transformer
2026-04-02 11:53:52 [main] INFO  com.zaxxer.hikari.HikariDataSource - HikariPool-1 - Starting...
2026-04-02 11:53:52 [main] INFO  com.zaxxer.hikari.pool.HikariPool - HikariPool-1 - Added connection com.mysql.cj.jdbc.ConnectionImpl@6c6379c
2026-04-02 11:53:52 [main] INFO  com.zaxxer.hikari.HikariDataSource - HikariPool-1 - Start completed.
2026-04-02 11:53:52 [main] WARN  org.hibernate.orm.deprecation - HHH90000025: MySQL8Dialect does not need to be specified explicitly using 'hibernate.dialect' (remove the property setting and it will be selected by default)
2026-04-02 11:53:52 [main] WARN  org.hibernate.orm.deprecation - HHH90000026: MySQL8Dialect has been deprecated; use org.hibernate.dialect.MySQLDialect instead
2026-04-02 11:53:53 [main] INFO  o.h.e.t.j.p.i.JtaPlatformInitiator - HHH000489: No JTA platform available (set 'hibernate.transaction.jta.platform' to enable JTA platform integration)
2026-04-02 11:53:54 [main] INFO  o.s.o.j.LocalContainerEntityManagerFactoryBean - Initialized JPA EntityManagerFactory for persistence unit 'default'
2026-04-02 11:53:54 [main] DEBUG c.h.h.config.JWTAuthFilter - Filter 'JWTAuthFilter' configured for use
2026-04-02 11:53:54 [main] INFO  o.s.d.j.r.query.QueryEnhancerFactory - Hibernate is in classpath; If applicable, HQL parser will be used.
2026-04-02 11:53:55 [main] WARN  o.s.b.a.o.j.JpaBaseConfiguration$JpaWebConfiguration - spring.jpa.open-in-view is enabled by default. Therefore, database queries may be performed during view rendering. Explicitly configure spring.jpa.open-in-view to disable this warning
2026-04-02 11:53:55 [main] INFO  o.s.s.web.DefaultSecurityFilterChain - Will secure any request with [org.springframework.security.web.session.DisableEncodeUrlFilter@ba8d7c7, org.springframework.security.web.context.request.async.WebAsyncManagerIntegrationFilter@313d5a87, org.springframework.security.web.context.SecurityContextHolderFilter@3c21bab4, org.springframework.security.web.header.HeaderWriterFilter@520dc647, org.springframework.web.filter.CorsFilter@5f50f63e, org.springframework.security.web.authentication.logout.LogoutFilter@56c45636, com.hotel.hotel_backend.config.JWTAuthFilter@6b7a0f18, org.springframework.security.web.savedrequest.RequestCacheAwareFilter@3fbf4614, org.springframework.security.web.servletapi.SecurityContextHolderAwareRequestFilter@64ca0be0, org.springframework.security.web.authentication.AnonymousAuthenticationFilter@24338110, org.springframework.security.web.session.SessionManagementFilter@667c2066, org.springframework.security.web.access.ExceptionTranslationFilter@5b6abe1f, org.springframework.security.web.access.intercept.AuthorizationFilter@26338386]
2026-04-02 11:53:55 [main] INFO  o.s.b.w.e.tomcat.TomcatWebServer - Tomcat started on port 8080 (http) with context path ''
2026-04-02 11:53:55 [main] INFO  c.h.h.HotelBackendApplication - Started HotelBackendApplication in 6.187 seconds (process running for 6.629)
2026-04-02 11:55:39 [main] INFO  c.h.h.HotelBackendApplication - Starting HotelBackendApplication using Java 21.0.10 with PID 14884 (C:\Users\girid\Desktop\HotelBooking\hotel-backend\target\classes started by girid in C:\Users\girid\Desktop\HotelBooking\hotel-backend)
2026-04-02 11:55:39 [main] DEBUG c.h.h.HotelBackendApplication - Running with Spring Boot v3.2.0, Spring v6.1.1
2026-04-02 11:55:39 [main] INFO  c.h.h.HotelBackendApplication - No active profile set, falling back to 1 default profile: "default"
2026-04-02 11:55:40 [main] INFO  o.s.d.r.c.RepositoryConfigurationDelegate - Bootstrapping Spring Data JPA repositories in DEFAULT mode.
2026-04-02 11:55:40 [main] INFO  o.s.d.r.c.RepositoryConfigurationDelegate - Finished Spring Data repository scanning in 62 ms. Found 4 JPA repository interfaces.
2026-04-02 11:55:41 [main] INFO  o.s.b.w.e.tomcat.TomcatWebServer - Tomcat initialized with port 8080 (http)
2026-04-02 11:55:41 [main] INFO  o.a.catalina.core.StandardService - Starting service [Tomcat]
2026-04-02 11:55:41 [main] INFO  o.a.catalina.core.StandardEngine - Starting Servlet engine: [Apache Tomcat/10.1.16]
2026-04-02 11:55:41 [main] INFO  o.a.c.c.C.[Tomcat].[localhost].[/] - Initializing Spring embedded WebApplicationContext
2026-04-02 11:55:41 [main] INFO  o.s.b.w.s.c.ServletWebServerApplicationContext - Root WebApplicationContext: initialization completed in 1744 ms
2026-04-02 11:55:41 [main] INFO  o.h.jpa.internal.util.LogHelper - HHH000204: Processing PersistenceUnitInfo [name: default]
2026-04-02 11:55:41 [main] INFO  org.hibernate.Version - HHH000412: Hibernate ORM core version 6.3.1.Final
2026-04-02 11:55:41 [main] INFO  o.h.c.i.RegionFactoryInitiator - HHH000026: Second-level cache disabled
2026-04-02 11:55:42 [main] INFO  o.s.o.j.p.SpringPersistenceUnitInfo - No LoadTimeWeaver setup: ignoring JPA class transformer
2026-04-02 11:55:42 [main] INFO  com.zaxxer.hikari.HikariDataSource - HikariPool-1 - Starting...
2026-04-02 11:55:42 [main] INFO  com.zaxxer.hikari.pool.HikariPool - HikariPool-1 - Added connection com.mysql.cj.jdbc.ConnectionImpl@6c6379c
2026-04-02 11:55:42 [main] INFO  com.zaxxer.hikari.HikariDataSource - HikariPool-1 - Start completed.
2026-04-02 11:55:42 [main] WARN  org.hibernate.orm.deprecation - HHH90000025: MySQL8Dialect does not need to be specified explicitly using 'hibernate.dialect' (remove the property setting and it will be selected by default)
2026-04-02 11:55:42 [main] WARN  org.hibernate.orm.deprecation - HHH90000026: MySQL8Dialect has been deprecated; use org.hibernate.dialect.MySQLDialect instead
2026-04-02 11:55:43 [main] INFO  o.h.e.t.j.p.i.JtaPlatformInitiator - HHH000489: No JTA platform available (set 'hibernate.transaction.jta.platform' to enable JTA platform integration)
2026-04-02 11:55:43 [main] INFO  o.s.o.j.LocalContainerEntityManagerFactoryBean - Initialized JPA EntityManagerFactory for persistence unit 'default'
2026-04-02 11:55:43 [main] DEBUG c.h.h.config.JWTAuthFilter - Filter 'JWTAuthFilter' configured for use
2026-04-02 11:55:44 [main] INFO  o.s.d.j.r.query.QueryEnhancerFactory - Hibernate is in classpath; If applicable, HQL parser will be used.
2026-04-02 11:55:44 [main] WARN  o.s.b.a.o.j.JpaBaseConfiguration$JpaWebConfiguration - spring.jpa.open-in-view is enabled by default. Therefore, database queries may be performed during view rendering. Explicitly configure spring.jpa.open-in-view to disable this warning
2026-04-02 11:55:45 [main] INFO  o.s.s.web.DefaultSecurityFilterChain - Will secure any request with [org.springframework.security.web.session.DisableEncodeUrlFilter@ba8d7c7, org.springframework.security.web.context.request.async.WebAsyncManagerIntegrationFilter@313d5a87, org.springframework.security.web.context.SecurityContextHolderFilter@3c21bab4, org.springframework.security.web.header.HeaderWriterFilter@520dc647, org.springframework.web.filter.CorsFilter@5f50f63e, org.springframework.security.web.authentication.logout.LogoutFilter@56c45636, com.hotel.hotel_backend.config.JWTAuthFilter@6b7a0f18, org.springframework.security.web.savedrequest.RequestCacheAwareFilter@3fbf4614, org.springframework.security.web.servletapi.SecurityContextHolderAwareRequestFilter@64ca0be0, org.springframework.security.web.authentication.AnonymousAuthenticationFilter@24338110, org.springframework.security.web.session.SessionManagementFilter@667c2066, org.springframework.security.web.access.ExceptionTranslationFilter@5b6abe1f, org.springframework.security.web.access.intercept.AuthorizationFilter@26338386]
2026-04-02 11:55:45 [main] WARN  o.s.b.w.s.c.AnnotationConfigServletWebServerApplicationContext - Exception encountered during context initialization - cancelling refresh attempt: org.springframework.context.ApplicationContextException: Failed to start bean 'webServerStartStop'
2026-04-02 11:55:45 [main] INFO  o.s.o.j.LocalContainerEntityManagerFactoryBean - Closing JPA EntityManagerFactory for persistence unit 'default'
2026-04-02 11:55:45 [main] INFO  com.zaxxer.hikari.HikariDataSource - HikariPool-1 - Shutdown initiated...
2026-04-02 11:55:45 [main] INFO  com.zaxxer.hikari.HikariDataSource - HikariPool-1 - Shutdown completed.
2026-04-02 11:55:45 [main] INFO  o.s.b.a.l.ConditionEvaluationReportLogger - 

Error starting ApplicationContext. To display the condition evaluation report re-run your application with 'debug' enabled.
2026-04-02 11:55:45 [main] ERROR o.s.b.d.LoggingFailureAnalysisReporter - 

***************************
APPLICATION FAILED TO START
***************************

Description:

Web server failed to start. Port 8080 was already in use.

Action:

Identify and stop the process that's listening on port 8080 or configure this application to listen on another port.

2026-04-02 11:58:18 [main] INFO  c.h.h.HotelBackendApplication - Starting HotelBackendApplication using Java 21.0.10 with PID 12832 (C:\Users\girid\Desktop\HotelBooking\hotel-backend\target\classes started by girid in C:\Users\girid\Desktop\HotelBooking\hotel-backend)
2026-04-02 11:58:18 [main] DEBUG c.h.h.HotelBackendApplication - Running with Spring Boot v3.2.0, Spring v6.1.1
2026-04-02 11:58:18 [main] INFO  c.h.h.HotelBackendApplication - No active profile set, falling back to 1 default profile: "default"
2026-04-02 11:58:18 [main] INFO  o.s.d.r.c.RepositoryConfigurationDelegate - Bootstrapping Spring Data JPA repositories in DEFAULT mode.
2026-04-02 11:58:19 [main] INFO  o.s.d.r.c.RepositoryConfigurationDelegate - Finished Spring Data repository scanning in 52 ms. Found 4 JPA repository interfaces.
2026-04-02 11:58:19 [main] INFO  o.s.b.w.e.tomcat.TomcatWebServer - Tomcat initialized with port 8080 (http)
2026-04-02 11:58:19 [main] INFO  o.a.catalina.core.StandardService - Starting service [Tomcat]
2026-04-02 11:58:19 [main] INFO  o.a.catalina.core.StandardEngine - Starting Servlet engine: [Apache Tomcat/10.1.16]
2026-04-02 11:58:19 [main] INFO  o.a.c.c.C.[Tomcat].[localhost].[/] - Initializing Spring embedded WebApplicationContext
2026-04-02 11:58:19 [main] INFO  o.s.b.w.s.c.ServletWebServerApplicationContext - Root WebApplicationContext: initialization completed in 1569 ms
2026-04-02 11:58:19 [main] INFO  o.h.jpa.internal.util.LogHelper - HHH000204: Processing PersistenceUnitInfo [name: default]
2026-04-02 11:58:19 [main] INFO  org.hibernate.Version - HHH000412: Hibernate ORM core version 6.3.1.Final
2026-04-02 11:58:19 [main] INFO  o.h.c.i.RegionFactoryInitiator - HHH000026: Second-level cache disabled
2026-04-02 11:58:20 [main] INFO  o.s.o.j.p.SpringPersistenceUnitInfo - No LoadTimeWeaver setup: ignoring JPA class transformer
2026-04-02 11:58:20 [main] INFO  com.zaxxer.hikari.HikariDataSource - HikariPool-1 - Starting...
2026-04-02 11:58:20 [main] INFO  com.zaxxer.hikari.pool.HikariPool - HikariPool-1 - Added connection com.mysql.cj.jdbc.ConnectionImpl@563172d3
2026-04-02 11:58:20 [main] INFO  com.zaxxer.hikari.HikariDataSource - HikariPool-1 - Start completed.
2026-04-02 11:58:20 [main] WARN  org.hibernate.orm.deprecation - HHH90000025: MySQL8Dialect does not need to be specified explicitly using 'hibernate.dialect' (remove the property setting and it will be selected by default)
2026-04-02 11:58:20 [main] WARN  org.hibernate.orm.deprecation - HHH90000026: MySQL8Dialect has been deprecated; use org.hibernate.dialect.MySQLDialect instead
2026-04-02 11:58:21 [main] INFO  o.h.e.t.j.p.i.JtaPlatformInitiator - HHH000489: No JTA platform available (set 'hibernate.transaction.jta.platform' to enable JTA platform integration)
2026-04-02 11:58:21 [main] INFO  o.s.o.j.LocalContainerEntityManagerFactoryBean - Initialized JPA EntityManagerFactory for persistence unit 'default'
2026-04-02 11:58:21 [main] DEBUG c.h.h.config.JWTAuthFilter - Filter 'JWTAuthFilter' configured for use
2026-04-02 11:58:22 [main] INFO  o.s.d.j.r.query.QueryEnhancerFactory - Hibernate is in classpath; If applicable, HQL parser will be used.
2026-04-02 11:58:22 [main] WARN  o.s.b.a.o.j.JpaBaseConfiguration$JpaWebConfiguration - spring.jpa.open-in-view is enabled by default. Therefore, database queries may be performed during view rendering. Explicitly configure spring.jpa.open-in-view to disable this warning
2026-04-02 11:58:22 [main] INFO  o.s.s.web.DefaultSecurityFilterChain - Will secure any request with [org.springframework.security.web.session.DisableEncodeUrlFilter@4834e816, org.springframework.security.web.context.request.async.WebAsyncManagerIntegrationFilter@3c3562c0, org.springframework.security.web.context.SecurityContextHolderFilter@389d371a, org.springframework.security.web.header.HeaderWriterFilter@76b11572, org.springframework.web.filter.CorsFilter@3045fbb4, org.springframework.security.web.authentication.logout.LogoutFilter@77f0b9d7, com.hotel.hotel_backend.config.JWTAuthFilter@62d21afd, org.springframework.security.web.savedrequest.RequestCacheAwareFilter@1ee1c0cc, org.springframework.security.web.servletapi.SecurityContextHolderAwareRequestFilter@2184c27b, org.springframework.security.web.authentication.AnonymousAuthenticationFilter@411b3740, org.springframework.security.web.session.SessionManagementFilter@385abc08, org.springframework.security.web.access.ExceptionTranslationFilter@607524ff, org.springframework.security.web.access.intercept.AuthorizationFilter@56c45636]
2026-04-02 11:58:23 [main] WARN  o.s.b.w.s.c.AnnotationConfigServletWebServerApplicationContext - Exception encountered during context initialization - cancelling refresh attempt: org.springframework.context.ApplicationContextException: Failed to start bean 'webServerStartStop'
2026-04-02 11:58:23 [main] INFO  o.s.o.j.LocalContainerEntityManagerFactoryBean - Closing JPA EntityManagerFactory for persistence unit 'default'
2026-04-02 11:58:23 [main] INFO  com.zaxxer.hikari.HikariDataSource - HikariPool-1 - Shutdown initiated...
2026-04-02 11:58:23 [main] INFO  com.zaxxer.hikari.HikariDataSource - HikariPool-1 - Shutdown completed.
2026-04-02 11:58:23 [main] INFO  o.s.b.a.l.ConditionEvaluationReportLogger - 

Error starting ApplicationContext. To display the condition evaluation report re-run your application with 'debug' enabled.
2026-04-02 11:58:23 [main] ERROR o.s.b.d.LoggingFailureAnalysisReporter - 

***************************
APPLICATION FAILED TO START
***************************

Description:

Web server failed to start. Port 8080 was already in use.

Action:

Identify and stop the process that's listening on port 8080 or configure this application to listen on another port.

2026-04-02 12:01:27 [SpringApplicationShutdownHook] INFO  o.s.o.j.LocalContainerEntityManagerFactoryBean - Closing JPA EntityManagerFactory for persistence unit 'default'
2026-04-02 12:01:27 [SpringApplicationShutdownHook] INFO  com.zaxxer.hikari.HikariDataSource - HikariPool-1 - Shutdown initiated...
2026-04-02 12:01:27 [SpringApplicationShutdownHook] INFO  com.zaxxer.hikari.HikariDataSource - HikariPool-1 - Shutdown completed.
2026-04-02 12:01:35 [main] INFO  c.h.h.HotelBackendApplication - Starting HotelBackendApplication using Java 21.0.10 with PID 4560 (C:\Users\girid\Desktop\HotelBooking\hotel-backend\target\classes started by girid in C:\Users\girid\Desktop\HotelBooking\hotel-backend)
2026-04-02 12:01:35 [main] DEBUG c.h.h.HotelBackendApplication - Running with Spring Boot v3.2.0, Spring v6.1.1
2026-04-02 12:01:35 [main] INFO  c.h.h.HotelBackendApplication - No active profile set, falling back to 1 default profile: "default"
2026-04-02 12:01:36 [main] INFO  o.s.d.r.c.RepositoryConfigurationDelegate - Bootstrapping Spring Data JPA repositories in DEFAULT mode.
2026-04-02 12:01:36 [main] INFO  o.s.d.r.c.RepositoryConfigurationDelegate - Finished Spring Data repository scanning in 69 ms. Found 4 JPA repository interfaces.
2026-04-02 12:01:37 [main] INFO  o.s.b.w.e.tomcat.TomcatWebServer - Tomcat initialized with port 8080 (http)
2026-04-02 12:01:37 [main] INFO  o.a.catalina.core.StandardService - Starting service [Tomcat]
2026-04-02 12:01:37 [main] INFO  o.a.catalina.core.StandardEngine - Starting Servlet engine: [Apache Tomcat/10.1.16]
2026-04-02 12:01:37 [main] INFO  o.a.c.c.C.[Tomcat].[localhost].[/] - Initializing Spring embedded WebApplicationContext
2026-04-02 12:01:37 [main] INFO  o.s.b.w.s.c.ServletWebServerApplicationContext - Root WebApplicationContext: initialization completed in 1683 ms
2026-04-02 12:01:37 [main] INFO  o.h.jpa.internal.util.LogHelper - HHH000204: Processing PersistenceUnitInfo [name: default]
2026-04-02 12:01:37 [main] INFO  org.hibernate.Version - HHH000412: Hibernate ORM core version 6.3.1.Final
2026-04-02 12:01:37 [main] INFO  o.h.c.i.RegionFactoryInitiator - HHH000026: Second-level cache disabled
2026-04-02 12:01:37 [main] INFO  o.s.o.j.p.SpringPersistenceUnitInfo - No LoadTimeWeaver setup: ignoring JPA class transformer
2026-04-02 12:01:37 [main] INFO  com.zaxxer.hikari.HikariDataSource - HikariPool-1 - Starting...
2026-04-02 12:01:37 [main] INFO  com.zaxxer.hikari.pool.HikariPool - HikariPool-1 - Added connection com.mysql.cj.jdbc.ConnectionImpl@782cc5fa
2026-04-02 12:01:37 [main] INFO  com.zaxxer.hikari.HikariDataSource - HikariPool-1 - Start completed.
2026-04-02 12:01:37 [main] WARN  org.hibernate.orm.deprecation - HHH90000025: MySQLDialect does not need to be specified explicitly using 'hibernate.dialect' (remove the property setting and it will be selected by default)
2026-04-02 12:01:38 [main] INFO  o.h.e.t.j.p.i.JtaPlatformInitiator - HHH000489: No JTA platform available (set 'hibernate.transaction.jta.platform' to enable JTA platform integration)
2026-04-02 12:01:38 [main] WARN  o.h.t.s.i.ExceptionHandlerLoggedImpl - GenerationTarget encountered exception accepting command : Error executing DDL "
    alter table bookings 
       drop 
       foreign key FKrgoycol97o21kpjodw1qox4nc" via JDBC [Table 'hotel_booking.bookings' doesn't exist]
org.hibernate.tool.schema.spi.CommandAcceptanceException: Error executing DDL "
    alter table bookings 
       drop 
       foreign key FKrgoycol97o21kpjodw1qox4nc" via JDBC [Table 'hotel_booking.bookings' doesn't exist]
	at org.hibernate.tool.schema.internal.exec.GenerationTargetToDatabase.accept(GenerationTargetToDatabase.java:94)
	at org.hibernate.tool.schema.internal.Helper.applySqlString(Helper.java:233)
	at org.hibernate.tool.schema.internal.Helper.applySqlStrings(Helper.java:217)
	at org.hibernate.tool.schema.internal.SchemaDropperImpl.applyConstraintDropping(SchemaDropperImpl.java:470)
	at org.hibernate.tool.schema.internal.SchemaDropperImpl.dropConstraintsTablesSequences(SchemaDropperImpl.java:242)
	at org.hibernate.tool.schema.internal.SchemaDropperImpl.dropFromMetadata(SchemaDropperImpl.java:215)
	at org.hibernate.tool.schema.internal.SchemaDropperImpl.performDrop(SchemaDropperImpl.java:185)
	at org.hibernate.tool.schema.internal.SchemaDropperImpl.doDrop(SchemaDropperImpl.java:155)
	at org.hibernate.tool.schema.internal.SchemaDropperImpl.doDrop(SchemaDropperImpl.java:115)
	at org.hibernate.tool.schema.spi.SchemaManagementToolCoordinator.performDatabaseAction(SchemaManagementToolCoordinator.java:244)
	at org.hibernate.tool.schema.spi.SchemaManagementToolCoordinator.lambda$process$5(SchemaManagementToolCoordinator.java:145)
	at java.base/java.util.HashMap.forEach(HashMap.java:1429)
	at org.hibernate.tool.schema.spi.SchemaManagementToolCoordinator.process(SchemaManagementToolCoordinator.java:142)
	at org.hibernate.boot.internal.SessionFactoryObserverForSchemaExport.sessionFactoryCreated(SessionFactoryObserverForSchemaExport.java:37)
	at org.hibernate.internal.SessionFactoryObserverChain.sessionFactoryCreated(SessionFactoryObserverChain.java:35)
	at org.hibernate.internal.SessionFactoryImpl.<init>(SessionFactoryImpl.java:295)
	at org.hibernate.boot.internal.SessionFactoryBuilderImpl.build(SessionFactoryBuilderImpl.java:450)
	at org.hibernate.jpa.boot.internal.EntityManagerFactoryBuilderImpl.build(EntityManagerFactoryBuilderImpl.java:1507)
	at org.springframework.orm.jpa.vendor.SpringHibernateJpaPersistenceProvider.createContainerEntityManagerFactory(SpringHibernateJpaPersistenceProvider.java:75)
	at org.springframework.orm.jpa.LocalContainerEntityManagerFactoryBean.createNativeEntityManagerFactory(LocalContainerEntityManagerFactoryBean.java:376)
	at org.springframework.orm.jpa.AbstractEntityManagerFactoryBean.buildNativeEntityManagerFactory(AbstractEntityManagerFactoryBean.java:409)
	at org.springframework.orm.jpa.AbstractEntityManagerFactoryBean.afterPropertiesSet(AbstractEntityManagerFactoryBean.java:396)
	at org.springframework.orm.jpa.LocalContainerEntityManagerFactoryBean.afterPropertiesSet(LocalContainerEntityManagerFactoryBean.java:352)
	at org.springframework.beans.factory.support.AbstractAutowireCapableBeanFactory.invokeInitMethods(AbstractAutowireCapableBeanFactory.java:1822)
	at org.springframework.beans.factory.support.AbstractAutowireCapableBeanFactory.initializeBean(AbstractAutowireCapableBeanFactory.java:1771)
	at org.springframework.beans.factory.support.AbstractAutowireCapableBeanFactory.doCreateBean(AbstractAutowireCapableBeanFactory.java:601)
	at org.springframework.beans.factory.support.AbstractAutowireCapableBeanFactory.createBean(AbstractAutowireCapableBeanFactory.java:523)
	at org.springframework.beans.factory.support.AbstractBeanFactory.lambda$doGetBean$0(AbstractBeanFactory.java:325)
	at org.springframework.beans.factory.support.DefaultSingletonBeanRegistry.getSingleton(DefaultSingletonBeanRegistry.java:234)
	at org.springframework.beans.factory.support.AbstractBeanFactory.doGetBean(AbstractBeanFactory.java:323)
	at org.springframework.beans.factory.support.AbstractBeanFactory.getBean(AbstractBeanFactory.java:199)
	at org.springframework.beans.factory.support.BeanDefinitionValueResolver.resolveReference(BeanDefinitionValueResolver.java:365)
	at org.springframework.beans.factory.support.BeanDefinitionValueResolver.resolveValueIfNecessary(BeanDefinitionValueResolver.java:135)
	at org.springframework.beans.factory.support.ConstructorResolver.resolveConstructorArguments(ConstructorResolver.java:689)
	at org.springframework.beans.factory.support.ConstructorResolver.instantiateUsingFactoryMethod(ConstructorResolver.java:513)
	at org.springframework.beans.factory.support.AbstractAutowireCapableBeanFactory.instantiateUsingFactoryMethod(AbstractAutowireCapableBeanFactory.java:1336)
	at org.springframework.beans.factory.support.AbstractAutowireCapableBeanFactory.createBeanInstance(AbstractAutowireCapableBeanFactory.java:1166)
	at org.springframework.beans.factory.support.AbstractAutowireCapableBeanFactory.doCreateBean(AbstractAutowireCapableBeanFactory.java:563)
	at org.springframework.beans.factory.support.AbstractAutowireCapableBeanFactory.createBean(AbstractAutowireCapableBeanFactory.java:523)
	at org.springframework.beans.factory.support.AbstractBeanFactory.lambda$doGetBean$0(AbstractBeanFactory.java:325)
	at org.springframework.beans.factory.support.DefaultSingletonBeanRegistry.getSingleton(DefaultSingletonBeanRegistry.java:234)
	at org.springframework.beans.factory.support.AbstractBeanFactory.doGetBean(AbstractBeanFactory.java:323)
	at org.springframework.beans.factory.support.AbstractBeanFactory.getBean(AbstractBeanFactory.java:199)
	at org.springframework.beans.factory.support.BeanDefinitionValueResolver.resolveReference(BeanDefinitionValueResolver.java:365)
	at org.springframework.beans.factory.support.BeanDefinitionValueResolver.resolveValueIfNecessary(BeanDefinitionValueResolver.java:135)
	at org.springframework.beans.factory.support.AbstractAutowireCapableBeanFactory.applyPropertyValues(AbstractAutowireCapableBeanFactory.java:1686)
	at org.springframework.beans.factory.support.AbstractAutowireCapableBeanFactory.populateBean(AbstractAutowireCapableBeanFactory.java:1435)
	at org.springframework.beans.factory.support.AbstractAutowireCapableBeanFactory.doCreateBean(AbstractAutowireCapableBeanFactory.java:600)
	at org.springframework.beans.factory.support.AbstractAutowireCapableBeanFactory.createBean(AbstractAutowireCapableBeanFactory.java:523)
	at org.springframework.beans.factory.support.AbstractBeanFactory.lambda$doGetBean$0(AbstractBeanFactory.java:325)
	at org.springframework.beans.factory.support.DefaultSingletonBeanRegistry.getSingleton(DefaultSingletonBeanRegistry.java:234)
	at org.springframework.beans.factory.support.AbstractBeanFactory.doGetBean(AbstractBeanFactory.java:323)
	at org.springframework.beans.factory.support.AbstractBeanFactory.getBean(AbstractBeanFactory.java:199)
	at org.springframework.beans.factory.config.DependencyDescriptor.resolveCandidate(DependencyDescriptor.java:254)
	at org.springframework.beans.factory.support.DefaultListableBeanFactory.doResolveDependency(DefaultListableBeanFactory.java:1441)
	at org.springframework.beans.factory.support.DefaultListableBeanFactory.resolveDependency(DefaultListableBeanFactory.java:1348)
	at org.springframework.beans.factory.annotation.AutowiredAnnotationBeanPostProcessor$AutowiredFieldElement.resolveFieldValue(AutowiredAnnotationBeanPostProcessor.java:769)
	at org.springframework.beans.factory.annotation.AutowiredAnnotationBeanPostProcessor$AutowiredFieldElement.inject(AutowiredAnnotationBeanPostProcessor.java:752)
	at org.springframework.beans.factory.annotation.InjectionMetadata.inject(InjectionMetadata.java:145)
	at org.springframework.beans.factory.annotation.AutowiredAnnotationBeanPostProcessor.postProcessProperties(AutowiredAnnotationBeanPostProcessor.java:493)
	at org.springframework.beans.factory.support.AbstractAutowireCapableBeanFactory.populateBean(AbstractAutowireCapableBeanFactory.java:1420)
	at org.springframework.beans.factory.support.AbstractAutowireCapableBeanFactory.doCreateBean(AbstractAutowireCapableBeanFactory.java:600)
	at org.springframework.beans.factory.support.AbstractAutowireCapableBeanFactory.createBean(AbstractAutowireCapableBeanFactory.java:523)
	at org.springframework.beans.factory.support.AbstractBeanFactory.lambda$doGetBean$0(AbstractBeanFactory.java:325)
	at org.springframework.beans.factory.support.DefaultSingletonBeanRegistry.getSingleton(DefaultSingletonBeanRegistry.java:234)
	at org.springframework.beans.factory.support.AbstractBeanFactory.doGetBean(AbstractBeanFactory.java:323)
	at org.springframework.beans.factory.support.AbstractBeanFactory.getBean(AbstractBeanFactory.java:199)
	at org.springframework.beans.factory.config.DependencyDescriptor.resolveCandidate(DependencyDescriptor.java:254)
	at org.springframework.beans.factory.support.DefaultListableBeanFactory.doResolveDependency(DefaultListableBeanFactory.java:1441)
	at org.springframework.beans.factory.support.DefaultListableBeanFactory.resolveDependency(DefaultListableBeanFactory.java:1348)
	at org.springframework.beans.factory.annotation.AutowiredAnnotationBeanPostProcessor$AutowiredFieldElement.resolveFieldValue(AutowiredAnnotationBeanPostProcessor.java:769)
	at org.springframework.beans.factory.annotation.AutowiredAnnotationBeanPostProcessor$AutowiredFieldElement.inject(AutowiredAnnotationBeanPostProcessor.java:752)
	at org.springframework.beans.factory.annotation.InjectionMetadata.inject(InjectionMetadata.java:145)
	at org.springframework.beans.factory.annotation.AutowiredAnnotationBeanPostProcessor.postProcessProperties(AutowiredAnnotationBeanPostProcessor.java:493)
	at org.springframework.beans.factory.support.AbstractAutowireCapableBeanFactory.populateBean(AbstractAutowireCapableBeanFactory.java:1420)
	at org.springframework.beans.factory.support.AbstractAutowireCapableBeanFactory.doCreateBean(AbstractAutowireCapableBeanFactory.java:600)
	at org.springframework.beans.factory.support.AbstractAutowireCapableBeanFactory.createBean(AbstractAutowireCapableBeanFactory.java:523)
	at org.springframework.beans.factory.support.AbstractBeanFactory.lambda$doGetBean$0(AbstractBeanFactory.java:325)
	at org.springframework.beans.factory.support.DefaultSingletonBeanRegistry.getSingleton(DefaultSingletonBeanRegistry.java:234)
	at org.springframework.beans.factory.support.AbstractBeanFactory.doGetBean(AbstractBeanFactory.java:323)
	at org.springframework.beans.factory.support.AbstractBeanFactory.getBean(AbstractBeanFactory.java:204)
	at org.springframework.boot.web.servlet.ServletContextInitializerBeans.getOrderedBeansOfType(ServletContextInitializerBeans.java:210)
	at org.springframework.boot.web.servlet.ServletContextInitializerBeans.addAsRegistrationBean(ServletContextInitializerBeans.java:173)
	at org.springframework.boot.web.servlet.ServletContextInitializerBeans.addAsRegistrationBean(ServletContextInitializerBeans.java:168)
	at org.springframework.boot.web.servlet.ServletContextInitializerBeans.addAdaptableBeans(ServletContextInitializerBeans.java:153)
	at org.springframework.boot.web.servlet.ServletContextInitializerBeans.<init>(ServletContextInitializerBeans.java:86)
	at org.springframework.boot.web.servlet.context.ServletWebServerApplicationContext.getServletContextInitializerBeans(ServletWebServerApplicationContext.java:266)
	at org.springframework.boot.web.servlet.context.ServletWebServerApplicationContext.selfInitialize(ServletWebServerApplicationContext.java:240)
	at org.springframework.boot.web.embedded.tomcat.TomcatStarter.onStartup(TomcatStarter.java:52)
	at org.apache.catalina.core.StandardContext.startInternal(StandardContext.java:4850)
	at org.apache.catalina.util.LifecycleBase.start(LifecycleBase.java:171)
	at org.apache.catalina.core.ContainerBase$StartChild.call(ContainerBase.java:1332)
	at org.apache.catalina.core.ContainerBase$StartChild.call(ContainerBase.java:1322)
	at java.base/java.util.concurrent.FutureTask.run(FutureTask.java:317)
	at org.apache.tomcat.util.threads.InlineExecutorService.execute(InlineExecutorService.java:75)
	at java.base/java.util.concurrent.AbstractExecutorService.submit(AbstractExecutorService.java:145)
	at org.apache.catalina.core.ContainerBase.startInternal(ContainerBase.java:866)
	at org.apache.catalina.core.StandardHost.startInternal(StandardHost.java:845)
	at org.apache.catalina.util.LifecycleBase.start(LifecycleBase.java:171)
	at org.apache.catalina.core.ContainerBase$StartChild.call(ContainerBase.java:1332)
	at org.apache.catalina.core.ContainerBase$StartChild.call(ContainerBase.java:1322)
	at java.base/java.util.concurrent.FutureTask.run(FutureTask.java:317)
	at org.apache.tomcat.util.threads.InlineExecutorService.execute(InlineExecutorService.java:75)
	at java.base/java.util.concurrent.AbstractExecutorService.submit(AbstractExecutorService.java:145)
	at org.apache.catalina.core.ContainerBase.startInternal(ContainerBase.java:866)
	at org.apache.catalina.core.StandardEngine.startInternal(StandardEngine.java:240)
	at org.apache.catalina.util.LifecycleBase.start(LifecycleBase.java:171)
	at org.apache.catalina.core.StandardService.startInternal(StandardService.java:433)
	at org.apache.catalina.util.LifecycleBase.start(LifecycleBase.java:171)
	at org.apache.catalina.core.StandardServer.startInternal(StandardServer.java:917)
	at org.apache.catalina.util.LifecycleBase.start(LifecycleBase.java:171)
	at org.apache.catalina.startup.Tomcat.start(Tomcat.java:488)
	at org.springframework.boot.web.embedded.tomcat.TomcatWebServer.initialize(TomcatWebServer.java:123)
	at org.springframework.boot.web.embedded.tomcat.TomcatWebServer.<init>(TomcatWebServer.java:104)
	at org.springframework.boot.web.embedded.tomcat.TomcatServletWebServerFactory.getTomcatWebServer(TomcatServletWebServerFactory.java:501)
	at org.springframework.boot.web.embedded.tomcat.TomcatServletWebServerFactory.getWebServer(TomcatServletWebServerFactory.java:218)
	at org.springframework.boot.web.servlet.context.ServletWebServerApplicationContext.createWebServer(ServletWebServerApplicationContext.java:188)
	at org.springframework.boot.web.servlet.context.ServletWebServerApplicationContext.onRefresh(ServletWebServerApplicationContext.java:162)
	at org.springframework.context.support.AbstractApplicationContext.refresh(AbstractApplicationContext.java:610)
	at org.springframework.boot.web.servlet.context.ServletWebServerApplicationContext.refresh(ServletWebServerApplicationContext.java:146)
	at org.springframework.boot.SpringApplication.refresh(SpringApplication.java:753)
	at org.springframework.boot.SpringApplication.refreshContext(SpringApplication.java:455)
	at org.springframework.boot.SpringApplication.run(SpringApplication.java:323)
	at org.springframework.boot.SpringApplication.run(SpringApplication.java:1342)
	at org.springframework.boot.SpringApplication.run(SpringApplication.java:1331)
	at com.hotel.hotel_backend.HotelBackendApplication.main(HotelBackendApplication.java:12)
Caused by: java.sql.SQLSyntaxErrorException: Table 'hotel_booking.bookings' doesn't exist
	at com.mysql.cj.jdbc.exceptions.SQLError.createSQLException(SQLError.java:121)
	at com.mysql.cj.jdbc.exceptions.SQLExceptionsMapping.translateException(SQLExceptionsMapping.java:122)
	at com.mysql.cj.jdbc.StatementImpl.executeInternal(StatementImpl.java:763)
	at com.mysql.cj.jdbc.StatementImpl.execute(StatementImpl.java:648)
	at com.zaxxer.hikari.pool.ProxyStatement.execute(ProxyStatement.java:94)
	at com.zaxxer.hikari.pool.HikariProxyStatement.execute(HikariProxyStatement.java)
	at org.hibernate.tool.schema.internal.exec.GenerationTargetToDatabase.accept(GenerationTargetToDatabase.java:80)
	... 125 common frames omitted
2026-04-02 12:01:38 [main] WARN  o.h.t.s.i.ExceptionHandlerLoggedImpl - GenerationTarget encountered exception accepting command : Error executing DDL "
    alter table bookings 
       drop 
       foreign key FKeyog2oic85xg7hsu2je2lx3s6" via JDBC [Table 'hotel_booking.bookings' doesn't exist]
org.hibernate.tool.schema.spi.CommandAcceptanceException: Error executing DDL "
    alter table bookings 
       drop 
       foreign key FKeyog2oic85xg7hsu2je2lx3s6" via JDBC [Table 'hotel_booking.bookings' doesn't exist]
	at org.hibernate.tool.schema.internal.exec.GenerationTargetToDatabase.accept(GenerationTargetToDatabase.java:94)
	at org.hibernate.tool.schema.internal.Helper.applySqlString(Helper.java:233)
	at org.hibernate.tool.schema.internal.Helper.applySqlStrings(Helper.java:217)
	at org.hibernate.tool.schema.internal.SchemaDropperImpl.applyConstraintDropping(SchemaDropperImpl.java:470)
	at org.hibernate.tool.schema.internal.SchemaDropperImpl.dropConstraintsTablesSequences(SchemaDropperImpl.java:242)
	at org.hibernate.tool.schema.internal.SchemaDropperImpl.dropFromMetadata(SchemaDropperImpl.java:215)
	at org.hibernate.tool.schema.internal.SchemaDropperImpl.performDrop(SchemaDropperImpl.java:185)
	at org.hibernate.tool.schema.internal.SchemaDropperImpl.doDrop(SchemaDropperImpl.java:155)
	at org.hibernate.tool.schema.internal.SchemaDropperImpl.doDrop(SchemaDropperImpl.java:115)
	at org.hibernate.tool.schema.spi.SchemaManagementToolCoordinator.performDatabaseAction(SchemaManagementToolCoordinator.java:244)
	at org.hibernate.tool.schema.spi.SchemaManagementToolCoordinator.lambda$process$5(SchemaManagementToolCoordinator.java:145)
	at java.base/java.util.HashMap.forEach(HashMap.java:1429)
	at org.hibernate.tool.schema.spi.SchemaManagementToolCoordinator.process(SchemaManagementToolCoordinator.java:142)
	at org.hibernate.boot.internal.SessionFactoryObserverForSchemaExport.sessionFactoryCreated(SessionFactoryObserverForSchemaExport.java:37)
	at org.hibernate.internal.SessionFactoryObserverChain.sessionFactoryCreated(SessionFactoryObserverChain.java:35)
	at org.hibernate.internal.SessionFactoryImpl.<init>(SessionFactoryImpl.java:295)
	at org.hibernate.boot.internal.SessionFactoryBuilderImpl.build(SessionFactoryBuilderImpl.java:450)
	at org.hibernate.jpa.boot.internal.EntityManagerFactoryBuilderImpl.build(EntityManagerFactoryBuilderImpl.java:1507)
	at org.springframework.orm.jpa.vendor.SpringHibernateJpaPersistenceProvider.createContainerEntityManagerFactory(SpringHibernateJpaPersistenceProvider.java:75)
	at org.springframework.orm.jpa.LocalContainerEntityManagerFactoryBean.createNativeEntityManagerFactory(LocalContainerEntityManagerFactoryBean.java:376)
	at org.springframework.orm.jpa.AbstractEntityManagerFactoryBean.buildNativeEntityManagerFactory(AbstractEntityManagerFactoryBean.java:409)
	at org.springframework.orm.jpa.AbstractEntityManagerFactoryBean.afterPropertiesSet(AbstractEntityManagerFactoryBean.java:396)
	at org.springframework.orm.jpa.LocalContainerEntityManagerFactoryBean.afterPropertiesSet(LocalContainerEntityManagerFactoryBean.java:352)
	at org.springframework.beans.factory.support.AbstractAutowireCapableBeanFactory.invokeInitMethods(AbstractAutowireCapableBeanFactory.java:1822)
	at org.springframework.beans.factory.support.AbstractAutowireCapableBeanFactory.initializeBean(AbstractAutowireCapableBeanFactory.java:1771)
	at org.springframework.beans.factory.support.AbstractAutowireCapableBeanFactory.doCreateBean(AbstractAutowireCapableBeanFactory.java:601)
	at org.springframework.beans.factory.support.AbstractAutowireCapableBeanFactory.createBean(AbstractAutowireCapableBeanFactory.java:523)
	at org.springframework.beans.factory.support.AbstractBeanFactory.lambda$doGetBean$0(AbstractBeanFactory.java:325)
	at org.springframework.beans.factory.support.DefaultSingletonBeanRegistry.getSingleton(DefaultSingletonBeanRegistry.java:234)
	at org.springframework.beans.factory.support.AbstractBeanFactory.doGetBean(AbstractBeanFactory.java:323)
	at org.springframework.beans.factory.support.AbstractBeanFactory.getBean(AbstractBeanFactory.java:199)
	at org.springframework.beans.factory.support.BeanDefinitionValueResolver.resolveReference(BeanDefinitionValueResolver.java:365)
	at org.springframework.beans.factory.support.BeanDefinitionValueResolver.resolveValueIfNecessary(BeanDefinitionValueResolver.java:135)
	at org.springframework.beans.factory.support.ConstructorResolver.resolveConstructorArguments(ConstructorResolver.java:689)
	at org.springframework.beans.factory.support.ConstructorResolver.instantiateUsingFactoryMethod(ConstructorResolver.java:513)
	at org.springframework.beans.factory.support.AbstractAutowireCapableBeanFactory.instantiateUsingFactoryMethod(AbstractAutowireCapableBeanFactory.java:1336)
	at org.springframework.beans.factory.support.AbstractAutowireCapableBeanFactory.createBeanInstance(AbstractAutowireCapableBeanFactory.java:1166)
	at org.springframework.beans.factory.support.AbstractAutowireCapableBeanFactory.doCreateBean(AbstractAutowireCapableBeanFactory.java:563)
	at org.springframework.beans.factory.support.AbstractAutowireCapableBeanFactory.createBean(AbstractAutowireCapableBeanFactory.java:523)
	at org.springframework.beans.factory.support.AbstractBeanFactory.lambda$doGetBean$0(AbstractBeanFactory.java:325)
	at org.springframework.beans.factory.support.DefaultSingletonBeanRegistry.getSingleton(DefaultSingletonBeanRegistry.java:234)
	at org.springframework.beans.factory.support.AbstractBeanFactory.doGetBean(AbstractBeanFactory.java:323)
	at org.springframework.beans.factory.support.AbstractBeanFactory.getBean(AbstractBeanFactory.java:199)
	at org.springframework.beans.factory.support.BeanDefinitionValueResolver.resolveReference(BeanDefinitionValueResolver.java:365)
	at org.springframework.beans.factory.support.BeanDefinitionValueResolver.resolveValueIfNecessary(BeanDefinitionValueResolver.java:135)
	at org.springframework.beans.factory.support.AbstractAutowireCapableBeanFactory.applyPropertyValues(AbstractAutowireCapableBeanFactory.java:1686)
	at org.springframework.beans.factory.support.AbstractAutowireCapableBeanFactory.populateBean(AbstractAutowireCapableBeanFactory.java:1435)
	at org.springframework.beans.factory.support.AbstractAutowireCapableBeanFactory.doCreateBean(AbstractAutowireCapableBeanFactory.java:600)
	at org.springframework.beans.factory.support.AbstractAutowireCapableBeanFactory.createBean(AbstractAutowireCapableBeanFactory.java:523)
	at org.springframework.beans.factory.support.AbstractBeanFactory.lambda$doGetBean$0(AbstractBeanFactory.java:325)
	at org.springframework.beans.factory.support.DefaultSingletonBeanRegistry.getSingleton(DefaultSingletonBeanRegistry.java:234)
	at org.springframework.beans.factory.support.AbstractBeanFactory.doGetBean(AbstractBeanFactory.java:323)
	at org.springframework.beans.factory.support.AbstractBeanFactory.getBean(AbstractBeanFactory.java:199)
	at org.springframework.beans.factory.config.DependencyDescriptor.resolveCandidate(DependencyDescriptor.java:254)
	at org.springframework.beans.factory.support.DefaultListableBeanFactory.doResolveDependency(DefaultListableBeanFactory.java:1441)
	at org.springframework.beans.factory.support.DefaultListableBeanFactory.resolveDependency(DefaultListableBeanFactory.java:1348)
	at org.springframework.beans.factory.annotation.AutowiredAnnotationBeanPostProcessor$AutowiredFieldElement.resolveFieldValue(AutowiredAnnotationBeanPostProcessor.java:769)
	at org.springframework.beans.factory.annotation.AutowiredAnnotationBeanPostProcessor$AutowiredFieldElement.inject(AutowiredAnnotationBeanPostProcessor.java:752)
	at org.springframework.beans.factory.annotation.InjectionMetadata.inject(InjectionMetadata.java:145)
	at org.springframework.beans.factory.annotation.AutowiredAnnotationBeanPostProcessor.postProcessProperties(AutowiredAnnotationBeanPostProcessor.java:493)
	at org.springframework.beans.factory.support.AbstractAutowireCapableBeanFactory.populateBean(AbstractAutowireCapableBeanFactory.java:1420)
	at org.springframework.beans.factory.support.AbstractAutowireCapableBeanFactory.doCreateBean(AbstractAutowireCapableBeanFactory.java:600)
	at org.springframework.beans.factory.support.AbstractAutowireCapableBeanFactory.createBean(AbstractAutowireCapableBeanFactory.java:523)
	at org.springframework.beans.factory.support.AbstractBeanFactory.lambda$doGetBean$0(AbstractBeanFactory.java:325)
	at org.springframework.beans.factory.support.DefaultSingletonBeanRegistry.getSingleton(DefaultSingletonBeanRegistry.java:234)
	at org.springframework.beans.factory.support.AbstractBeanFactory.doGetBean(AbstractBeanFactory.java:323)
	at org.springframework.beans.factory.support.AbstractBeanFactory.getBean(AbstractBeanFactory.java:199)
	at org.springframework.beans.factory.config.DependencyDescriptor.resolveCandidate(DependencyDescriptor.java:254)
	at org.springframework.beans.factory.support.DefaultListableBeanFactory.doResolveDependency(DefaultListableBeanFactory.java:1441)
	at org.springframework.beans.factory.support.DefaultListableBeanFactory.resolveDependency(DefaultListableBeanFactory.java:1348)
	at org.springframework.beans.factory.annotation.AutowiredAnnotationBeanPostProcessor$AutowiredFieldElement.resolveFieldValue(AutowiredAnnotationBeanPostProcessor.java:769)
	at org.springframework.beans.factory.annotation.AutowiredAnnotationBeanPostProcessor$AutowiredFieldElement.inject(AutowiredAnnotationBeanPostProcessor.java:752)
	at org.springframework.beans.factory.annotation.InjectionMetadata.inject(InjectionMetadata.java:145)
	at org.springframework.beans.factory.annotation.AutowiredAnnotationBeanPostProcessor.postProcessProperties(AutowiredAnnotationBeanPostProcessor.java:493)
	at org.springframework.beans.factory.support.AbstractAutowireCapableBeanFactory.populateBean(AbstractAutowireCapableBeanFactory.java:1420)
	at org.springframework.beans.factory.support.AbstractAutowireCapableBeanFactory.doCreateBean(AbstractAutowireCapableBeanFactory.java:600)
	at org.springframework.beans.factory.support.AbstractAutowireCapableBeanFactory.createBean(AbstractAutowireCapableBeanFactory.java:523)
	at org.springframework.beans.factory.support.AbstractBeanFactory.lambda$doGetBean$0(AbstractBeanFactory.java:325)
	at org.springframework.beans.factory.support.DefaultSingletonBeanRegistry.getSingleton(DefaultSingletonBeanRegistry.java:234)
	at org.springframework.beans.factory.support.AbstractBeanFactory.doGetBean(AbstractBeanFactory.java:323)
	at org.springframework.beans.factory.support.AbstractBeanFactory.getBean(AbstractBeanFactory.java:204)
	at org.springframework.boot.web.servlet.ServletContextInitializerBeans.getOrderedBeansOfType(ServletContextInitializerBeans.java:210)
	at org.springframework.boot.web.servlet.ServletContextInitializerBeans.addAsRegistrationBean(ServletContextInitializerBeans.java:173)
	at org.springframework.boot.web.servlet.ServletContextInitializerBeans.addAsRegistrationBean(ServletContextInitializerBeans.java:168)
	at org.springframework.boot.web.servlet.ServletContextInitializerBeans.addAdaptableBeans(ServletContextInitializerBeans.java:153)
	at org.springframework.boot.web.servlet.ServletContextInitializerBeans.<init>(ServletContextInitializerBeans.java:86)
	at org.springframework.boot.web.servlet.context.ServletWebServerApplicationContext.getServletContextInitializerBeans(ServletWebServerApplicationContext.java:266)
	at org.springframework.boot.web.servlet.context.ServletWebServerApplicationContext.selfInitialize(ServletWebServerApplicationContext.java:240)
	at org.springframework.boot.web.embedded.tomcat.TomcatStarter.onStartup(TomcatStarter.java:52)
	at org.apache.catalina.core.StandardContext.startInternal(StandardContext.java:4850)
	at org.apache.catalina.util.LifecycleBase.start(LifecycleBase.java:171)
	at org.apache.catalina.core.ContainerBase$StartChild.call(ContainerBase.java:1332)
	at org.apache.catalina.core.ContainerBase$StartChild.call(ContainerBase.java:1322)
	at java.base/java.util.concurrent.FutureTask.run(FutureTask.java:317)
	at org.apache.tomcat.util.threads.InlineExecutorService.execute(InlineExecutorService.java:75)
	at java.base/java.util.concurrent.AbstractExecutorService.submit(AbstractExecutorService.java:145)
	at org.apache.catalina.core.ContainerBase.startInternal(ContainerBase.java:866)
	at org.apache.catalina.core.StandardHost.startInternal(StandardHost.java:845)
	at org.apache.catalina.util.LifecycleBase.start(LifecycleBase.java:171)
	at org.apache.catalina.core.ContainerBase$StartChild.call(ContainerBase.java:1332)
	at org.apache.catalina.core.ContainerBase$StartChild.call(ContainerBase.java:1322)
	at java.base/java.util.concurrent.FutureTask.run(FutureTask.java:317)
	at org.apache.tomcat.util.threads.InlineExecutorService.execute(InlineExecutorService.java:75)
	at java.base/java.util.concurrent.AbstractExecutorService.submit(AbstractExecutorService.java:145)
	at org.apache.catalina.core.ContainerBase.startInternal(ContainerBase.java:866)
	at org.apache.catalina.core.StandardEngine.startInternal(StandardEngine.java:240)
	at org.apache.catalina.util.LifecycleBase.start(LifecycleBase.java:171)
	at org.apache.catalina.core.StandardService.startInternal(StandardService.java:433)
	at org.apache.catalina.util.LifecycleBase.start(LifecycleBase.java:171)
	at org.apache.catalina.core.StandardServer.startInternal(StandardServer.java:917)
	at org.apache.catalina.util.LifecycleBase.start(LifecycleBase.java:171)
	at org.apache.catalina.startup.Tomcat.start(Tomcat.java:488)
	at org.springframework.boot.web.embedded.tomcat.TomcatWebServer.initialize(TomcatWebServer.java:123)
	at org.springframework.boot.web.embedded.tomcat.TomcatWebServer.<init>(TomcatWebServer.java:104)
	at org.springframework.boot.web.embedded.tomcat.TomcatServletWebServerFactory.getTomcatWebServer(TomcatServletWebServerFactory.java:501)
	at org.springframework.boot.web.embedded.tomcat.TomcatServletWebServerFactory.getWebServer(TomcatServletWebServerFactory.java:218)
	at org.springframework.boot.web.servlet.context.ServletWebServerApplicationContext.createWebServer(ServletWebServerApplicationContext.java:188)
	at org.springframework.boot.web.servlet.context.ServletWebServerApplicationContext.onRefresh(ServletWebServerApplicationContext.java:162)
	at org.springframework.context.support.AbstractApplicationContext.refresh(AbstractApplicationContext.java:610)
	at org.springframework.boot.web.servlet.context.ServletWebServerApplicationContext.refresh(ServletWebServerApplicationContext.java:146)
	at org.springframework.boot.SpringApplication.refresh(SpringApplication.java:753)
	at org.springframework.boot.SpringApplication.refreshContext(SpringApplication.java:455)
	at org.springframework.boot.SpringApplication.run(SpringApplication.java:323)
	at org.springframework.boot.SpringApplication.run(SpringApplication.java:1342)
	at org.springframework.boot.SpringApplication.run(SpringApplication.java:1331)
	at com.hotel.hotel_backend.HotelBackendApplication.main(HotelBackendApplication.java:12)
Caused by: java.sql.SQLSyntaxErrorException: Table 'hotel_booking.bookings' doesn't exist
	at com.mysql.cj.jdbc.exceptions.SQLError.createSQLException(SQLError.java:121)
	at com.mysql.cj.jdbc.exceptions.SQLExceptionsMapping.translateException(SQLExceptionsMapping.java:122)
	at com.mysql.cj.jdbc.StatementImpl.executeInternal(StatementImpl.java:763)
	at com.mysql.cj.jdbc.StatementImpl.execute(StatementImpl.java:648)
	at com.zaxxer.hikari.pool.ProxyStatement.execute(ProxyStatement.java:94)
	at com.zaxxer.hikari.pool.HikariProxyStatement.execute(HikariProxyStatement.java)
	at org.hibernate.tool.schema.internal.exec.GenerationTargetToDatabase.accept(GenerationTargetToDatabase.java:80)
	... 125 common frames omitted
2026-04-02 12:01:38 [main] WARN  o.h.t.s.i.ExceptionHandlerLoggedImpl - GenerationTarget encountered exception accepting command : Error executing DDL "
    alter table rooms 
       drop 
       foreign key FKp5lufxy0ghq53ugm93hdc941k" via JDBC [Table 'hotel_booking.rooms' doesn't exist]
org.hibernate.tool.schema.spi.CommandAcceptanceException: Error executing DDL "
    alter table rooms 
       drop 
       foreign key FKp5lufxy0ghq53ugm93hdc941k" via JDBC [Table 'hotel_booking.rooms' doesn't exist]
	at org.hibernate.tool.schema.internal.exec.GenerationTargetToDatabase.accept(GenerationTargetToDatabase.java:94)
	at org.hibernate.tool.schema.internal.Helper.applySqlString(Helper.java:233)
	at org.hibernate.tool.schema.internal.Helper.applySqlStrings(Helper.java:217)
	at org.hibernate.tool.schema.internal.SchemaDropperImpl.applyConstraintDropping(SchemaDropperImpl.java:470)
	at org.hibernate.tool.schema.internal.SchemaDropperImpl.dropConstraintsTablesSequences(SchemaDropperImpl.java:242)
	at org.hibernate.tool.schema.internal.SchemaDropperImpl.dropFromMetadata(SchemaDropperImpl.java:215)
	at org.hibernate.tool.schema.internal.SchemaDropperImpl.performDrop(SchemaDropperImpl.java:185)
	at org.hibernate.tool.schema.internal.SchemaDropperImpl.doDrop(SchemaDropperImpl.java:155)
	at org.hibernate.tool.schema.internal.SchemaDropperImpl.doDrop(SchemaDropperImpl.java:115)
	at org.hibernate.tool.schema.spi.SchemaManagementToolCoordinator.performDatabaseAction(SchemaManagementToolCoordinator.java:244)
	at org.hibernate.tool.schema.spi.SchemaManagementToolCoordinator.lambda$process$5(SchemaManagementToolCoordinator.java:145)
	at java.base/java.util.HashMap.forEach(HashMap.java:1429)
	at org.hibernate.tool.schema.spi.SchemaManagementToolCoordinator.process(SchemaManagementToolCoordinator.java:142)
	at org.hibernate.boot.internal.SessionFactoryObserverForSchemaExport.sessionFactoryCreated(SessionFactoryObserverForSchemaExport.java:37)
	at org.hibernate.internal.SessionFactoryObserverChain.sessionFactoryCreated(SessionFactoryObserverChain.java:35)
	at org.hibernate.internal.SessionFactoryImpl.<init>(SessionFactoryImpl.java:295)
	at org.hibernate.boot.internal.SessionFactoryBuilderImpl.build(SessionFactoryBuilderImpl.java:450)
	at org.hibernate.jpa.boot.internal.EntityManagerFactoryBuilderImpl.build(EntityManagerFactoryBuilderImpl.java:1507)
	at org.springframework.orm.jpa.vendor.SpringHibernateJpaPersistenceProvider.createContainerEntityManagerFactory(SpringHibernateJpaPersistenceProvider.java:75)
	at org.springframework.orm.jpa.LocalContainerEntityManagerFactoryBean.createNativeEntityManagerFactory(LocalContainerEntityManagerFactoryBean.java:376)
	at org.springframework.orm.jpa.AbstractEntityManagerFactoryBean.buildNativeEntityManagerFactory(AbstractEntityManagerFactoryBean.java:409)
	at org.springframework.orm.jpa.AbstractEntityManagerFactoryBean.afterPropertiesSet(AbstractEntityManagerFactoryBean.java:396)
	at org.springframework.orm.jpa.LocalContainerEntityManagerFactoryBean.afterPropertiesSet(LocalContainerEntityManagerFactoryBean.java:352)
	at org.springframework.beans.factory.support.AbstractAutowireCapableBeanFactory.invokeInitMethods(AbstractAutowireCapableBeanFactory.java:1822)
	at org.springframework.beans.factory.support.AbstractAutowireCapableBeanFactory.initializeBean(AbstractAutowireCapableBeanFactory.java:1771)
	at org.springframework.beans.factory.support.AbstractAutowireCapableBeanFactory.doCreateBean(AbstractAutowireCapableBeanFactory.java:601)
	at org.springframework.beans.factory.support.AbstractAutowireCapableBeanFactory.createBean(AbstractAutowireCapableBeanFactory.java:523)
	at org.springframework.beans.factory.support.AbstractBeanFactory.lambda$doGetBean$0(AbstractBeanFactory.java:325)
	at org.springframework.beans.factory.support.DefaultSingletonBeanRegistry.getSingleton(DefaultSingletonBeanRegistry.java:234)
	at org.springframework.beans.factory.support.AbstractBeanFactory.doGetBean(AbstractBeanFactory.java:323)
	at org.springframework.beans.factory.support.AbstractBeanFactory.getBean(AbstractBeanFactory.java:199)
	at org.springframework.beans.factory.support.BeanDefinitionValueResolver.resolveReference(BeanDefinitionValueResolver.java:365)
	at org.springframework.beans.factory.support.BeanDefinitionValueResolver.resolveValueIfNecessary(BeanDefinitionValueResolver.java:135)
	at org.springframework.beans.factory.support.ConstructorResolver.resolveConstructorArguments(ConstructorResolver.java:689)
	at org.springframework.beans.factory.support.ConstructorResolver.instantiateUsingFactoryMethod(ConstructorResolver.java:513)
	at org.springframework.beans.factory.support.AbstractAutowireCapableBeanFactory.instantiateUsingFactoryMethod(AbstractAutowireCapableBeanFactory.java:1336)
	at org.springframework.beans.factory.support.AbstractAutowireCapableBeanFactory.createBeanInstance(AbstractAutowireCapableBeanFactory.java:1166)
	at org.springframework.beans.factory.support.AbstractAutowireCapableBeanFactory.doCreateBean(AbstractAutowireCapableBeanFactory.java:563)
	at org.springframework.beans.factory.support.AbstractAutowireCapableBeanFactory.createBean(AbstractAutowireCapableBeanFactory.java:523)
	at org.springframework.beans.factory.support.AbstractBeanFactory.lambda$doGetBean$0(AbstractBeanFactory.java:325)
	at org.springframework.beans.factory.support.DefaultSingletonBeanRegistry.getSingleton(DefaultSingletonBeanRegistry.java:234)
	at org.springframework.beans.factory.support.AbstractBeanFactory.doGetBean(AbstractBeanFactory.java:323)
	at org.springframework.beans.factory.support.AbstractBeanFactory.getBean(AbstractBeanFactory.java:199)
	at org.springframework.beans.factory.support.BeanDefinitionValueResolver.resolveReference(BeanDefinitionValueResolver.java:365)
	at org.springframework.beans.factory.support.BeanDefinitionValueResolver.resolveValueIfNecessary(BeanDefinitionValueResolver.java:135)
	at org.springframework.beans.factory.support.AbstractAutowireCapableBeanFactory.applyPropertyValues(AbstractAutowireCapableBeanFactory.java:1686)
	at org.springframework.beans.factory.support.AbstractAutowireCapableBeanFactory.populateBean(AbstractAutowireCapableBeanFactory.java:1435)
	at org.springframework.beans.factory.support.AbstractAutowireCapableBeanFactory.doCreateBean(AbstractAutowireCapableBeanFactory.java:600)
	at org.springframework.beans.factory.support.AbstractAutowireCapableBeanFactory.createBean(AbstractAutowireCapableBeanFactory.java:523)
	at org.springframework.beans.factory.support.AbstractBeanFactory.lambda$doGetBean$0(AbstractBeanFactory.java:325)
	at org.springframework.beans.factory.support.DefaultSingletonBeanRegistry.getSingleton(DefaultSingletonBeanRegistry.java:234)
	at org.springframework.beans.factory.support.AbstractBeanFactory.doGetBean(AbstractBeanFactory.java:323)
	at org.springframework.beans.factory.support.AbstractBeanFactory.getBean(AbstractBeanFactory.java:199)
	at org.springframework.beans.factory.config.DependencyDescriptor.resolveCandidate(DependencyDescriptor.java:254)
	at org.springframework.beans.factory.support.DefaultListableBeanFactory.doResolveDependency(DefaultListableBeanFactory.java:1441)
	at org.springframework.beans.factory.support.DefaultListableBeanFactory.resolveDependency(DefaultListableBeanFactory.java:1348)
	at org.springframework.beans.factory.annotation.AutowiredAnnotationBeanPostProcessor$AutowiredFieldElement.resolveFieldValue(AutowiredAnnotationBeanPostProcessor.java:769)
	at org.springframework.beans.factory.annotation.AutowiredAnnotationBeanPostProcessor$AutowiredFieldElement.inject(AutowiredAnnotationBeanPostProcessor.java:752)
	at org.springframework.beans.factory.annotation.InjectionMetadata.inject(InjectionMetadata.java:145)
	at org.springframework.beans.factory.annotation.AutowiredAnnotationBeanPostProcessor.postProcessProperties(AutowiredAnnotationBeanPostProcessor.java:493)
	at org.springframework.beans.factory.support.AbstractAutowireCapableBeanFactory.populateBean(AbstractAutowireCapableBeanFactory.java:1420)
	at org.springframework.beans.factory.support.AbstractAutowireCapableBeanFactory.doCreateBean(AbstractAutowireCapableBeanFactory.java:600)
	at org.springframework.beans.factory.support.AbstractAutowireCapableBeanFactory.createBean(AbstractAutowireCapableBeanFactory.java:523)
	at org.springframework.beans.factory.support.AbstractBeanFactory.lambda$doGetBean$0(AbstractBeanFactory.java:325)
	at org.springframework.beans.factory.support.DefaultSingletonBeanRegistry.getSingleton(DefaultSingletonBeanRegistry.java:234)
	at org.springframework.beans.factory.support.AbstractBeanFactory.doGetBean(AbstractBeanFactory.java:323)
	at org.springframework.beans.factory.support.AbstractBeanFactory.getBean(AbstractBeanFactory.java:199)
	at org.springframework.beans.factory.config.DependencyDescriptor.resolveCandidate(DependencyDescriptor.java:254)
	at org.springframework.beans.factory.support.DefaultListableBeanFactory.doResolveDependency(DefaultListableBeanFactory.java:1441)
	at org.springframework.beans.factory.support.DefaultListableBeanFactory.resolveDependency(DefaultListableBeanFactory.java:1348)
	at org.springframework.beans.factory.annotation.AutowiredAnnotationBeanPostProcessor$AutowiredFieldElement.resolveFieldValue(AutowiredAnnotationBeanPostProcessor.java:769)
	at org.springframework.beans.factory.annotation.AutowiredAnnotationBeanPostProcessor$AutowiredFieldElement.inject(AutowiredAnnotationBeanPostProcessor.java:752)
	at org.springframework.beans.factory.annotation.InjectionMetadata.inject(InjectionMetadata.java:145)
	at org.springframework.beans.factory.annotation.AutowiredAnnotationBeanPostProcessor.postProcessProperties(AutowiredAnnotationBeanPostProcessor.java:493)
	at org.springframework.beans.factory.support.AbstractAutowireCapableBeanFactory.populateBean(AbstractAutowireCapableBeanFactory.java:1420)
	at org.springframework.beans.factory.support.AbstractAutowireCapableBeanFactory.doCreateBean(AbstractAutowireCapableBeanFactory.java:600)
	at org.springframework.beans.factory.support.AbstractAutowireCapableBeanFactory.createBean(AbstractAutowireCapableBeanFactory.java:523)
	at org.springframework.beans.factory.support.AbstractBeanFactory.lambda$doGetBean$0(AbstractBeanFactory.java:325)
	at org.springframework.beans.factory.support.DefaultSingletonBeanRegistry.getSingleton(DefaultSingletonBeanRegistry.java:234)
	at org.springframework.beans.factory.support.AbstractBeanFactory.doGetBean(AbstractBeanFactory.java:323)
	at org.springframework.beans.factory.support.AbstractBeanFactory.getBean(AbstractBeanFactory.java:204)
	at org.springframework.boot.web.servlet.ServletContextInitializerBeans.getOrderedBeansOfType(ServletContextInitializerBeans.java:210)
	at org.springframework.boot.web.servlet.ServletContextInitializerBeans.addAsRegistrationBean(ServletContextInitializerBeans.java:173)
	at org.springframework.boot.web.servlet.ServletContextInitializerBeans.addAsRegistrationBean(ServletContextInitializerBeans.java:168)
	at org.springframework.boot.web.servlet.ServletContextInitializerBeans.addAdaptableBeans(ServletContextInitializerBeans.java:153)
	at org.springframework.boot.web.servlet.ServletContextInitializerBeans.<init>(ServletContextInitializerBeans.java:86)
	at org.springframework.boot.web.servlet.context.ServletWebServerApplicationContext.getServletContextInitializerBeans(ServletWebServerApplicationContext.java:266)
	at org.springframework.boot.web.servlet.context.ServletWebServerApplicationContext.selfInitialize(ServletWebServerApplicationContext.java:240)
	at org.springframework.boot.web.embedded.tomcat.TomcatStarter.onStartup(TomcatStarter.java:52)
	at org.apache.catalina.core.StandardContext.startInternal(StandardContext.java:4850)
	at org.apache.catalina.util.LifecycleBase.start(LifecycleBase.java:171)
	at org.apache.catalina.core.ContainerBase$StartChild.call(ContainerBase.java:1332)
	at org.apache.catalina.core.ContainerBase$StartChild.call(ContainerBase.java:1322)
	at java.base/java.util.concurrent.FutureTask.run(FutureTask.java:317)
	at org.apache.tomcat.util.threads.InlineExecutorService.execute(InlineExecutorService.java:75)
	at java.base/java.util.concurrent.AbstractExecutorService.submit(AbstractExecutorService.java:145)
	at org.apache.catalina.core.ContainerBase.startInternal(ContainerBase.java:866)
	at org.apache.catalina.core.StandardHost.startInternal(StandardHost.java:845)
	at org.apache.catalina.util.LifecycleBase.start(LifecycleBase.java:171)
	at org.apache.catalina.core.ContainerBase$StartChild.call(ContainerBase.java:1332)
	at org.apache.catalina.core.ContainerBase$StartChild.call(ContainerBase.java:1322)
	at java.base/java.util.concurrent.FutureTask.run(FutureTask.java:317)
	at org.apache.tomcat.util.threads.InlineExecutorService.execute(InlineExecutorService.java:75)
	at java.base/java.util.concurrent.AbstractExecutorService.submit(AbstractExecutorService.java:145)
	at org.apache.catalina.core.ContainerBase.startInternal(ContainerBase.java:866)
	at org.apache.catalina.core.StandardEngine.startInternal(StandardEngine.java:240)
	at org.apache.catalina.util.LifecycleBase.start(LifecycleBase.java:171)
	at org.apache.catalina.core.StandardService.startInternal(StandardService.java:433)
	at org.apache.catalina.util.LifecycleBase.start(LifecycleBase.java:171)
	at org.apache.catalina.core.StandardServer.startInternal(StandardServer.java:917)
	at org.apache.catalina.util.LifecycleBase.start(LifecycleBase.java:171)
	at org.apache.catalina.startup.Tomcat.start(Tomcat.java:488)
	at org.springframework.boot.web.embedded.tomcat.TomcatWebServer.initialize(TomcatWebServer.java:123)
	at org.springframework.boot.web.embedded.tomcat.TomcatWebServer.<init>(TomcatWebServer.java:104)
	at org.springframework.boot.web.embedded.tomcat.TomcatServletWebServerFactory.getTomcatWebServer(TomcatServletWebServerFactory.java:501)
	at org.springframework.boot.web.embedded.tomcat.TomcatServletWebServerFactory.getWebServer(TomcatServletWebServerFactory.java:218)
	at org.springframework.boot.web.servlet.context.ServletWebServerApplicationContext.createWebServer(ServletWebServerApplicationContext.java:188)
	at org.springframework.boot.web.servlet.context.ServletWebServerApplicationContext.onRefresh(ServletWebServerApplicationContext.java:162)
	at org.springframework.context.support.AbstractApplicationContext.refresh(AbstractApplicationContext.java:610)
	at org.springframework.boot.web.servlet.context.ServletWebServerApplicationContext.refresh(ServletWebServerApplicationContext.java:146)
	at org.springframework.boot.SpringApplication.refresh(SpringApplication.java:753)
	at org.springframework.boot.SpringApplication.refreshContext(SpringApplication.java:455)
	at org.springframework.boot.SpringApplication.run(SpringApplication.java:323)
	at org.springframework.boot.SpringApplication.run(SpringApplication.java:1342)
	at org.springframework.boot.SpringApplication.run(SpringApplication.java:1331)
	at com.hotel.hotel_backend.HotelBackendApplication.main(HotelBackendApplication.java:12)
Caused by: java.sql.SQLSyntaxErrorException: Table 'hotel_booking.rooms' doesn't exist
	at com.mysql.cj.jdbc.exceptions.SQLError.createSQLException(SQLError.java:121)
	at com.mysql.cj.jdbc.exceptions.SQLExceptionsMapping.translateException(SQLExceptionsMapping.java:122)
	at com.mysql.cj.jdbc.StatementImpl.executeInternal(StatementImpl.java:763)
	at com.mysql.cj.jdbc.StatementImpl.execute(StatementImpl.java:648)
	at com.zaxxer.hikari.pool.ProxyStatement.execute(ProxyStatement.java:94)
	at com.zaxxer.hikari.pool.HikariProxyStatement.execute(HikariProxyStatement.java)
	at org.hibernate.tool.schema.internal.exec.GenerationTargetToDatabase.accept(GenerationTargetToDatabase.java:80)
	... 125 common frames omitted
2026-04-02 12:01:39 [main] INFO  o.s.o.j.LocalContainerEntityManagerFactoryBean - Initialized JPA EntityManagerFactory for persistence unit 'default'
2026-04-02 12:01:39 [main] DEBUG c.h.h.config.JWTAuthFilter - Filter 'JWTAuthFilter' configured for use
2026-04-02 12:01:39 [main] INFO  o.s.d.j.r.query.QueryEnhancerFactory - Hibernate is in classpath; If applicable, HQL parser will be used.
2026-04-02 12:01:40 [main] WARN  o.s.b.a.o.j.JpaBaseConfiguration$JpaWebConfiguration - spring.jpa.open-in-view is enabled by default. Therefore, database queries may be performed during view rendering. Explicitly configure spring.jpa.open-in-view to disable this warning
2026-04-02 12:01:40 [main] INFO  o.s.s.web.DefaultSecurityFilterChain - Will secure any request with [org.springframework.security.web.session.DisableEncodeUrlFilter@5b6abe1f, org.springframework.security.web.context.request.async.WebAsyncManagerIntegrationFilter@21f9b360, org.springframework.security.web.context.SecurityContextHolderFilter@571fa73c, org.springframework.security.web.header.HeaderWriterFilter@5a52b5f8, org.springframework.web.filter.CorsFilter@520dc647, org.springframework.security.web.authentication.logout.LogoutFilter@2441c0b, com.hotel.hotel_backend.config.JWTAuthFilter@58c80957, org.springframework.security.web.savedrequest.RequestCacheAwareFilter@541e8e40, org.springframework.security.web.servletapi.SecurityContextHolderAwareRequestFilter@3fa4702d, org.springframework.security.web.authentication.AnonymousAuthenticationFilter@6c53f543, org.springframework.security.web.session.SessionManagementFilter@1efb1a38, org.springframework.security.web.access.ExceptionTranslationFilter@31d7e70, org.springframework.security.web.access.intercept.AuthorizationFilter@6e52877d]
2026-04-02 12:01:40 [main] INFO  o.s.b.w.e.tomcat.TomcatWebServer - Tomcat started on port 8080 (http) with context path ''
2026-04-02 12:01:40 [main] INFO  c.h.h.HotelBackendApplication - Started HotelBackendApplication in 5.829 seconds (process running for 6.099)
2026-04-02 12:01:46 [main] INFO  c.h.h.HotelBackendApplication - Starting HotelBackendApplication using Java 21.0.10 with PID 23028 (C:\Users\girid\Desktop\HotelBooking\hotel-backend\target\classes started by girid in C:\Users\girid\Desktop\HotelBooking\hotel-backend)
2026-04-02 12:01:46 [main] DEBUG c.h.h.HotelBackendApplication - Running with Spring Boot v3.2.0, Spring v6.1.1
2026-04-02 12:01:46 [main] INFO  c.h.h.HotelBackendApplication - No active profile set, falling back to 1 default profile: "default"
2026-04-02 12:01:47 [main] INFO  o.s.d.r.c.RepositoryConfigurationDelegate - Bootstrapping Spring Data JPA repositories in DEFAULT mode.
2026-04-02 12:01:47 [main] INFO  o.s.d.r.c.RepositoryConfigurationDelegate - Finished Spring Data repository scanning in 60 ms. Found 4 JPA repository interfaces.
2026-04-02 12:01:48 [main] INFO  o.s.b.w.e.tomcat.TomcatWebServer - Tomcat initialized with port 8080 (http)
2026-04-02 12:01:48 [main] INFO  o.a.catalina.core.StandardService - Starting service [Tomcat]
2026-04-02 12:01:48 [main] INFO  o.a.catalina.core.StandardEngine - Starting Servlet engine: [Apache Tomcat/10.1.16]
2026-04-02 12:01:48 [main] INFO  o.a.c.c.C.[Tomcat].[localhost].[/] - Initializing Spring embedded WebApplicationContext
2026-04-02 12:01:48 [main] INFO  o.s.b.w.s.c.ServletWebServerApplicationContext - Root WebApplicationContext: initialization completed in 1635 ms
2026-04-02 12:01:48 [main] INFO  o.h.jpa.internal.util.LogHelper - HHH000204: Processing PersistenceUnitInfo [name: default]
2026-04-02 12:01:48 [main] INFO  org.hibernate.Version - HHH000412: Hibernate ORM core version 6.3.1.Final
2026-04-02 12:01:48 [main] INFO  o.h.c.i.RegionFactoryInitiator - HHH000026: Second-level cache disabled
2026-04-02 12:01:48 [main] INFO  o.s.o.j.p.SpringPersistenceUnitInfo - No LoadTimeWeaver setup: ignoring JPA class transformer
2026-04-02 12:01:48 [main] INFO  com.zaxxer.hikari.HikariDataSource - HikariPool-1 - Starting...
2026-04-02 12:01:48 [main] INFO  com.zaxxer.hikari.pool.HikariPool - HikariPool-1 - Added connection com.mysql.cj.jdbc.ConnectionImpl@6c6379c
2026-04-02 12:01:48 [main] INFO  com.zaxxer.hikari.HikariDataSource - HikariPool-1 - Start completed.
2026-04-02 12:01:48 [main] WARN  org.hibernate.orm.deprecation - HHH90000025: MySQLDialect does not need to be specified explicitly using 'hibernate.dialect' (remove the property setting and it will be selected by default)
2026-04-02 12:01:49 [main] INFO  o.h.e.t.j.p.i.JtaPlatformInitiator - HHH000489: No JTA platform available (set 'hibernate.transaction.jta.platform' to enable JTA platform integration)
2026-04-02 12:01:50 [main] INFO  o.s.o.j.LocalContainerEntityManagerFactoryBean - Initialized JPA EntityManagerFactory for persistence unit 'default'
2026-04-02 12:01:50 [main] DEBUG c.h.h.config.JWTAuthFilter - Filter 'JWTAuthFilter' configured for use
2026-04-02 12:01:50 [main] INFO  o.s.d.j.r.query.QueryEnhancerFactory - Hibernate is in classpath; If applicable, HQL parser will be used.
2026-04-02 12:01:51 [main] WARN  o.s.b.a.o.j.JpaBaseConfiguration$JpaWebConfiguration - spring.jpa.open-in-view is enabled by default. Therefore, database queries may be performed during view rendering. Explicitly configure spring.jpa.open-in-view to disable this warning
2026-04-02 12:01:51 [main] INFO  o.s.s.web.DefaultSecurityFilterChain - Will secure any request with [org.springframework.security.web.session.DisableEncodeUrlFilter@4ce1292a, org.springframework.security.web.context.request.async.WebAsyncManagerIntegrationFilter@34bbfd4b, org.springframework.security.web.context.SecurityContextHolderFilter@20c048cc, org.springframework.security.web.header.HeaderWriterFilter@6a151f1a, org.springframework.web.filter.CorsFilter@571fa73c, org.springframework.security.web.authentication.logout.LogoutFilter@7489bca4, com.hotel.hotel_backend.config.JWTAuthFilter@4e212f46, org.springframework.security.web.savedrequest.RequestCacheAwareFilter@57a20e44, org.springframework.security.web.servletapi.SecurityContextHolderAwareRequestFilter@537e8a15, org.springframework.security.web.authentication.AnonymousAuthenticationFilter@11734d3d, org.springframework.security.web.session.SessionManagementFilter@337f76ff, org.springframework.security.web.access.ExceptionTranslationFilter@4e88dd32, org.springframework.security.web.access.intercept.AuthorizationFilter@f5eff92]
2026-04-02 12:01:52 [main] WARN  o.s.b.w.s.c.AnnotationConfigServletWebServerApplicationContext - Exception encountered during context initialization - cancelling refresh attempt: org.springframework.context.ApplicationContextException: Failed to start bean 'webServerStartStop'
2026-04-02 12:01:52 [main] INFO  o.s.o.j.LocalContainerEntityManagerFactoryBean - Closing JPA EntityManagerFactory for persistence unit 'default'
2026-04-02 12:01:52 [main] INFO  com.zaxxer.hikari.HikariDataSource - HikariPool-1 - Shutdown initiated...
2026-04-02 12:01:52 [main] INFO  com.zaxxer.hikari.HikariDataSource - HikariPool-1 - Shutdown completed.
2026-04-02 12:01:52 [main] INFO  o.s.b.a.l.ConditionEvaluationReportLogger - 

Error starting ApplicationContext. To display the condition evaluation report re-run your application with 'debug' enabled.
2026-04-02 12:01:52 [main] ERROR o.s.b.d.LoggingFailureAnalysisReporter - 

***************************
APPLICATION FAILED TO START
***************************

Description:

Web server failed to start. Port 8080 was already in use.

Action:

Identify and stop the process that's listening on port 8080 or configure this application to listen on another port.

2026-04-02 12:02:28 [SpringApplicationShutdownHook] INFO  o.s.o.j.LocalContainerEntityManagerFactoryBean - Closing JPA EntityManagerFactory for persistence unit 'default'
2026-04-02 12:02:28 [SpringApplicationShutdownHook] INFO  com.zaxxer.hikari.HikariDataSource - HikariPool-1 - Shutdown initiated...
2026-04-02 12:02:28 [SpringApplicationShutdownHook] INFO  com.zaxxer.hikari.HikariDataSource - HikariPool-1 - Shutdown completed.
2026-04-02 12:02:37 [main] INFO  c.h.h.HotelBackendApplication - Starting HotelBackendApplication using Java 21.0.10 with PID 25056 (C:\Users\girid\Desktop\HotelBooking\hotel-backend\target\classes started by girid in C:\Users\girid\Desktop\HotelBooking\hotel-backend)
2026-04-02 12:02:37 [main] DEBUG c.h.h.HotelBackendApplication - Running with Spring Boot v3.2.0, Spring v6.1.1
2026-04-02 12:02:37 [main] INFO  c.h.h.HotelBackendApplication - No active profile set, falling back to 1 default profile: "default"
2026-04-02 12:02:37 [main] INFO  o.s.d.r.c.RepositoryConfigurationDelegate - Bootstrapping Spring Data JPA repositories in DEFAULT mode.
2026-04-02 12:02:37 [main] INFO  o.s.d.r.c.RepositoryConfigurationDelegate - Finished Spring Data repository scanning in 53 ms. Found 4 JPA repository interfaces.
2026-04-02 12:02:38 [main] INFO  o.s.b.w.e.tomcat.TomcatWebServer - Tomcat initialized with port 8080 (http)
2026-04-02 12:02:38 [main] INFO  o.a.catalina.core.StandardService - Starting service [Tomcat]
2026-04-02 12:02:38 [main] INFO  o.a.catalina.core.StandardEngine - Starting Servlet engine: [Apache Tomcat/10.1.16]
2026-04-02 12:02:38 [main] INFO  o.a.c.c.C.[Tomcat].[localhost].[/] - Initializing Spring embedded WebApplicationContext
2026-04-02 12:02:38 [main] INFO  o.s.b.w.s.c.ServletWebServerApplicationContext - Root WebApplicationContext: initialization completed in 1298 ms
2026-04-02 12:02:38 [main] INFO  o.h.jpa.internal.util.LogHelper - HHH000204: Processing PersistenceUnitInfo [name: default]
2026-04-02 12:02:38 [main] INFO  org.hibernate.Version - HHH000412: Hibernate ORM core version 6.3.1.Final
2026-04-02 12:02:38 [main] INFO  o.h.c.i.RegionFactoryInitiator - HHH000026: Second-level cache disabled
2026-04-02 12:02:39 [main] INFO  o.s.o.j.p.SpringPersistenceUnitInfo - No LoadTimeWeaver setup: ignoring JPA class transformer
2026-04-02 12:02:39 [main] INFO  com.zaxxer.hikari.HikariDataSource - HikariPool-1 - Starting...
2026-04-02 12:02:39 [main] INFO  com.zaxxer.hikari.pool.HikariPool - HikariPool-1 - Added connection com.mysql.cj.jdbc.ConnectionImpl@a2df0d5
2026-04-02 12:02:39 [main] INFO  com.zaxxer.hikari.HikariDataSource - HikariPool-1 - Start completed.
2026-04-02 12:02:39 [main] WARN  org.hibernate.orm.deprecation - HHH90000025: MySQLDialect does not need to be specified explicitly using 'hibernate.dialect' (remove the property setting and it will be selected by default)
2026-04-02 12:02:40 [main] INFO  o.h.e.t.j.p.i.JtaPlatformInitiator - HHH000489: No JTA platform available (set 'hibernate.transaction.jta.platform' to enable JTA platform integration)
2026-04-02 12:02:40 [main] INFO  o.s.o.j.LocalContainerEntityManagerFactoryBean - Initialized JPA EntityManagerFactory for persistence unit 'default'
2026-04-02 12:02:41 [main] DEBUG c.h.h.config.JWTAuthFilter - Filter 'JWTAuthFilter' configured for use
2026-04-02 12:02:41 [main] INFO  o.s.d.j.r.query.QueryEnhancerFactory - Hibernate is in classpath; If applicable, HQL parser will be used.
2026-04-02 12:02:41 [main] WARN  o.s.b.a.o.j.JpaBaseConfiguration$JpaWebConfiguration - spring.jpa.open-in-view is enabled by default. Therefore, database queries may be performed during view rendering. Explicitly configure spring.jpa.open-in-view to disable this warning
2026-04-02 12:02:42 [main] INFO  o.s.s.web.DefaultSecurityFilterChain - Will secure any request with [org.springframework.security.web.session.DisableEncodeUrlFilter@462478a3, org.springframework.security.web.context.request.async.WebAsyncManagerIntegrationFilter@5a52b5f8, org.springframework.security.web.context.SecurityContextHolderFilter@7d893815, org.springframework.security.web.header.HeaderWriterFilter@44bd3dc5, org.springframework.web.filter.CorsFilter@6e8d3d43, org.springframework.security.web.authentication.logout.LogoutFilter@4ea78b91, com.hotel.hotel_backend.config.JWTAuthFilter@396519b, org.springframework.security.web.savedrequest.RequestCacheAwareFilter@7bf56370, org.springframework.security.web.servletapi.SecurityContextHolderAwareRequestFilter@39da5edb, org.springframework.security.web.authentication.AnonymousAuthenticationFilter@60b201c, org.springframework.security.web.session.SessionManagementFilter@4e88dd32, org.springframework.security.web.access.ExceptionTranslationFilter@7da298aa, org.springframework.security.web.access.intercept.AuthorizationFilter@193bf20]
2026-04-02 12:02:42 [main] INFO  o.s.b.w.e.tomcat.TomcatWebServer - Tomcat started on port 8080 (http) with context path ''
2026-04-02 12:02:42 [main] INFO  c.h.h.HotelBackendApplication - Started HotelBackendApplication in 5.977 seconds (process running for 6.312)
2026-04-02 12:04:05 [http-nio-8080-exec-1] INFO  o.a.c.c.C.[Tomcat].[localhost].[/] - Initializing Spring DispatcherServlet 'dispatcherServlet'
2026-04-02 12:04:05 [http-nio-8080-exec-1] INFO  o.s.web.servlet.DispatcherServlet - Initializing Servlet 'dispatcherServlet'
2026-04-02 12:04:05 [http-nio-8080-exec-1] INFO  o.s.web.servlet.DispatcherServlet - Completed initialization in 3 ms
2026-04-02 12:04:05 [http-nio-8080-exec-3] WARN  o.s.w.s.h.HandlerMappingIntrospector - Cache miss for REQUEST dispatch to '/api/auth/register' (previous null). Performing MatchableHandlerMapping lookup. This is logged once only at WARN level, and every time at TRACE.
2026-04-02 12:04:05 [http-nio-8080-exec-3] INFO  c.h.h.controller.AuthController - POST /api/auth/register - email: giridharyuvaraj07@gmail.com
2026-04-02 12:04:05 [http-nio-8080-exec-3] INFO  c.h.h.service.UserService - Registering new user with email: giridharyuvaraj07@gmail.com
2026-04-02 12:04:06 [http-nio-8080-exec-3] INFO  c.h.h.service.UserService - User registered successfully with id: 1
2026-04-02 12:04:06 [http-nio-8080-exec-4] INFO  c.h.h.controller.AuthController - POST /api/auth/login - email: giridharyuvaraj07@gmail.com
2026-04-02 12:04:06 [http-nio-8080-exec-4] INFO  c.h.h.service.UserService - Login attempt for email: giridharyuvaraj07@gmail.com
2026-04-02 12:04:06 [http-nio-8080-exec-4] DEBUG c.h.h.s.CustomUserDetailsService - Loading user by email: giridharyuvaraj07@gmail.com
2026-04-02 12:04:06 [http-nio-8080-exec-4] INFO  c.h.h.service.UserService - User logged in successfully: giridharyuvaraj07@gmail.com
2026-04-02 12:04:07 [http-nio-8080-exec-10] DEBUG c.h.h.s.CustomUserDetailsService - Loading user by email: giridharyuvaraj07@gmail.com
2026-04-02 12:04:07 [http-nio-8080-exec-5] DEBUG c.h.h.s.CustomUserDetailsService - Loading user by email: giridharyuvaraj07@gmail.com
2026-04-02 12:04:07 [http-nio-8080-exec-5] DEBUG c.h.h.config.JWTAuthFilter - Authenticated user: giridharyuvaraj07@gmail.com for URI: /api/hotels
2026-04-02 12:04:07 [http-nio-8080-exec-10] DEBUG c.h.h.config.JWTAuthFilter - Authenticated user: giridharyuvaraj07@gmail.com for URI: /api/hotels/locations
2026-04-02 12:04:07 [http-nio-8080-exec-5] INFO  c.h.h.controller.HotelController - GET /api/hotels
2026-04-02 12:04:07 [http-nio-8080-exec-5] INFO  c.h.h.service.HotelService - Fetched 0 hotels
2026-04-02 12:04:07 [http-nio-8080-exec-1] DEBUG c.h.h.s.CustomUserDetailsService - Loading user by email: giridharyuvaraj07@gmail.com
2026-04-02 12:04:07 [http-nio-8080-exec-3] DEBUG c.h.h.s.CustomUserDetailsService - Loading user by email: giridharyuvaraj07@gmail.com
2026-04-02 12:04:07 [http-nio-8080-exec-1] DEBUG c.h.h.config.JWTAuthFilter - Authenticated user: giridharyuvaraj07@gmail.com for URI: /api/hotels/locations
2026-04-02 12:04:07 [http-nio-8080-exec-3] DEBUG c.h.h.config.JWTAuthFilter - Authenticated user: giridharyuvaraj07@gmail.com for URI: /api/hotels
2026-04-02 12:04:07 [http-nio-8080-exec-3] INFO  c.h.h.controller.HotelController - GET /api/hotels
2026-04-02 12:04:07 [http-nio-8080-exec-3] INFO  c.h.h.service.HotelService - Fetched 0 hotels
2026-04-02 12:04:09 [task-1] ERROR o.s.a.i.SimpleAsyncUncaughtExceptionHandler - Unexpected exception occurred invoking async method: public void com.hotel.hotel_backend.service.EmailService.sendRegistrationConfirmation(java.lang.String,java.lang.String)
org.springframework.mail.MailAuthenticationException: Authentication failed
	at org.springframework.mail.javamail.JavaMailSenderImpl.doSend(JavaMailSenderImpl.java:402)
	at org.springframework.mail.javamail.JavaMailSenderImpl.send(JavaMailSenderImpl.java:350)
	at org.springframework.mail.javamail.JavaMailSender.send(JavaMailSender.java:101)
	at com.hotel.hotel_backend.service.EmailService.sendRegistrationConfirmation(EmailService.java:36)
	at java.base/jdk.internal.reflect.DirectMethodHandleAccessor.invoke(DirectMethodHandleAccessor.java:103)
	at java.base/java.lang.reflect.Method.invoke(Method.java:580)
	at org.springframework.aop.support.AopUtils.invokeJoinpointUsingReflection(AopUtils.java:352)
	at org.springframework.aop.framework.ReflectiveMethodInvocation.invokeJoinpoint(ReflectiveMethodInvocation.java:196)
	at org.springframework.aop.framework.ReflectiveMethodInvocation.proceed(ReflectiveMethodInvocation.java:163)
	at org.springframework.aop.framework.CglibAopProxy$CglibMethodInvocation.proceed(CglibAopProxy.java:765)
	at org.springframework.aop.interceptor.AsyncExecutionInterceptor.lambda$invoke$0(AsyncExecutionInterceptor.java:115)
	at java.base/java.util.concurrent.FutureTask.run(FutureTask.java:317)
	at java.base/java.util.concurrent.ThreadPoolExecutor.runWorker(ThreadPoolExecutor.java:1144)
	at java.base/java.util.concurrent.ThreadPoolExecutor$Worker.run(ThreadPoolExecutor.java:642)
	at java.base/java.lang.Thread.run(Thread.java:1583)
Caused by: jakarta.mail.AuthenticationFailedException: 535-5.7.8 Username and Password not accepted. For more information, go to
535 5.7.8  https://support.google.com/mail/?p=BadCredentials 98e67ed59e1d1-35dd367bfbcsm1630968a91.12 - gsmtp

	at org.eclipse.angus.mail.smtp.SMTPTransport$Authenticator.authenticate(SMTPTransport.java:954)
	at org.eclipse.angus.mail.smtp.SMTPTransport.authenticate(SMTPTransport.java:865)
	at org.eclipse.angus.mail.smtp.SMTPTransport.protocolConnect(SMTPTransport.java:769)
	at jakarta.mail.Service.connect(Service.java:345)
	at org.springframework.mail.javamail.JavaMailSenderImpl.connectTransport(JavaMailSenderImpl.java:480)
	at org.springframework.mail.javamail.JavaMailSenderImpl.doSend(JavaMailSenderImpl.java:399)
	... 14 common frames omitted
2026-04-02 12:04:35 [http-nio-8080-exec-9] DEBUG c.h.h.s.CustomUserDetailsService - Loading user by email: giridharyuvaraj07@gmail.com
2026-04-02 12:04:35 [http-nio-8080-exec-9] DEBUG c.h.h.config.JWTAuthFilter - Authenticated user: giridharyuvaraj07@gmail.com for URI: /api/bookings/my
2026-04-02 12:04:35 [http-nio-8080-exec-9] INFO  c.h.h.controller.BookingController - GET /api/bookings/my - user: 1
2026-04-02 12:04:35 [http-nio-8080-exec-6] DEBUG c.h.h.s.CustomUserDetailsService - Loading user by email: giridharyuvaraj07@gmail.com
2026-04-02 12:04:35 [http-nio-8080-exec-6] DEBUG c.h.h.config.JWTAuthFilter - Authenticated user: giridharyuvaraj07@gmail.com for URI: /api/bookings/my
2026-04-02 12:04:35 [http-nio-8080-exec-6] INFO  c.h.h.controller.BookingController - GET /api/bookings/my - user: 1
2026-04-02 12:04:40 [http-nio-8080-exec-8] DEBUG c.h.h.s.CustomUserDetailsService - Loading user by email: giridharyuvaraj07@gmail.com
2026-04-02 12:04:40 [http-nio-8080-exec-2] DEBUG c.h.h.s.CustomUserDetailsService - Loading user by email: giridharyuvaraj07@gmail.com
2026-04-02 12:04:40 [http-nio-8080-exec-2] DEBUG c.h.h.config.JWTAuthFilter - Authenticated user: giridharyuvaraj07@gmail.com for URI: /api/hotels/locations
2026-04-02 12:04:40 [http-nio-8080-exec-8] DEBUG c.h.h.config.JWTAuthFilter - Authenticated user: giridharyuvaraj07@gmail.com for URI: /api/hotels
2026-04-02 12:04:40 [http-nio-8080-exec-8] INFO  c.h.h.controller.HotelController - GET /api/hotels
2026-04-02 12:04:40 [http-nio-8080-exec-8] INFO  c.h.h.service.HotelService - Fetched 0 hotels
2026-04-02 12:04:40 [http-nio-8080-exec-10] DEBUG c.h.h.s.CustomUserDetailsService - Loading user by email: giridharyuvaraj07@gmail.com
2026-04-02 12:04:40 [http-nio-8080-exec-5] DEBUG c.h.h.s.CustomUserDetailsService - Loading user by email: giridharyuvaraj07@gmail.com
2026-04-02 12:04:40 [http-nio-8080-exec-10] DEBUG c.h.h.config.JWTAuthFilter - Authenticated user: giridharyuvaraj07@gmail.com for URI: /api/hotels/locations
2026-04-02 12:04:40 [http-nio-8080-exec-5] DEBUG c.h.h.config.JWTAuthFilter - Authenticated user: giridharyuvaraj07@gmail.com for URI: /api/hotels
2026-04-02 12:04:40 [http-nio-8080-exec-5] INFO  c.h.h.controller.HotelController - GET /api/hotels
2026-04-02 12:04:40 [http-nio-8080-exec-5] INFO  c.h.h.service.HotelService - Fetched 0 hotels
2026-04-02 12:04:48 [http-nio-8080-exec-1] DEBUG c.h.h.s.CustomUserDetailsService - Loading user by email: giridharyuvaraj07@gmail.com
2026-04-02 12:04:48 [http-nio-8080-exec-1] DEBUG c.h.h.config.JWTAuthFilter - Authenticated user: giridharyuvaraj07@gmail.com for URI: /api/bookings/my
2026-04-02 12:04:48 [http-nio-8080-exec-1] INFO  c.h.h.controller.BookingController - GET /api/bookings/my - user: 1
2026-04-02 12:04:48 [http-nio-8080-exec-3] DEBUG c.h.h.s.CustomUserDetailsService - Loading user by email: giridharyuvaraj07@gmail.com
2026-04-02 12:04:48 [http-nio-8080-exec-3] DEBUG c.h.h.config.JWTAuthFilter - Authenticated user: giridharyuvaraj07@gmail.com for URI: /api/bookings/my
2026-04-02 12:04:48 [http-nio-8080-exec-3] INFO  c.h.h.controller.BookingController - GET /api/bookings/my - user: 1
2026-04-02 12:04:54 [http-nio-8080-exec-4] DEBUG c.h.h.s.CustomUserDetailsService - Loading user by email: giridharyuvaraj07@gmail.com
2026-04-02 12:04:54 [http-nio-8080-exec-7] DEBUG c.h.h.s.CustomUserDetailsService - Loading user by email: giridharyuvaraj07@gmail.com
2026-04-02 12:04:54 [http-nio-8080-exec-4] DEBUG c.h.h.config.JWTAuthFilter - Authenticated user: giridharyuvaraj07@gmail.com for URI: /api/hotels/locations
2026-04-02 12:04:54 [http-nio-8080-exec-7] DEBUG c.h.h.config.JWTAuthFilter - Authenticated user: giridharyuvaraj07@gmail.com for URI: /api/hotels
2026-04-02 12:04:54 [http-nio-8080-exec-7] INFO  c.h.h.controller.HotelController - GET /api/hotels
2026-04-02 12:04:54 [http-nio-8080-exec-7] INFO  c.h.h.service.HotelService - Fetched 0 hotels
2026-04-02 12:04:54 [http-nio-8080-exec-4] DEBUG c.h.h.s.CustomUserDetailsService - Loading user by email: giridharyuvaraj07@gmail.com
2026-04-02 12:04:54 [http-nio-8080-exec-6] DEBUG c.h.h.s.CustomUserDetailsService - Loading user by email: giridharyuvaraj07@gmail.com
2026-04-02 12:04:54 [http-nio-8080-exec-4] DEBUG c.h.h.config.JWTAuthFilter - Authenticated user: giridharyuvaraj07@gmail.com for URI: /api/hotels/locations
2026-04-02 12:04:54 [http-nio-8080-exec-6] DEBUG c.h.h.config.JWTAuthFilter - Authenticated user: giridharyuvaraj07@gmail.com for URI: /api/hotels
2026-04-02 12:04:54 [http-nio-8080-exec-6] INFO  c.h.h.controller.HotelController - GET /api/hotels
2026-04-02 12:04:54 [http-nio-8080-exec-6] INFO  c.h.h.service.HotelService - Fetched 0 hotels
2026-04-02 12:05:04 [http-nio-8080-exec-2] DEBUG c.h.h.s.CustomUserDetailsService - Loading user by email: giridharyuvaraj07@gmail.com
2026-04-02 12:05:04 [http-nio-8080-exec-2] DEBUG c.h.h.config.JWTAuthFilter - Authenticated user: giridharyuvaraj07@gmail.com for URI: /api/bookings/my
2026-04-02 12:05:04 [http-nio-8080-exec-2] INFO  c.h.h.controller.BookingController - GET /api/bookings/my - user: 1
2026-04-02 12:05:04 [http-nio-8080-exec-8] DEBUG c.h.h.s.CustomUserDetailsService - Loading user by email: giridharyuvaraj07@gmail.com
2026-04-02 12:05:04 [http-nio-8080-exec-8] DEBUG c.h.h.config.JWTAuthFilter - Authenticated user: giridharyuvaraj07@gmail.com for URI: /api/bookings/my
2026-04-02 12:05:04 [http-nio-8080-exec-8] INFO  c.h.h.controller.BookingController - GET /api/bookings/my - user: 1
2026-04-02 12:05:06 [http-nio-8080-exec-5] DEBUG c.h.h.s.CustomUserDetailsService - Loading user by email: giridharyuvaraj07@gmail.com
2026-04-02 12:05:06 [http-nio-8080-exec-10] DEBUG c.h.h.s.CustomUserDetailsService - Loading user by email: giridharyuvaraj07@gmail.com
2026-04-02 12:05:06 [http-nio-8080-exec-10] DEBUG c.h.h.config.JWTAuthFilter - Authenticated user: giridharyuvaraj07@gmail.com for URI: /api/hotels
2026-04-02 12:05:06 [http-nio-8080-exec-5] DEBUG c.h.h.config.JWTAuthFilter - Authenticated user: giridharyuvaraj07@gmail.com for URI: /api/hotels/locations
2026-04-02 12:05:06 [http-nio-8080-exec-10] INFO  c.h.h.controller.HotelController - GET /api/hotels
2026-04-02 12:05:06 [http-nio-8080-exec-1] DEBUG c.h.h.s.CustomUserDetailsService - Loading user by email: giridharyuvaraj07@gmail.com
2026-04-02 12:05:06 [http-nio-8080-exec-10] INFO  c.h.h.service.HotelService - Fetched 0 hotels
2026-04-02 12:05:06 [http-nio-8080-exec-3] DEBUG c.h.h.s.CustomUserDetailsService - Loading user by email: giridharyuvaraj07@gmail.com
2026-04-02 12:05:06 [http-nio-8080-exec-1] DEBUG c.h.h.config.JWTAuthFilter - Authenticated user: giridharyuvaraj07@gmail.com for URI: /api/hotels/locations
2026-04-02 12:05:06 [http-nio-8080-exec-3] DEBUG c.h.h.config.JWTAuthFilter - Authenticated user: giridharyuvaraj07@gmail.com for URI: /api/hotels
2026-04-02 12:05:06 [http-nio-8080-exec-3] INFO  c.h.h.controller.HotelController - GET /api/hotels
2026-04-02 12:05:06 [http-nio-8080-exec-3] INFO  c.h.h.service.HotelService - Fetched 0 hotels
2026-04-02 12:10:21 [http-nio-8080-exec-2] DEBUG c.h.h.s.CustomUserDetailsService - Loading user by email: giridharyuvaraj07@gmail.com
2026-04-02 12:10:21 [http-nio-8080-exec-2] DEBUG c.h.h.config.JWTAuthFilter - Authenticated user: giridharyuvaraj07@gmail.com for URI: /api/bookings/my
2026-04-02 12:10:21 [http-nio-8080-exec-2] INFO  c.h.h.controller.BookingController - GET /api/bookings/my - user: 1
2026-04-02 12:10:21 [http-nio-8080-exec-8] DEBUG c.h.h.s.CustomUserDetailsService - Loading user by email: giridharyuvaraj07@gmail.com
2026-04-02 12:10:21 [http-nio-8080-exec-8] DEBUG c.h.h.config.JWTAuthFilter - Authenticated user: giridharyuvaraj07@gmail.com for URI: /api/bookings/my
2026-04-02 12:10:21 [http-nio-8080-exec-8] INFO  c.h.h.controller.BookingController - GET /api/bookings/my - user: 1
2026-04-02 12:12:34 [http-nio-8080-exec-1] DEBUG c.h.h.s.CustomUserDetailsService - Loading user by email: giridharyuvaraj07@gmail.com
2026-04-02 12:12:34 [http-nio-8080-exec-3] DEBUG c.h.h.s.CustomUserDetailsService - Loading user by email: giridharyuvaraj07@gmail.com
2026-04-02 12:12:34 [http-nio-8080-exec-3] DEBUG c.h.h.config.JWTAuthFilter - Authenticated user: giridharyuvaraj07@gmail.com for URI: /api/hotels/locations
2026-04-02 12:12:34 [http-nio-8080-exec-1] DEBUG c.h.h.config.JWTAuthFilter - Authenticated user: giridharyuvaraj07@gmail.com for URI: /api/hotels
2026-04-02 12:12:34 [http-nio-8080-exec-1] INFO  c.h.h.controller.HotelController - GET /api/hotels
2026-04-02 12:12:34 [http-nio-8080-exec-1] INFO  c.h.h.service.HotelService - Fetched 0 hotels
2026-04-02 12:12:34 [http-nio-8080-exec-9] DEBUG c.h.h.s.CustomUserDetailsService - Loading user by email: giridharyuvaraj07@gmail.com
2026-04-02 12:12:34 [http-nio-8080-exec-7] DEBUG c.h.h.s.CustomUserDetailsService - Loading user by email: giridharyuvaraj07@gmail.com
2026-04-02 12:12:34 [http-nio-8080-exec-7] DEBUG c.h.h.config.JWTAuthFilter - Authenticated user: giridharyuvaraj07@gmail.com for URI: /api/hotels
2026-04-02 12:12:34 [http-nio-8080-exec-9] DEBUG c.h.h.config.JWTAuthFilter - Authenticated user: giridharyuvaraj07@gmail.com for URI: /api/hotels/locations
2026-04-02 12:12:34 [http-nio-8080-exec-7] INFO  c.h.h.controller.HotelController - GET /api/hotels
2026-04-02 12:12:34 [http-nio-8080-exec-7] INFO  c.h.h.service.HotelService - Fetched 0 hotels
2026-04-02 12:29:34 [main] INFO  c.h.h.HotelBackendApplication - Starting HotelBackendApplication using Java 21.0.10 with PID 25076 (C:\Users\girid\Desktop\HotelBooking\hotel-backend\target\classes started by girid in C:\Users\girid\Desktop\HotelBooking\hotel-backend)
2026-04-02 12:29:34 [main] DEBUG c.h.h.HotelBackendApplication - Running with Spring Boot v3.2.0, Spring v6.1.1
2026-04-02 12:29:34 [main] INFO  c.h.h.HotelBackendApplication - No active profile set, falling back to 1 default profile: "default"
2026-04-02 12:29:35 [main] INFO  o.s.d.r.c.RepositoryConfigurationDelegate - Bootstrapping Spring Data JPA repositories in DEFAULT mode.
2026-04-02 12:29:35 [main] INFO  o.s.d.r.c.RepositoryConfigurationDelegate - Finished Spring Data repository scanning in 64 ms. Found 4 JPA repository interfaces.
2026-04-02 12:29:36 [main] INFO  o.s.b.w.e.tomcat.TomcatWebServer - Tomcat initialized with port 8080 (http)
2026-04-02 12:29:36 [main] INFO  o.a.catalina.core.StandardService - Starting service [Tomcat]
2026-04-02 12:29:36 [main] INFO  o.a.catalina.core.StandardEngine - Starting Servlet engine: [Apache Tomcat/10.1.16]
2026-04-02 12:29:36 [main] INFO  o.a.c.c.C.[Tomcat].[localhost].[/] - Initializing Spring embedded WebApplicationContext
2026-04-02 12:29:36 [main] INFO  o.s.b.w.s.c.ServletWebServerApplicationContext - Root WebApplicationContext: initialization completed in 1393 ms
2026-04-02 12:29:36 [main] INFO  o.h.jpa.internal.util.LogHelper - HHH000204: Processing PersistenceUnitInfo [name: default]
2026-04-02 12:29:36 [main] INFO  org.hibernate.Version - HHH000412: Hibernate ORM core version 6.3.1.Final
2026-04-02 12:29:36 [main] INFO  o.h.c.i.RegionFactoryInitiator - HHH000026: Second-level cache disabled
2026-04-02 12:29:36 [main] INFO  o.s.o.j.p.SpringPersistenceUnitInfo - No LoadTimeWeaver setup: ignoring JPA class transformer
2026-04-02 12:29:36 [main] INFO  com.zaxxer.hikari.HikariDataSource - HikariPool-1 - Starting...
2026-04-02 12:29:36 [main] INFO  com.zaxxer.hikari.pool.HikariPool - HikariPool-1 - Added connection com.mysql.cj.jdbc.ConnectionImpl@4fa0ee7e
2026-04-02 12:29:36 [main] INFO  com.zaxxer.hikari.HikariDataSource - HikariPool-1 - Start completed.
2026-04-02 12:29:36 [main] WARN  org.hibernate.orm.deprecation - HHH90000025: MySQLDialect does not need to be specified explicitly using 'hibernate.dialect' (remove the property setting and it will be selected by default)
2026-04-02 12:29:37 [main] INFO  o.h.e.t.j.p.i.JtaPlatformInitiator - HHH000489: No JTA platform available (set 'hibernate.transaction.jta.platform' to enable JTA platform integration)
2026-04-02 12:29:37 [main] INFO  o.s.o.j.LocalContainerEntityManagerFactoryBean - Initialized JPA EntityManagerFactory for persistence unit 'default'
2026-04-02 12:29:38 [main] DEBUG c.h.h.config.JWTAuthFilter - Filter 'JWTAuthFilter' configured for use
2026-04-02 12:29:38 [main] INFO  o.s.d.j.r.query.QueryEnhancerFactory - Hibernate is in classpath; If applicable, HQL parser will be used.
2026-04-02 12:29:38 [main] WARN  o.s.b.a.o.j.JpaBaseConfiguration$JpaWebConfiguration - spring.jpa.open-in-view is enabled by default. Therefore, database queries may be performed during view rendering. Explicitly configure spring.jpa.open-in-view to disable this warning
2026-04-02 12:29:39 [main] INFO  o.s.s.web.DefaultSecurityFilterChain - Will secure any request with [org.springframework.security.web.session.DisableEncodeUrlFilter@4d2bac23, org.springframework.security.web.context.request.async.WebAsyncManagerIntegrationFilter@452506b9, org.springframework.security.web.context.SecurityContextHolderFilter@2e00032d, org.springframework.security.web.header.HeaderWriterFilter@7fe646a, org.springframework.web.filter.CorsFilter@1278c48f, org.springframework.security.web.authentication.logout.LogoutFilter@4896f287, com.hotel.hotel_backend.config.JWTAuthFilter@67167f8f, org.springframework.security.web.savedrequest.RequestCacheAwareFilter@26338386, org.springframework.security.web.servletapi.SecurityContextHolderAwareRequestFilter@3e8a1137, org.springframework.security.web.authentication.AnonymousAuthenticationFilter@6137a032, org.springframework.security.web.session.SessionManagementFilter@3c3562c0, org.springframework.security.web.access.ExceptionTranslationFilter@35f18100, org.springframework.security.web.access.intercept.AuthorizationFilter@5baa759a]
2026-04-02 12:29:39 [main] WARN  o.s.b.w.s.c.AnnotationConfigServletWebServerApplicationContext - Exception encountered during context initialization - cancelling refresh attempt: org.springframework.context.ApplicationContextException: Failed to start bean 'webServerStartStop'
2026-04-02 12:29:39 [main] INFO  o.s.o.j.LocalContainerEntityManagerFactoryBean - Closing JPA EntityManagerFactory for persistence unit 'default'
2026-04-02 12:29:39 [main] INFO  com.zaxxer.hikari.HikariDataSource - HikariPool-1 - Shutdown initiated...
2026-04-02 12:29:39 [main] INFO  com.zaxxer.hikari.HikariDataSource - HikariPool-1 - Shutdown completed.
2026-04-02 12:29:39 [main] INFO  o.s.b.a.l.ConditionEvaluationReportLogger - 

Error starting ApplicationContext. To display the condition evaluation report re-run your application with 'debug' enabled.
2026-04-02 12:29:39 [main] ERROR o.s.b.d.LoggingFailureAnalysisReporter - 

***************************
APPLICATION FAILED TO START
***************************

Description:

Web server failed to start. Port 8080 was already in use.

Action:

Identify and stop the process that's listening on port 8080 or configure this application to listen on another port.

2026-04-02 12:31:21 [main] INFO  c.h.h.HotelBackendApplication - Starting HotelBackendApplication using Java 21.0.10 with PID 20484 (C:\Users\girid\Desktop\HotelBooking\hotel-backend\target\classes started by girid in C:\Users\girid\Desktop\HotelBooking\hotel-backend)
2026-04-02 12:31:21 [main] DEBUG c.h.h.HotelBackendApplication - Running with Spring Boot v3.2.0, Spring v6.1.1
2026-04-02 12:31:21 [main] INFO  c.h.h.HotelBackendApplication - No active profile set, falling back to 1 default profile: "default"
2026-04-02 12:31:22 [main] INFO  o.s.d.r.c.RepositoryConfigurationDelegate - Bootstrapping Spring Data JPA repositories in DEFAULT mode.
2026-04-02 12:31:22 [main] INFO  o.s.d.r.c.RepositoryConfigurationDelegate - Finished Spring Data repository scanning in 52 ms. Found 4 JPA repository interfaces.
2026-04-02 12:31:23 [main] INFO  o.s.b.w.e.tomcat.TomcatWebServer - Tomcat initialized with port 8080 (http)
2026-04-02 12:31:23 [main] INFO  o.a.catalina.core.StandardService - Starting service [Tomcat]
2026-04-02 12:31:23 [main] INFO  o.a.catalina.core.StandardEngine - Starting Servlet engine: [Apache Tomcat/10.1.16]
2026-04-02 12:31:23 [main] INFO  o.a.c.c.C.[Tomcat].[localhost].[/] - Initializing Spring embedded WebApplicationContext
2026-04-02 12:31:23 [main] INFO  o.s.b.w.s.c.ServletWebServerApplicationContext - Root WebApplicationContext: initialization completed in 1633 ms
2026-04-02 12:31:23 [main] INFO  o.h.jpa.internal.util.LogHelper - HHH000204: Processing PersistenceUnitInfo [name: default]
2026-04-02 12:31:23 [main] INFO  org.hibernate.Version - HHH000412: Hibernate ORM core version 6.3.1.Final
2026-04-02 12:31:23 [main] INFO  o.h.c.i.RegionFactoryInitiator - HHH000026: Second-level cache disabled
2026-04-02 12:31:23 [main] INFO  o.s.o.j.p.SpringPersistenceUnitInfo - No LoadTimeWeaver setup: ignoring JPA class transformer
2026-04-02 12:31:23 [main] INFO  com.zaxxer.hikari.HikariDataSource - HikariPool-1 - Starting...
2026-04-02 12:31:24 [main] INFO  com.zaxxer.hikari.pool.HikariPool - HikariPool-1 - Added connection com.mysql.cj.jdbc.ConnectionImpl@2a120c88
2026-04-02 12:31:24 [main] INFO  com.zaxxer.hikari.HikariDataSource - HikariPool-1 - Start completed.
2026-04-02 12:31:24 [main] WARN  org.hibernate.orm.deprecation - HHH90000025: MySQLDialect does not need to be specified explicitly using 'hibernate.dialect' (remove the property setting and it will be selected by default)
2026-04-02 12:31:25 [main] INFO  o.h.e.t.j.p.i.JtaPlatformInitiator - HHH000489: No JTA platform available (set 'hibernate.transaction.jta.platform' to enable JTA platform integration)
2026-04-02 12:31:25 [main] INFO  o.s.o.j.LocalContainerEntityManagerFactoryBean - Initialized JPA EntityManagerFactory for persistence unit 'default'
2026-04-02 12:31:25 [main] DEBUG c.h.h.config.JWTAuthFilter - Filter 'JWTAuthFilter' configured for use
2026-04-02 12:31:25 [main] INFO  o.s.d.j.r.query.QueryEnhancerFactory - Hibernate is in classpath; If applicable, HQL parser will be used.
2026-04-02 12:31:26 [main] WARN  o.s.b.a.o.j.JpaBaseConfiguration$JpaWebConfiguration - spring.jpa.open-in-view is enabled by default. Therefore, database queries may be performed during view rendering. Explicitly configure spring.jpa.open-in-view to disable this warning
2026-04-02 12:31:26 [main] INFO  o.s.s.web.DefaultSecurityFilterChain - Will secure any request with [org.springframework.security.web.session.DisableEncodeUrlFilter@4febb6e6, org.springframework.security.web.context.request.async.WebAsyncManagerIntegrationFilter@30967756, org.springframework.security.web.context.SecurityContextHolderFilter@4bfd9e3a, org.springframework.security.web.header.HeaderWriterFilter@6d02c23f, org.springframework.web.filter.CorsFilter@45e6b8fa, org.springframework.security.web.authentication.logout.LogoutFilter@510d6e38, com.hotel.hotel_backend.config.JWTAuthFilter@1ecf784f, org.springframework.security.web.savedrequest.RequestCacheAwareFilter@56c45636, org.springframework.security.web.servletapi.SecurityContextHolderAwareRequestFilter@6becf200, org.springframework.security.web.authentication.AnonymousAuthenticationFilter@3a9a1adf, org.springframework.security.web.session.SessionManagementFilter@763d7eef, org.springframework.security.web.access.ExceptionTranslationFilter@7b313fdf, org.springframework.security.web.access.intercept.AuthorizationFilter@4896f287]
2026-04-02 12:31:27 [main] WARN  o.s.b.w.s.c.AnnotationConfigServletWebServerApplicationContext - Exception encountered during context initialization - cancelling refresh attempt: org.springframework.context.ApplicationContextException: Failed to start bean 'webServerStartStop'
2026-04-02 12:31:27 [main] INFO  o.s.o.j.LocalContainerEntityManagerFactoryBean - Closing JPA EntityManagerFactory for persistence unit 'default'
2026-04-02 12:31:27 [main] INFO  com.zaxxer.hikari.HikariDataSource - HikariPool-1 - Shutdown initiated...
2026-04-02 12:31:27 [main] INFO  com.zaxxer.hikari.HikariDataSource - HikariPool-1 - Shutdown completed.
2026-04-02 12:31:27 [main] INFO  o.s.b.a.l.ConditionEvaluationReportLogger - 

Error starting ApplicationContext. To display the condition evaluation report re-run your application with 'debug' enabled.
2026-04-02 12:31:27 [main] ERROR o.s.b.d.LoggingFailureAnalysisReporter - 

***************************
APPLICATION FAILED TO START
***************************

Description:

Web server failed to start. Port 8080 was already in use.

Action:

Identify and stop the process that's listening on port 8080 or configure this application to listen on another port.

2026-04-02 12:32:35 [http-nio-8080-exec-10] INFO  c.h.h.controller.HotelController - GET /api/hotels
2026-04-02 12:32:35 [http-nio-8080-exec-10] INFO  c.h.h.service.HotelService - Fetched 0 hotels
2026-04-02 12:34:00 [main] INFO  c.h.h.HotelBackendApplication - Starting HotelBackendApplication using Java 21.0.10 with PID 14424 (C:\Users\girid\Desktop\HotelBooking\hotel-backend\target\classes started by girid in C:\Users\girid\Desktop\HotelBooking\hotel-backend)
2026-04-02 12:34:00 [main] DEBUG c.h.h.HotelBackendApplication - Running with Spring Boot v3.2.0, Spring v6.1.1
2026-04-02 12:34:00 [main] INFO  c.h.h.HotelBackendApplication - No active profile set, falling back to 1 default profile: "default"
2026-04-02 12:34:01 [main] INFO  o.s.d.r.c.RepositoryConfigurationDelegate - Bootstrapping Spring Data JPA repositories in DEFAULT mode.
2026-04-02 12:34:01 [main] INFO  o.s.d.r.c.RepositoryConfigurationDelegate - Finished Spring Data repository scanning in 67 ms. Found 4 JPA repository interfaces.
2026-04-02 12:34:02 [main] INFO  o.s.b.w.e.tomcat.TomcatWebServer - Tomcat initialized with port 8080 (http)
2026-04-02 12:34:02 [main] INFO  o.a.catalina.core.StandardService - Starting service [Tomcat]
2026-04-02 12:34:02 [main] INFO  o.a.catalina.core.StandardEngine - Starting Servlet engine: [Apache Tomcat/10.1.16]
2026-04-02 12:34:02 [main] INFO  o.a.c.c.C.[Tomcat].[localhost].[/] - Initializing Spring embedded WebApplicationContext
2026-04-02 12:34:02 [main] INFO  o.s.b.w.s.c.ServletWebServerApplicationContext - Root WebApplicationContext: initialization completed in 1692 ms
2026-04-02 12:34:02 [main] INFO  o.h.jpa.internal.util.LogHelper - HHH000204: Processing PersistenceUnitInfo [name: default]
2026-04-02 12:34:02 [main] INFO  org.hibernate.Version - HHH000412: Hibernate ORM core version 6.3.1.Final
2026-04-02 12:34:02 [main] INFO  o.h.c.i.RegionFactoryInitiator - HHH000026: Second-level cache disabled
2026-04-02 12:34:03 [main] INFO  o.s.o.j.p.SpringPersistenceUnitInfo - No LoadTimeWeaver setup: ignoring JPA class transformer
2026-04-02 12:34:03 [main] INFO  com.zaxxer.hikari.HikariDataSource - HikariPool-1 - Starting...
2026-04-02 12:34:03 [main] INFO  com.zaxxer.hikari.pool.HikariPool - HikariPool-1 - Added connection com.mysql.cj.jdbc.ConnectionImpl@4fa0ee7e
2026-04-02 12:34:03 [main] INFO  com.zaxxer.hikari.HikariDataSource - HikariPool-1 - Start completed.
2026-04-02 12:34:03 [main] WARN  org.hibernate.orm.deprecation - HHH90000025: MySQLDialect does not need to be specified explicitly using 'hibernate.dialect' (remove the property setting and it will be selected by default)
2026-04-02 12:34:04 [main] INFO  o.h.e.t.j.p.i.JtaPlatformInitiator - HHH000489: No JTA platform available (set 'hibernate.transaction.jta.platform' to enable JTA platform integration)
2026-04-02 12:34:04 [main] INFO  o.s.o.j.LocalContainerEntityManagerFactoryBean - Initialized JPA EntityManagerFactory for persistence unit 'default'
2026-04-02 12:34:04 [main] DEBUG c.h.h.config.JWTAuthFilter - Filter 'JWTAuthFilter' configured for use
2026-04-02 12:34:04 [main] INFO  o.s.d.j.r.query.QueryEnhancerFactory - Hibernate is in classpath; If applicable, HQL parser will be used.
2026-04-02 12:34:05 [main] WARN  o.s.b.a.o.j.JpaBaseConfiguration$JpaWebConfiguration - spring.jpa.open-in-view is enabled by default. Therefore, database queries may be performed during view rendering. Explicitly configure spring.jpa.open-in-view to disable this warning
2026-04-02 12:34:05 [main] INFO  o.s.s.web.DefaultSecurityFilterChain - Will secure any request with [org.springframework.security.web.session.DisableEncodeUrlFilter@1278c48f, org.springframework.security.web.context.request.async.WebAsyncManagerIntegrationFilter@6137a032, org.springframework.security.web.context.SecurityContextHolderFilter@26338386, org.springframework.security.web.header.HeaderWriterFilter@11eb41f4, org.springframework.web.filter.CorsFilter@716d4283, org.springframework.security.web.authentication.logout.LogoutFilter@e4e39a0, com.hotel.hotel_backend.config.JWTAuthFilter@67167f8f, org.springframework.security.web.savedrequest.RequestCacheAwareFilter@103d64a0, org.springframework.security.web.servletapi.SecurityContextHolderAwareRequestFilter@ba8d7c7, org.springframework.security.web.authentication.AnonymousAuthenticationFilter@1c1082d9, org.springframework.security.web.session.SessionManagementFilter@411b3740, org.springframework.security.web.access.ExceptionTranslationFilter@7fe646a, org.springframework.security.web.access.intercept.AuthorizationFilter@3f698ab8]
2026-04-02 12:34:06 [main] WARN  o.s.b.w.s.c.AnnotationConfigServletWebServerApplicationContext - Exception encountered during context initialization - cancelling refresh attempt: org.springframework.context.ApplicationContextException: Failed to start bean 'webServerStartStop'
2026-04-02 12:34:06 [main] INFO  o.s.o.j.LocalContainerEntityManagerFactoryBean - Closing JPA EntityManagerFactory for persistence unit 'default'
2026-04-02 12:34:06 [main] INFO  com.zaxxer.hikari.HikariDataSource - HikariPool-1 - Shutdown initiated...
2026-04-02 12:34:06 [main] INFO  com.zaxxer.hikari.HikariDataSource - HikariPool-1 - Shutdown completed.
2026-04-02 12:34:06 [main] INFO  o.s.b.a.l.ConditionEvaluationReportLogger - 

Error starting ApplicationContext. To display the condition evaluation report re-run your application with 'debug' enabled.
2026-04-02 12:34:06 [main] ERROR o.s.b.d.LoggingFailureAnalysisReporter - 

***************************
APPLICATION FAILED TO START
***************************

Description:

Web server failed to start. Port 8080 was already in use.

Action:

Identify and stop the process that's listening on port 8080 or configure this application to listen on another port.

2026-04-02 12:35:12 [main] INFO  c.h.h.HotelBackendApplication - Starting HotelBackendApplication using Java 21.0.10 with PID 15152 (C:\Users\girid\Desktop\HotelBooking\hotel-backend\target\classes started by girid in C:\Users\girid\Desktop\HotelBooking\hotel-backend)
2026-04-02 12:35:12 [main] DEBUG c.h.h.HotelBackendApplication - Running with Spring Boot v3.2.0, Spring v6.1.1
2026-04-02 12:35:12 [main] INFO  c.h.h.HotelBackendApplication - No active profile set, falling back to 1 default profile: "default"
2026-04-02 12:35:13 [main] INFO  o.s.d.r.c.RepositoryConfigurationDelegate - Bootstrapping Spring Data JPA repositories in DEFAULT mode.
2026-04-02 12:35:13 [main] INFO  o.s.d.r.c.RepositoryConfigurationDelegate - Finished Spring Data repository scanning in 76 ms. Found 4 JPA repository interfaces.
2026-04-02 12:35:13 [main] INFO  o.s.b.w.e.tomcat.TomcatWebServer - Tomcat initialized with port 8080 (http)
2026-04-02 12:35:13 [main] INFO  o.a.catalina.core.StandardService - Starting service [Tomcat]
2026-04-02 12:35:13 [main] INFO  o.a.catalina.core.StandardEngine - Starting Servlet engine: [Apache Tomcat/10.1.16]
2026-04-02 12:35:13 [main] INFO  o.a.c.c.C.[Tomcat].[localhost].[/] - Initializing Spring embedded WebApplicationContext
2026-04-02 12:35:13 [main] INFO  o.s.b.w.s.c.ServletWebServerApplicationContext - Root WebApplicationContext: initialization completed in 1558 ms
2026-04-02 12:35:14 [main] INFO  o.h.jpa.internal.util.LogHelper - HHH000204: Processing PersistenceUnitInfo [name: default]
2026-04-02 12:35:14 [main] INFO  org.hibernate.Version - HHH000412: Hibernate ORM core version 6.3.1.Final
2026-04-02 12:35:14 [main] INFO  o.h.c.i.RegionFactoryInitiator - HHH000026: Second-level cache disabled
2026-04-02 12:35:14 [main] INFO  o.s.o.j.p.SpringPersistenceUnitInfo - No LoadTimeWeaver setup: ignoring JPA class transformer
2026-04-02 12:35:14 [main] INFO  com.zaxxer.hikari.HikariDataSource - HikariPool-1 - Starting...
2026-04-02 12:35:14 [main] INFO  com.zaxxer.hikari.pool.HikariPool - HikariPool-1 - Added connection com.mysql.cj.jdbc.ConnectionImpl@4fa0ee7e
2026-04-02 12:35:14 [main] INFO  com.zaxxer.hikari.HikariDataSource - HikariPool-1 - Start completed.
2026-04-02 12:35:14 [main] WARN  org.hibernate.orm.deprecation - HHH90000025: MySQLDialect does not need to be specified explicitly using 'hibernate.dialect' (remove the property setting and it will be selected by default)
2026-04-02 12:35:15 [main] INFO  o.h.e.t.j.p.i.JtaPlatformInitiator - HHH000489: No JTA platform available (set 'hibernate.transaction.jta.platform' to enable JTA platform integration)
2026-04-02 12:35:15 [main] INFO  o.s.o.j.LocalContainerEntityManagerFactoryBean - Initialized JPA EntityManagerFactory for persistence unit 'default'
2026-04-02 12:35:16 [main] DEBUG c.h.h.config.JWTAuthFilter - Filter 'JWTAuthFilter' configured for use
2026-04-02 12:35:16 [main] INFO  o.s.d.j.r.query.QueryEnhancerFactory - Hibernate is in classpath; If applicable, HQL parser will be used.
2026-04-02 12:35:16 [main] WARN  o.s.b.a.o.j.JpaBaseConfiguration$JpaWebConfiguration - spring.jpa.open-in-view is enabled by default. Therefore, database queries may be performed during view rendering. Explicitly configure spring.jpa.open-in-view to disable this warning
2026-04-02 12:35:17 [main] INFO  o.s.s.web.DefaultSecurityFilterChain - Will secure any request with [org.springframework.security.web.session.DisableEncodeUrlFilter@1278c48f, org.springframework.security.web.context.request.async.WebAsyncManagerIntegrationFilter@6137a032, org.springframework.security.web.context.SecurityContextHolderFilter@26338386, org.springframework.security.web.header.HeaderWriterFilter@11eb41f4, org.springframework.web.filter.CorsFilter@716d4283, org.springframework.security.web.authentication.logout.LogoutFilter@e4e39a0, com.hotel.hotel_backend.config.JWTAuthFilter@67167f8f, org.springframework.security.web.savedrequest.RequestCacheAwareFilter@103d64a0, org.springframework.security.web.servletapi.SecurityContextHolderAwareRequestFilter@ba8d7c7, org.springframework.security.web.authentication.AnonymousAuthenticationFilter@1c1082d9, org.springframework.security.web.session.SessionManagementFilter@411b3740, org.springframework.security.web.access.ExceptionTranslationFilter@7fe646a, org.springframework.security.web.access.intercept.AuthorizationFilter@3f698ab8]
2026-04-02 12:35:17 [main] WARN  o.s.b.w.s.c.AnnotationConfigServletWebServerApplicationContext - Exception encountered during context initialization - cancelling refresh attempt: org.springframework.context.ApplicationContextException: Failed to start bean 'webServerStartStop'
2026-04-02 12:35:17 [main] INFO  o.s.o.j.LocalContainerEntityManagerFactoryBean - Closing JPA EntityManagerFactory for persistence unit 'default'
2026-04-02 12:35:17 [main] INFO  com.zaxxer.hikari.HikariDataSource - HikariPool-1 - Shutdown initiated...
2026-04-02 12:35:17 [main] INFO  com.zaxxer.hikari.HikariDataSource - HikariPool-1 - Shutdown completed.
2026-04-02 12:35:17 [main] INFO  o.s.b.a.l.ConditionEvaluationReportLogger - 

Error starting ApplicationContext. To display the condition evaluation report re-run your application with 'debug' enabled.
2026-04-02 12:35:17 [main] ERROR o.s.b.d.LoggingFailureAnalysisReporter - 

***************************
APPLICATION FAILED TO START
***************************

Description:

Web server failed to start. Port 8080 was already in use.

Action:

Identify and stop the process that's listening on port 8080 or configure this application to listen on another port.

2026-04-02 12:35:25 [main] INFO  c.h.h.HotelBackendApplication - Starting HotelBackendApplication using Java 21.0.10 with PID 26328 (C:\Users\girid\Desktop\HotelBooking\hotel-backend\target\classes started by girid in C:\Users\girid\Desktop\HotelBooking\hotel-backend)
2026-04-02 12:35:25 [main] DEBUG c.h.h.HotelBackendApplication - Running with Spring Boot v3.2.0, Spring v6.1.1
2026-04-02 12:35:25 [main] INFO  c.h.h.HotelBackendApplication - No active profile set, falling back to 1 default profile: "default"
2026-04-02 12:35:26 [main] INFO  o.s.d.r.c.RepositoryConfigurationDelegate - Bootstrapping Spring Data JPA repositories in DEFAULT mode.
2026-04-02 12:35:26 [main] INFO  o.s.d.r.c.RepositoryConfigurationDelegate - Finished Spring Data repository scanning in 67 ms. Found 4 JPA repository interfaces.
2026-04-02 12:35:27 [main] INFO  o.s.b.w.e.tomcat.TomcatWebServer - Tomcat initialized with port 8080 (http)
2026-04-02 12:35:27 [main] INFO  o.a.catalina.core.StandardService - Starting service [Tomcat]
2026-04-02 12:35:27 [main] INFO  o.a.catalina.core.StandardEngine - Starting Servlet engine: [Apache Tomcat/10.1.16]
2026-04-02 12:35:27 [main] INFO  o.a.c.c.C.[Tomcat].[localhost].[/] - Initializing Spring embedded WebApplicationContext
2026-04-02 12:35:27 [main] INFO  o.s.b.w.s.c.ServletWebServerApplicationContext - Root WebApplicationContext: initialization completed in 1639 ms
2026-04-02 12:35:27 [main] INFO  o.h.jpa.internal.util.LogHelper - HHH000204: Processing PersistenceUnitInfo [name: default]
2026-04-02 12:35:27 [main] INFO  org.hibernate.Version - HHH000412: Hibernate ORM core version 6.3.1.Final
2026-04-02 12:35:27 [main] INFO  o.h.c.i.RegionFactoryInitiator - HHH000026: Second-level cache disabled
2026-04-02 12:35:27 [main] INFO  o.s.o.j.p.SpringPersistenceUnitInfo - No LoadTimeWeaver setup: ignoring JPA class transformer
2026-04-02 12:35:27 [main] INFO  com.zaxxer.hikari.HikariDataSource - HikariPool-1 - Starting...
2026-04-02 12:35:27 [main] INFO  com.zaxxer.hikari.pool.HikariPool - HikariPool-1 - Added connection com.mysql.cj.jdbc.ConnectionImpl@4fa0ee7e
2026-04-02 12:35:27 [main] INFO  com.zaxxer.hikari.HikariDataSource - HikariPool-1 - Start completed.
2026-04-02 12:35:27 [main] WARN  org.hibernate.orm.deprecation - HHH90000025: MySQLDialect does not need to be specified explicitly using 'hibernate.dialect' (remove the property setting and it will be selected by default)
2026-04-02 12:35:28 [main] INFO  o.h.e.t.j.p.i.JtaPlatformInitiator - HHH000489: No JTA platform available (set 'hibernate.transaction.jta.platform' to enable JTA platform integration)
2026-04-02 12:35:28 [main] INFO  o.s.o.j.LocalContainerEntityManagerFactoryBean - Initialized JPA EntityManagerFactory for persistence unit 'default'
2026-04-02 12:35:29 [main] DEBUG c.h.h.config.JWTAuthFilter - Filter 'JWTAuthFilter' configured for use
2026-04-02 12:35:29 [main] INFO  o.s.d.j.r.query.QueryEnhancerFactory - Hibernate is in classpath; If applicable, HQL parser will be used.
2026-04-02 12:35:29 [main] WARN  o.s.b.a.o.j.JpaBaseConfiguration$JpaWebConfiguration - spring.jpa.open-in-view is enabled by default. Therefore, database queries may be performed during view rendering. Explicitly configure spring.jpa.open-in-view to disable this warning
2026-04-02 12:35:30 [main] INFO  o.s.s.web.DefaultSecurityFilterChain - Will secure any request with [org.springframework.security.web.session.DisableEncodeUrlFilter@4d2bac23, org.springframework.security.web.context.request.async.WebAsyncManagerIntegrationFilter@452506b9, org.springframework.security.web.context.SecurityContextHolderFilter@2e00032d, org.springframework.security.web.header.HeaderWriterFilter@7fe646a, org.springframework.web.filter.CorsFilter@1278c48f, org.springframework.security.web.authentication.logout.LogoutFilter@4896f287, com.hotel.hotel_backend.config.JWTAuthFilter@67167f8f, org.springframework.security.web.savedrequest.RequestCacheAwareFilter@26338386, org.springframework.security.web.servletapi.SecurityContextHolderAwareRequestFilter@3e8a1137, org.springframework.security.web.authentication.AnonymousAuthenticationFilter@6137a032, org.springframework.security.web.session.SessionManagementFilter@3c3562c0, org.springframework.security.web.access.ExceptionTranslationFilter@35f18100, org.springframework.security.web.access.intercept.AuthorizationFilter@5baa759a]
2026-04-02 12:35:30 [main] WARN  o.s.b.w.s.c.AnnotationConfigServletWebServerApplicationContext - Exception encountered during context initialization - cancelling refresh attempt: org.springframework.context.ApplicationContextException: Failed to start bean 'webServerStartStop'
2026-04-02 12:35:30 [main] INFO  o.s.o.j.LocalContainerEntityManagerFactoryBean - Closing JPA EntityManagerFactory for persistence unit 'default'
2026-04-02 12:35:30 [main] INFO  com.zaxxer.hikari.HikariDataSource - HikariPool-1 - Shutdown initiated...
2026-04-02 12:35:30 [main] INFO  com.zaxxer.hikari.HikariDataSource - HikariPool-1 - Shutdown completed.
2026-04-02 12:35:30 [main] INFO  o.s.b.a.l.ConditionEvaluationReportLogger - 

Error starting ApplicationContext. To display the condition evaluation report re-run your application with 'debug' enabled.
2026-04-02 12:35:30 [main] ERROR o.s.b.d.LoggingFailureAnalysisReporter - 

***************************
APPLICATION FAILED TO START
***************************

Description:

Web server failed to start. Port 8080 was already in use.

Action:

Identify and stop the process that's listening on port 8080 or configure this application to listen on another port.

2026-04-02 12:37:53 [main] INFO  c.h.h.HotelBackendApplication - Starting HotelBackendApplication using Java 21.0.10 with PID 16292 (C:\Users\girid\Desktop\HotelBooking\hotel-backend\target\classes started by girid in C:\Users\girid\Desktop\HotelBooking\hotel-backend)
2026-04-02 12:37:53 [main] DEBUG c.h.h.HotelBackendApplication - Running with Spring Boot v3.2.0, Spring v6.1.1
2026-04-02 12:37:53 [main] INFO  c.h.h.HotelBackendApplication - No active profile set, falling back to 1 default profile: "default"
2026-04-02 12:37:54 [main] INFO  o.s.d.r.c.RepositoryConfigurationDelegate - Bootstrapping Spring Data JPA repositories in DEFAULT mode.
2026-04-02 12:37:54 [main] INFO  o.s.d.r.c.RepositoryConfigurationDelegate - Finished Spring Data repository scanning in 62 ms. Found 4 JPA repository interfaces.
2026-04-02 12:37:55 [main] INFO  o.s.b.w.e.tomcat.TomcatWebServer - Tomcat initialized with port 8080 (http)
2026-04-02 12:37:55 [main] INFO  o.a.catalina.core.StandardService - Starting service [Tomcat]
2026-04-02 12:37:55 [main] INFO  o.a.catalina.core.StandardEngine - Starting Servlet engine: [Apache Tomcat/10.1.16]
2026-04-02 12:37:55 [main] INFO  o.a.c.c.C.[Tomcat].[localhost].[/] - Initializing Spring embedded WebApplicationContext
2026-04-02 12:37:55 [main] INFO  o.s.b.w.s.c.ServletWebServerApplicationContext - Root WebApplicationContext: initialization completed in 1552 ms
2026-04-02 12:37:55 [main] INFO  o.h.jpa.internal.util.LogHelper - HHH000204: Processing PersistenceUnitInfo [name: default]
2026-04-02 12:37:55 [main] INFO  org.hibernate.Version - HHH000412: Hibernate ORM core version 6.3.1.Final
2026-04-02 12:37:55 [main] INFO  o.h.c.i.RegionFactoryInitiator - HHH000026: Second-level cache disabled
2026-04-02 12:37:55 [main] INFO  o.s.o.j.p.SpringPersistenceUnitInfo - No LoadTimeWeaver setup: ignoring JPA class transformer
2026-04-02 12:37:56 [main] INFO  com.zaxxer.hikari.HikariDataSource - HikariPool-1 - Starting...
2026-04-02 12:37:56 [main] INFO  com.zaxxer.hikari.pool.HikariPool - HikariPool-1 - Added connection com.mysql.cj.jdbc.ConnectionImpl@18989e0
2026-04-02 12:37:56 [main] INFO  com.zaxxer.hikari.HikariDataSource - HikariPool-1 - Start completed.
2026-04-02 12:37:56 [main] WARN  org.hibernate.orm.deprecation - HHH90000025: MySQLDialect does not need to be specified explicitly using 'hibernate.dialect' (remove the property setting and it will be selected by default)
2026-04-02 12:37:57 [main] INFO  o.h.e.t.j.p.i.JtaPlatformInitiator - HHH000489: No JTA platform available (set 'hibernate.transaction.jta.platform' to enable JTA platform integration)
2026-04-02 12:37:57 [main] INFO  o.s.o.j.LocalContainerEntityManagerFactoryBean - Initialized JPA EntityManagerFactory for persistence unit 'default'
2026-04-02 12:37:57 [main] DEBUG c.h.h.config.JWTAuthFilter - Filter 'JWTAuthFilter' configured for use
2026-04-02 12:37:57 [main] INFO  o.s.d.j.r.query.QueryEnhancerFactory - Hibernate is in classpath; If applicable, HQL parser will be used.
2026-04-02 12:37:58 [main] WARN  o.s.b.a.o.j.JpaBaseConfiguration$JpaWebConfiguration - spring.jpa.open-in-view is enabled by default. Therefore, database queries may be performed during view rendering. Explicitly configure spring.jpa.open-in-view to disable this warning
2026-04-02 12:37:58 [main] INFO  o.s.s.web.DefaultSecurityFilterChain - Will secure any request with [org.springframework.security.web.session.DisableEncodeUrlFilter@e4e39a0, org.springframework.security.web.context.request.async.WebAsyncManagerIntegrationFilter@4febb6e6, org.springframework.security.web.context.SecurityContextHolderFilter@458f1355, org.springframework.security.web.header.HeaderWriterFilter@55781d31, org.springframework.web.filter.CorsFilter@30967756, org.springframework.security.web.authentication.logout.LogoutFilter@d6ff21e, com.hotel.hotel_backend.config.JWTAuthFilter@6a4d57b7, org.springframework.security.web.savedrequest.RequestCacheAwareFilter@562a4bac, org.springframework.security.web.servletapi.SecurityContextHolderAwareRequestFilter@56c45636, org.springframework.security.web.authentication.AnonymousAuthenticationFilter@45e6b8fa, org.springframework.security.web.session.SessionManagementFilter@4f141a7, org.springframework.security.web.access.ExceptionTranslationFilter@515a3572, org.springframework.security.web.access.intercept.AuthorizationFilter@7bf75275]
2026-04-02 12:37:58 [main] WARN  o.s.b.w.s.c.AnnotationConfigServletWebServerApplicationContext - Exception encountered during context initialization - cancelling refresh attempt: org.springframework.context.ApplicationContextException: Failed to start bean 'webServerStartStop'
2026-04-02 12:37:58 [main] INFO  o.s.o.j.LocalContainerEntityManagerFactoryBean - Closing JPA EntityManagerFactory for persistence unit 'default'
2026-04-02 12:37:58 [main] INFO  com.zaxxer.hikari.HikariDataSource - HikariPool-1 - Shutdown initiated...
2026-04-02 12:37:58 [main] INFO  com.zaxxer.hikari.HikariDataSource - HikariPool-1 - Shutdown completed.
2026-04-02 12:37:58 [main] INFO  o.s.b.a.l.ConditionEvaluationReportLogger - 

Error starting ApplicationContext. To display the condition evaluation report re-run your application with 'debug' enabled.
2026-04-02 12:37:58 [main] ERROR o.s.b.d.LoggingFailureAnalysisReporter - 

***************************
APPLICATION FAILED TO START
***************************

Description:

Web server failed to start. Port 8080 was already in use.

Action:

Identify and stop the process that's listening on port 8080 or configure this application to listen on another port.

2026-04-02 12:40:33 [main] INFO  c.h.h.HotelBackendApplication - Starting HotelBackendApplication using Java 21.0.10 with PID 11372 (C:\Users\girid\Desktop\HotelBooking\hotel-backend\target\classes started by girid in C:\Users\girid\Desktop\HotelBooking\hotel-backend)
2026-04-02 12:40:33 [main] DEBUG c.h.h.HotelBackendApplication - Running with Spring Boot v3.2.0, Spring v6.1.1
2026-04-02 12:40:33 [main] INFO  c.h.h.HotelBackendApplication - No active profile set, falling back to 1 default profile: "default"
2026-04-02 12:40:34 [main] INFO  o.s.d.r.c.RepositoryConfigurationDelegate - Bootstrapping Spring Data JPA repositories in DEFAULT mode.
2026-04-02 12:40:34 [main] INFO  o.s.d.r.c.RepositoryConfigurationDelegate - Finished Spring Data repository scanning in 82 ms. Found 4 JPA repository interfaces.
2026-04-02 12:40:35 [main] INFO  o.s.b.w.e.tomcat.TomcatWebServer - Tomcat initialized with port 8080 (http)
2026-04-02 12:40:35 [main] INFO  o.a.catalina.core.StandardService - Starting service [Tomcat]
2026-04-02 12:40:35 [main] INFO  o.a.catalina.core.StandardEngine - Starting Servlet engine: [Apache Tomcat/10.1.16]
2026-04-02 12:40:35 [main] INFO  o.a.c.c.C.[Tomcat].[localhost].[/] - Initializing Spring embedded WebApplicationContext
2026-04-02 12:40:35 [main] INFO  o.s.b.w.s.c.ServletWebServerApplicationContext - Root WebApplicationContext: initialization completed in 1384 ms
2026-04-02 12:40:35 [main] INFO  o.h.jpa.internal.util.LogHelper - HHH000204: Processing PersistenceUnitInfo [name: default]
2026-04-02 12:40:35 [main] INFO  org.hibernate.Version - HHH000412: Hibernate ORM core version 6.3.1.Final
2026-04-02 12:40:35 [main] INFO  o.h.c.i.RegionFactoryInitiator - HHH000026: Second-level cache disabled
2026-04-02 12:40:35 [main] INFO  o.s.o.j.p.SpringPersistenceUnitInfo - No LoadTimeWeaver setup: ignoring JPA class transformer
2026-04-02 12:40:35 [main] INFO  com.zaxxer.hikari.HikariDataSource - HikariPool-1 - Starting...
2026-04-02 12:40:35 [main] INFO  com.zaxxer.hikari.pool.HikariPool - HikariPool-1 - Added connection com.mysql.cj.jdbc.ConnectionImpl@4fa0ee7e
2026-04-02 12:40:35 [main] INFO  com.zaxxer.hikari.HikariDataSource - HikariPool-1 - Start completed.
2026-04-02 12:40:35 [main] WARN  org.hibernate.orm.deprecation - HHH90000025: MySQLDialect does not need to be specified explicitly using 'hibernate.dialect' (remove the property setting and it will be selected by default)
2026-04-02 12:40:36 [main] INFO  o.h.e.t.j.p.i.JtaPlatformInitiator - HHH000489: No JTA platform available (set 'hibernate.transaction.jta.platform' to enable JTA platform integration)
2026-04-02 12:40:36 [main] INFO  o.s.o.j.LocalContainerEntityManagerFactoryBean - Initialized JPA EntityManagerFactory for persistence unit 'default'
2026-04-02 12:40:37 [main] DEBUG c.h.h.config.JWTAuthFilter - Filter 'JWTAuthFilter' configured for use
2026-04-02 12:40:37 [main] INFO  o.s.d.j.r.query.QueryEnhancerFactory - Hibernate is in classpath; If applicable, HQL parser will be used.
2026-04-02 12:40:37 [main] WARN  o.s.b.a.o.j.JpaBaseConfiguration$JpaWebConfiguration - spring.jpa.open-in-view is enabled by default. Therefore, database queries may be performed during view rendering. Explicitly configure spring.jpa.open-in-view to disable this warning
2026-04-02 12:40:38 [main] INFO  o.s.s.web.DefaultSecurityFilterChain - Will secure any request with [org.springframework.security.web.session.DisableEncodeUrlFilter@4d2bac23, org.springframework.security.web.context.request.async.WebAsyncManagerIntegrationFilter@452506b9, org.springframework.security.web.context.SecurityContextHolderFilter@2e00032d, org.springframework.security.web.header.HeaderWriterFilter@7fe646a, org.springframework.web.filter.CorsFilter@1278c48f, org.springframework.security.web.authentication.logout.LogoutFilter@4896f287, com.hotel.hotel_backend.config.JWTAuthFilter@67167f8f, org.springframework.security.web.savedrequest.RequestCacheAwareFilter@26338386, org.springframework.security.web.servletapi.SecurityContextHolderAwareRequestFilter@3e8a1137, org.springframework.security.web.authentication.AnonymousAuthenticationFilter@6137a032, org.springframework.security.web.session.SessionManagementFilter@3c3562c0, org.springframework.security.web.access.ExceptionTranslationFilter@35f18100, org.springframework.security.web.access.intercept.AuthorizationFilter@5baa759a]
2026-04-02 12:40:38 [main] WARN  o.s.b.w.s.c.AnnotationConfigServletWebServerApplicationContext - Exception encountered during context initialization - cancelling refresh attempt: org.springframework.context.ApplicationContextException: Failed to start bean 'webServerStartStop'
2026-04-02 12:40:38 [main] INFO  o.s.o.j.LocalContainerEntityManagerFactoryBean - Closing JPA EntityManagerFactory for persistence unit 'default'
2026-04-02 12:40:38 [main] INFO  com.zaxxer.hikari.HikariDataSource - HikariPool-1 - Shutdown initiated...
2026-04-02 12:40:38 [main] INFO  com.zaxxer.hikari.HikariDataSource - HikariPool-1 - Shutdown completed.
2026-04-02 12:40:38 [main] INFO  o.s.b.a.l.ConditionEvaluationReportLogger - 

Error starting ApplicationContext. To display the condition evaluation report re-run your application with 'debug' enabled.
2026-04-02 12:40:38 [main] ERROR o.s.b.d.LoggingFailureAnalysisReporter - 

***************************
APPLICATION FAILED TO START
***************************

Description:

Web server failed to start. Port 8080 was already in use.

Action:

Identify and stop the process that's listening on port 8080 or configure this application to listen on another port.

2026-04-02 12:41:40 [main] INFO  c.h.h.HotelBackendApplication - Starting HotelBackendApplication using Java 21.0.10 with PID 19968 (C:\Users\girid\Desktop\HotelBooking\hotel-backend\target\classes started by girid in C:\Users\girid\Desktop\HotelBooking\hotel-backend)
2026-04-02 12:41:40 [main] DEBUG c.h.h.HotelBackendApplication - Running with Spring Boot v3.2.0, Spring v6.1.1
2026-04-02 12:41:40 [main] INFO  c.h.h.HotelBackendApplication - No active profile set, falling back to 1 default profile: "default"
2026-04-02 12:41:40 [main] INFO  o.s.d.r.c.RepositoryConfigurationDelegate - Bootstrapping Spring Data JPA repositories in DEFAULT mode.
2026-04-02 12:41:40 [main] INFO  o.s.d.r.c.RepositoryConfigurationDelegate - Finished Spring Data repository scanning in 46 ms. Found 4 JPA repository interfaces.
2026-04-02 12:41:41 [main] INFO  o.s.b.w.e.tomcat.TomcatWebServer - Tomcat initialized with port 8080 (http)
2026-04-02 12:41:41 [main] INFO  o.a.catalina.core.StandardService - Starting service [Tomcat]
2026-04-02 12:41:41 [main] INFO  o.a.catalina.core.StandardEngine - Starting Servlet engine: [Apache Tomcat/10.1.16]
2026-04-02 12:41:41 [main] INFO  o.a.c.c.C.[Tomcat].[localhost].[/] - Initializing Spring embedded WebApplicationContext
2026-04-02 12:41:41 [main] INFO  o.s.b.w.s.c.ServletWebServerApplicationContext - Root WebApplicationContext: initialization completed in 1283 ms
2026-04-02 12:41:41 [main] INFO  o.h.jpa.internal.util.LogHelper - HHH000204: Processing PersistenceUnitInfo [name: default]
2026-04-02 12:41:41 [main] INFO  org.hibernate.Version - HHH000412: Hibernate ORM core version 6.3.1.Final
2026-04-02 12:41:41 [main] INFO  o.h.c.i.RegionFactoryInitiator - HHH000026: Second-level cache disabled
2026-04-02 12:41:42 [main] INFO  o.s.o.j.p.SpringPersistenceUnitInfo - No LoadTimeWeaver setup: ignoring JPA class transformer
2026-04-02 12:41:42 [main] INFO  com.zaxxer.hikari.HikariDataSource - HikariPool-1 - Starting...
2026-04-02 12:41:42 [main] INFO  com.zaxxer.hikari.pool.HikariPool - HikariPool-1 - Added connection com.mysql.cj.jdbc.ConnectionImpl@3ef0e576
2026-04-02 12:41:42 [main] INFO  com.zaxxer.hikari.HikariDataSource - HikariPool-1 - Start completed.
2026-04-02 12:41:42 [main] WARN  org.hibernate.orm.deprecation - HHH90000025: MySQLDialect does not need to be specified explicitly using 'hibernate.dialect' (remove the property setting and it will be selected by default)
2026-04-02 12:41:43 [main] INFO  o.h.e.t.j.p.i.JtaPlatformInitiator - HHH000489: No JTA platform available (set 'hibernate.transaction.jta.platform' to enable JTA platform integration)
2026-04-02 12:41:43 [main] INFO  o.s.o.j.LocalContainerEntityManagerFactoryBean - Initialized JPA EntityManagerFactory for persistence unit 'default'
2026-04-02 12:41:43 [main] DEBUG c.h.h.config.JWTAuthFilter - Filter 'JWTAuthFilter' configured for use
2026-04-02 12:41:43 [main] INFO  o.s.d.j.r.query.QueryEnhancerFactory - Hibernate is in classpath; If applicable, HQL parser will be used.
2026-04-02 12:41:44 [main] WARN  o.s.b.a.o.j.JpaBaseConfiguration$JpaWebConfiguration - spring.jpa.open-in-view is enabled by default. Therefore, database queries may be performed during view rendering. Explicitly configure spring.jpa.open-in-view to disable this warning
2026-04-02 12:41:44 [main] INFO  o.s.s.web.DefaultSecurityFilterChain - Will secure any request with [org.springframework.security.web.session.DisableEncodeUrlFilter@3cb303d9, org.springframework.security.web.context.request.async.WebAsyncManagerIntegrationFilter@7988fd6e, org.springframework.security.web.context.SecurityContextHolderFilter@6df38b48, org.springframework.security.web.header.HeaderWriterFilter@389d371a, org.springframework.web.filter.CorsFilter@3b3d7eb6, org.springframework.security.web.authentication.logout.LogoutFilter@103d64a0, com.hotel.hotel_backend.config.JWTAuthFilter@3ce2c5f6, org.springframework.security.web.savedrequest.RequestCacheAwareFilter@aca89a3, org.springframework.security.web.servletapi.SecurityContextHolderAwareRequestFilter@7122b1ff, org.springframework.security.web.authentication.AnonymousAuthenticationFilter@47a363a8, org.springframework.security.web.session.SessionManagementFilter@7b313fdf, org.springframework.security.web.access.ExceptionTranslationFilter@78067cc4, org.springframework.security.web.access.intercept.AuthorizationFilter@78c7a736]
2026-04-02 12:41:44 [main] WARN  o.s.b.w.s.c.AnnotationConfigServletWebServerApplicationContext - Exception encountered during context initialization - cancelling refresh attempt: org.springframework.context.ApplicationContextException: Failed to start bean 'webServerStartStop'
2026-04-02 12:41:44 [main] INFO  o.s.o.j.LocalContainerEntityManagerFactoryBean - Closing JPA EntityManagerFactory for persistence unit 'default'
2026-04-02 12:41:44 [main] INFO  com.zaxxer.hikari.HikariDataSource - HikariPool-1 - Shutdown initiated...
2026-04-02 12:41:44 [main] INFO  com.zaxxer.hikari.HikariDataSource - HikariPool-1 - Shutdown completed.
2026-04-02 12:41:44 [main] INFO  o.s.b.a.l.ConditionEvaluationReportLogger - 

Error starting ApplicationContext. To display the condition evaluation report re-run your application with 'debug' enabled.
2026-04-02 12:41:45 [main] ERROR o.s.b.d.LoggingFailureAnalysisReporter - 

***************************
APPLICATION FAILED TO START
***************************

Description:

Web server failed to start. Port 8080 was already in use.

Action:

Identify and stop the process that's listening on port 8080 or configure this application to listen on another port.

2026-04-02 12:43:24 [main] INFO  c.h.h.HotelBackendApplication - Starting HotelBackendApplication using Java 21.0.10 with PID 8924 (C:\Users\girid\Desktop\HotelBooking\hotel-backend\target\classes started by girid in C:\Users\girid\Desktop\HotelBooking\hotel-backend)
2026-04-02 12:43:24 [main] DEBUG c.h.h.HotelBackendApplication - Running with Spring Boot v3.2.0, Spring v6.1.1
2026-04-02 12:43:24 [main] INFO  c.h.h.HotelBackendApplication - No active profile set, falling back to 1 default profile: "default"
2026-04-02 12:43:25 [main] INFO  o.s.d.r.c.RepositoryConfigurationDelegate - Bootstrapping Spring Data JPA repositories in DEFAULT mode.
2026-04-02 12:43:25 [main] INFO  o.s.d.r.c.RepositoryConfigurationDelegate - Finished Spring Data repository scanning in 45 ms. Found 4 JPA repository interfaces.
2026-04-02 12:43:26 [main] INFO  o.s.b.w.e.tomcat.TomcatWebServer - Tomcat initialized with port 8081 (http)
2026-04-02 12:43:26 [main] INFO  o.a.catalina.core.StandardService - Starting service [Tomcat]
2026-04-02 12:43:26 [main] INFO  o.a.catalina.core.StandardEngine - Starting Servlet engine: [Apache Tomcat/10.1.16]
2026-04-02 12:43:26 [main] INFO  o.a.c.c.C.[Tomcat].[localhost].[/] - Initializing Spring embedded WebApplicationContext
2026-04-02 12:43:26 [main] INFO  o.s.b.w.s.c.ServletWebServerApplicationContext - Root WebApplicationContext: initialization completed in 1314 ms
2026-04-02 12:43:26 [main] INFO  o.h.jpa.internal.util.LogHelper - HHH000204: Processing PersistenceUnitInfo [name: default]
2026-04-02 12:43:26 [main] INFO  org.hibernate.Version - HHH000412: Hibernate ORM core version 6.3.1.Final
2026-04-02 12:43:26 [main] INFO  o.h.c.i.RegionFactoryInitiator - HHH000026: Second-level cache disabled
2026-04-02 12:43:26 [main] INFO  o.s.o.j.p.SpringPersistenceUnitInfo - No LoadTimeWeaver setup: ignoring JPA class transformer
2026-04-02 12:43:26 [main] INFO  com.zaxxer.hikari.HikariDataSource - HikariPool-1 - Starting...
2026-04-02 12:43:26 [main] INFO  com.zaxxer.hikari.pool.HikariPool - HikariPool-1 - Added connection com.mysql.cj.jdbc.ConnectionImpl@141bb6b8
2026-04-02 12:43:26 [main] INFO  com.zaxxer.hikari.HikariDataSource - HikariPool-1 - Start completed.
2026-04-02 12:43:26 [main] WARN  org.hibernate.orm.deprecation - HHH90000025: MySQLDialect does not need to be specified explicitly using 'hibernate.dialect' (remove the property setting and it will be selected by default)
2026-04-02 12:43:27 [main] INFO  o.h.e.t.j.p.i.JtaPlatformInitiator - HHH000489: No JTA platform available (set 'hibernate.transaction.jta.platform' to enable JTA platform integration)
2026-04-02 12:43:28 [main] INFO  o.s.o.j.LocalContainerEntityManagerFactoryBean - Initialized JPA EntityManagerFactory for persistence unit 'default'
2026-04-02 12:43:28 [main] DEBUG c.h.h.config.JWTAuthFilter - Filter 'JWTAuthFilter' configured for use
2026-04-02 12:43:28 [main] INFO  o.s.d.j.r.query.QueryEnhancerFactory - Hibernate is in classpath; If applicable, HQL parser will be used.
2026-04-02 12:43:28 [main] WARN  o.s.b.a.o.j.JpaBaseConfiguration$JpaWebConfiguration - spring.jpa.open-in-view is enabled by default. Therefore, database queries may be performed during view rendering. Explicitly configure spring.jpa.open-in-view to disable this warning
2026-04-02 12:43:29 [main] INFO  o.s.s.web.DefaultSecurityFilterChain - Will secure any request with [org.springframework.security.web.session.DisableEncodeUrlFilter@1f5513df, org.springframework.security.web.context.request.async.WebAsyncManagerIntegrationFilter@24aa1547, org.springframework.security.web.context.SecurityContextHolderFilter@329ab624, org.springframework.security.web.header.HeaderWriterFilter@42530cd6, org.springframework.web.filter.CorsFilter@b230f87, org.springframework.security.web.authentication.logout.LogoutFilter@541e8e40, com.hotel.hotel_backend.config.JWTAuthFilter@15254569, org.springframework.security.web.savedrequest.RequestCacheAwareFilter@4d2af40, org.springframework.security.web.servletapi.SecurityContextHolderAwareRequestFilter@2d68af14, org.springframework.security.web.authentication.AnonymousAuthenticationFilter@5b293cc9, org.springframework.security.web.session.SessionManagementFilter@4ea78b91, org.springframework.security.web.access.ExceptionTranslationFilter@29788adf, org.springframework.security.web.access.intercept.AuthorizationFilter@710959b3]
2026-04-02 12:43:29 [main] INFO  o.s.b.w.e.tomcat.TomcatWebServer - Tomcat started on port 8081 (http) with context path ''
2026-04-02 12:43:29 [main] INFO  c.h.h.HotelBackendApplication - Started HotelBackendApplication in 5.065 seconds (process running for 5.367)
2026-04-02 12:43:54 [http-nio-8081-exec-2] INFO  o.a.c.c.C.[Tomcat].[localhost].[/] - Initializing Spring DispatcherServlet 'dispatcherServlet'
2026-04-02 12:43:54 [http-nio-8081-exec-2] INFO  o.s.web.servlet.DispatcherServlet - Initializing Servlet 'dispatcherServlet'
2026-04-02 12:43:54 [http-nio-8081-exec-2] INFO  o.s.web.servlet.DispatcherServlet - Completed initialization in 3 ms
2026-04-02 12:43:54 [http-nio-8081-exec-2] WARN  o.s.w.s.h.HandlerMappingIntrospector - Cache miss for REQUEST dispatch to '/api/hotels' (previous null). Performing MatchableHandlerMapping lookup. This is logged once only at WARN level, and every time at TRACE.
2026-04-02 12:43:54 [http-nio-8081-exec-2] INFO  c.h.h.controller.HotelController - GET /api/hotels
2026-04-02 12:43:55 [http-nio-8081-exec-2] INFO  c.h.h.service.HotelService - Fetched 50 hotels
2026-04-02 12:44:07 [http-nio-8081-exec-1] INFO  c.h.h.controller.HotelController - GET /api/hotels
2026-04-02 12:44:07 [http-nio-8081-exec-1] INFO  c.h.h.service.HotelService - Fetched 50 hotels
2026-04-02 12:44:29 [http-nio-8081-exec-4] INFO  c.h.h.controller.HotelController - GET /api/hotels
2026-04-02 12:44:29 [http-nio-8081-exec-4] INFO  c.h.h.service.HotelService - Fetched 50 hotels
2026-04-02 12:44:29 [http-nio-8081-exec-7] INFO  c.h.h.controller.HotelController - GET /api/hotels
2026-04-02 12:44:29 [http-nio-8081-exec-7] INFO  c.h.h.service.HotelService - Fetched 50 hotels
2026-04-02 12:44:44 [SpringApplicationShutdownHook] INFO  o.s.o.j.LocalContainerEntityManagerFactoryBean - Closing JPA EntityManagerFactory for persistence unit 'default'
2026-04-02 12:44:44 [SpringApplicationShutdownHook] INFO  com.zaxxer.hikari.HikariDataSource - HikariPool-1 - Shutdown initiated...
2026-04-02 12:44:44 [SpringApplicationShutdownHook] INFO  com.zaxxer.hikari.HikariDataSource - HikariPool-1 - Shutdown completed.
2026-04-02 12:44:52 [http-nio-8081-exec-2] INFO  c.h.h.controller.HotelController - GET /api/hotels
2026-04-02 12:44:52 [http-nio-8081-exec-2] INFO  c.h.h.service.HotelService - Fetched 50 hotels
2026-04-02 12:44:52 [http-nio-8081-exec-4] INFO  c.h.h.controller.HotelController - GET /api/hotels
2026-04-02 12:44:52 [http-nio-8081-exec-4] INFO  c.h.h.service.HotelService - Fetched 50 hotels
2026-04-02 12:44:54 [main] INFO  c.h.h.HotelBackendApplication - Starting HotelBackendApplication using Java 21.0.10 with PID 16816 (C:\Users\girid\Desktop\HotelBooking\hotel-backend\target\classes started by girid in C:\Users\girid\Desktop\HotelBooking\hotel-backend)
2026-04-02 12:44:54 [main] DEBUG c.h.h.HotelBackendApplication - Running with Spring Boot v3.2.0, Spring v6.1.1
2026-04-02 12:44:54 [main] INFO  c.h.h.HotelBackendApplication - No active profile set, falling back to 1 default profile: "default"
2026-04-02 12:44:55 [main] INFO  o.s.d.r.c.RepositoryConfigurationDelegate - Bootstrapping Spring Data JPA repositories in DEFAULT mode.
2026-04-02 12:44:55 [main] INFO  o.s.d.r.c.RepositoryConfigurationDelegate - Finished Spring Data repository scanning in 55 ms. Found 4 JPA repository interfaces.
2026-04-02 12:44:55 [main] INFO  o.s.b.w.e.tomcat.TomcatWebServer - Tomcat initialized with port 8081 (http)
2026-04-02 12:44:55 [main] INFO  o.a.catalina.core.StandardService - Starting service [Tomcat]
2026-04-02 12:44:55 [main] INFO  o.a.catalina.core.StandardEngine - Starting Servlet engine: [Apache Tomcat/10.1.16]
2026-04-02 12:44:55 [main] INFO  o.a.c.c.C.[Tomcat].[localhost].[/] - Initializing Spring embedded WebApplicationContext
2026-04-02 12:44:55 [main] INFO  o.s.b.w.s.c.ServletWebServerApplicationContext - Root WebApplicationContext: initialization completed in 1392 ms
2026-04-02 12:44:56 [main] INFO  o.h.jpa.internal.util.LogHelper - HHH000204: Processing PersistenceUnitInfo [name: default]
2026-04-02 12:44:56 [main] INFO  org.hibernate.Version - HHH000412: Hibernate ORM core version 6.3.1.Final
2026-04-02 12:44:56 [main] INFO  o.h.c.i.RegionFactoryInitiator - HHH000026: Second-level cache disabled
2026-04-02 12:44:56 [main] INFO  o.s.o.j.p.SpringPersistenceUnitInfo - No LoadTimeWeaver setup: ignoring JPA class transformer
2026-04-02 12:44:56 [main] INFO  com.zaxxer.hikari.HikariDataSource - HikariPool-1 - Starting...
2026-04-02 12:44:56 [main] INFO  com.zaxxer.hikari.pool.HikariPool - HikariPool-1 - Added connection com.mysql.cj.jdbc.ConnectionImpl@559fd5ec
2026-04-02 12:44:56 [main] INFO  com.zaxxer.hikari.HikariDataSource - HikariPool-1 - Start completed.
2026-04-02 12:44:56 [main] WARN  org.hibernate.orm.deprecation - HHH90000025: MySQLDialect does not need to be specified explicitly using 'hibernate.dialect' (remove the property setting and it will be selected by default)
2026-04-02 12:44:57 [main] INFO  o.h.e.t.j.p.i.JtaPlatformInitiator - HHH000489: No JTA platform available (set 'hibernate.transaction.jta.platform' to enable JTA platform integration)
2026-04-02 12:44:57 [main] INFO  o.s.o.j.LocalContainerEntityManagerFactoryBean - Initialized JPA EntityManagerFactory for persistence unit 'default'
2026-04-02 12:44:57 [main] DEBUG c.h.h.config.JWTAuthFilter - Filter 'JWTAuthFilter' configured for use
2026-04-02 12:44:58 [main] INFO  o.s.d.j.r.query.QueryEnhancerFactory - Hibernate is in classpath; If applicable, HQL parser will be used.
2026-04-02 12:44:58 [main] WARN  o.s.b.a.o.j.JpaBaseConfiguration$JpaWebConfiguration - spring.jpa.open-in-view is enabled by default. Therefore, database queries may be performed during view rendering. Explicitly configure spring.jpa.open-in-view to disable this warning
2026-04-02 12:44:59 [main] INFO  o.s.s.web.DefaultSecurityFilterChain - Will secure any request with [org.springframework.security.web.session.DisableEncodeUrlFilter@11734d3d, org.springframework.security.web.context.request.async.WebAsyncManagerIntegrationFilter@541e8e40, org.springframework.security.web.context.SecurityContextHolderFilter@537e8a15, org.springframework.security.web.header.HeaderWriterFilter@7bf56370, org.springframework.web.filter.CorsFilter@3fa4702d, org.springframework.security.web.authentication.logout.LogoutFilter@6fcafcfe, com.hotel.hotel_backend.config.JWTAuthFilter@5b3c11ce, org.springframework.security.web.savedrequest.RequestCacheAwareFilter@19a71722, org.springframework.security.web.servletapi.SecurityContextHolderAwareRequestFilter@5e30ea7c, org.springframework.security.web.authentication.AnonymousAuthenticationFilter@15a806a2, org.springframework.security.web.session.SessionManagementFilter@20c048cc, org.springframework.security.web.access.ExceptionTranslationFilter@7d893815, org.springframework.security.web.access.intercept.AuthorizationFilter@4ce1292a]
2026-04-02 12:44:59 [main] WARN  o.s.b.w.s.c.AnnotationConfigServletWebServerApplicationContext - Exception encountered during context initialization - cancelling refresh attempt: org.springframework.context.ApplicationContextException: Failed to start bean 'webServerStartStop'
2026-04-02 12:44:59 [main] INFO  o.s.o.j.LocalContainerEntityManagerFactoryBean - Closing JPA EntityManagerFactory for persistence unit 'default'
2026-04-02 12:44:59 [main] INFO  com.zaxxer.hikari.HikariDataSource - HikariPool-1 - Shutdown initiated...
2026-04-02 12:44:59 [main] INFO  com.zaxxer.hikari.HikariDataSource - HikariPool-1 - Shutdown completed.
2026-04-02 12:44:59 [main] INFO  o.s.b.a.l.ConditionEvaluationReportLogger - 

Error starting ApplicationContext. To display the condition evaluation report re-run your application with 'debug' enabled.
2026-04-02 12:44:59 [main] ERROR o.s.b.d.LoggingFailureAnalysisReporter - 

***************************
APPLICATION FAILED TO START
***************************

Description:

Web server failed to start. Port 8081 was already in use.

Action:

Identify and stop the process that's listening on port 8081 or configure this application to listen on another port.

2026-04-02 12:45:07 [http-nio-8081-exec-2] WARN  c.h.h.config.JWTAuthFilter - JWT authentication failed: JWT signature does not match locally computed signature. JWT validity cannot be asserted and should not be trusted.
2026-04-02 12:45:07 [http-nio-8081-exec-4] WARN  c.h.h.config.JWTAuthFilter - JWT authentication failed: JWT signature does not match locally computed signature. JWT validity cannot be asserted and should not be trusted.
2026-04-02 12:45:07 [http-nio-8081-exec-2] INFO  c.h.h.controller.HotelController - GET /api/hotels
2026-04-02 12:45:07 [http-nio-8081-exec-2] INFO  c.h.h.service.HotelService - Fetched 0 hotels
2026-04-02 12:45:08 [http-nio-8081-exec-5] WARN  c.h.h.config.JWTAuthFilter - JWT authentication failed: JWT signature does not match locally computed signature. JWT validity cannot be asserted and should not be trusted.
2026-04-02 12:45:08 [http-nio-8081-exec-7] WARN  c.h.h.config.JWTAuthFilter - JWT authentication failed: JWT signature does not match locally computed signature. JWT validity cannot be asserted and should not be trusted.
2026-04-02 12:45:08 [http-nio-8081-exec-7] INFO  c.h.h.controller.HotelController - GET /api/hotels
2026-04-02 12:45:08 [http-nio-8081-exec-7] INFO  c.h.h.service.HotelService - Fetched 0 hotels
2026-04-02 12:45:24 [http-nio-8081-exec-9] INFO  c.h.h.controller.AuthController - POST /api/auth/login - email: giridharyuvaraj07@gmail.com
2026-04-02 12:45:24 [http-nio-8081-exec-9] INFO  c.h.h.service.UserService - Login attempt for email: giridharyuvaraj07@gmail.com
2026-04-02 12:45:24 [http-nio-8081-exec-9] DEBUG c.h.h.s.CustomUserDetailsService - Loading user by email: giridharyuvaraj07@gmail.com
2026-04-02 12:45:24 [http-nio-8081-exec-9] WARN  c.h.h.e.GlobalExceptionHandler - Bad credentials attempt
2026-04-02 12:45:36 [http-nio-8081-exec-8] INFO  c.h.h.controller.AuthController - POST /api/auth/login - email: giridharyuvaraj07@gmail.com
2026-04-02 12:45:36 [http-nio-8081-exec-8] INFO  c.h.h.service.UserService - Login attempt for email: giridharyuvaraj07@gmail.com
2026-04-02 12:45:36 [http-nio-8081-exec-8] DEBUG c.h.h.s.CustomUserDetailsService - Loading user by email: giridharyuvaraj07@gmail.com
2026-04-02 12:45:36 [http-nio-8081-exec-8] WARN  c.h.h.e.GlobalExceptionHandler - Bad credentials attempt
2026-04-02 12:45:41 [http-nio-8081-exec-10] INFO  c.h.h.controller.HotelController - GET /api/hotels
2026-04-02 12:45:41 [http-nio-8081-exec-10] INFO  c.h.h.service.HotelService - Fetched 0 hotels
2026-04-02 12:45:41 [http-nio-8081-exec-4] INFO  c.h.h.controller.HotelController - GET /api/hotels
2026-04-02 12:45:41 [http-nio-8081-exec-4] INFO  c.h.h.service.HotelService - Fetched 0 hotels
2026-04-02 12:45:46 [http-nio-8081-exec-2] INFO  c.h.h.controller.AuthController - POST /api/auth/login - email: giridharyuvaraj07@gmail.com
2026-04-02 12:45:46 [http-nio-8081-exec-2] INFO  c.h.h.service.UserService - Login attempt for email: giridharyuvaraj07@gmail.com
2026-04-02 12:45:46 [http-nio-8081-exec-2] DEBUG c.h.h.s.CustomUserDetailsService - Loading user by email: giridharyuvaraj07@gmail.com
2026-04-02 12:45:47 [http-nio-8081-exec-2] WARN  c.h.h.e.GlobalExceptionHandler - Bad credentials attempt
2026-04-02 12:46:16 [http-nio-8081-exec-1] INFO  c.h.h.controller.AuthController - POST /api/auth/register - email: hari@gmail.com
2026-04-02 12:46:16 [http-nio-8081-exec-1] INFO  c.h.h.service.UserService - Registering new user with email: hari@gmail.com
2026-04-02 12:46:16 [http-nio-8081-exec-1] INFO  c.h.h.service.UserService - User registered successfully with id: 1
2026-04-02 12:46:16 [http-nio-8081-exec-4] INFO  c.h.h.controller.AuthController - POST /api/auth/login - email: hari@gmail.com
2026-04-02 12:46:16 [http-nio-8081-exec-4] INFO  c.h.h.service.UserService - Login attempt for email: hari@gmail.com
2026-04-02 12:46:16 [http-nio-8081-exec-4] DEBUG c.h.h.s.CustomUserDetailsService - Loading user by email: hari@gmail.com
2026-04-02 12:46:17 [http-nio-8081-exec-4] INFO  c.h.h.service.UserService - User logged in successfully: hari@gmail.com
2026-04-02 12:46:17 [http-nio-8081-exec-2] DEBUG c.h.h.s.CustomUserDetailsService - Loading user by email: hari@gmail.com
2026-04-02 12:46:17 [http-nio-8081-exec-7] DEBUG c.h.h.s.CustomUserDetailsService - Loading user by email: hari@gmail.com
2026-04-02 12:46:17 [http-nio-8081-exec-7] DEBUG c.h.h.config.JWTAuthFilter - Authenticated user: hari@gmail.com for URI: /api/hotels/locations
2026-04-02 12:46:17 [http-nio-8081-exec-2] DEBUG c.h.h.config.JWTAuthFilter - Authenticated user: hari@gmail.com for URI: /api/hotels
2026-04-02 12:46:17 [http-nio-8081-exec-2] INFO  c.h.h.controller.HotelController - GET /api/hotels
2026-04-02 12:46:17 [http-nio-8081-exec-7] DEBUG c.h.h.s.CustomUserDetailsService - Loading user by email: hari@gmail.com
2026-04-02 12:46:17 [http-nio-8081-exec-2] INFO  c.h.h.service.HotelService - Fetched 0 hotels
2026-04-02 12:46:17 [http-nio-8081-exec-5] DEBUG c.h.h.s.CustomUserDetailsService - Loading user by email: hari@gmail.com
2026-04-02 12:46:17 [http-nio-8081-exec-7] DEBUG c.h.h.config.JWTAuthFilter - Authenticated user: hari@gmail.com for URI: /api/hotels/locations
2026-04-02 12:46:17 [http-nio-8081-exec-5] DEBUG c.h.h.config.JWTAuthFilter - Authenticated user: hari@gmail.com for URI: /api/hotels
2026-04-02 12:46:17 [http-nio-8081-exec-5] INFO  c.h.h.controller.HotelController - GET /api/hotels
2026-04-02 12:46:17 [http-nio-8081-exec-5] INFO  c.h.h.service.HotelService - Fetched 0 hotels
2026-04-02 12:46:29 [http-nio-8081-exec-8] DEBUG c.h.h.s.CustomUserDetailsService - Loading user by email: hari@gmail.com
2026-04-02 12:46:29 [http-nio-8081-exec-8] DEBUG c.h.h.config.JWTAuthFilter - Authenticated user: hari@gmail.com for URI: /api/rooms/search
2026-04-02 12:46:29 [http-nio-8081-exec-8] INFO  c.h.h.controller.HotelController - GET /api/rooms/search?location=Chennai&checkIn=2026-04-02&checkOut=2026-04-03
2026-04-02 12:46:29 [http-nio-8081-exec-8] INFO  c.h.h.service.HotelService - Found 0 available rooms in Chennai from 2026-04-02 to 2026-04-03
2026-04-02 12:46:29 [http-nio-8081-exec-3] DEBUG c.h.h.s.CustomUserDetailsService - Loading user by email: hari@gmail.com
2026-04-02 12:46:29 [http-nio-8081-exec-3] DEBUG c.h.h.config.JWTAuthFilter - Authenticated user: hari@gmail.com for URI: /api/rooms/search
2026-04-02 12:46:29 [http-nio-8081-exec-3] INFO  c.h.h.controller.HotelController - GET /api/rooms/search?location=Chennai&checkIn=2026-04-02&checkOut=2026-04-03
2026-04-02 12:46:29 [http-nio-8081-exec-3] INFO  c.h.h.service.HotelService - Found 0 available rooms in Chennai from 2026-04-02 to 2026-04-03
2026-04-02 12:46:40 [task-1] ERROR o.s.a.i.SimpleAsyncUncaughtExceptionHandler - Unexpected exception occurred invoking async method: public void com.hotel.hotel_backend.service.EmailService.sendRegistrationConfirmation(java.lang.String,java.lang.String)
org.springframework.mail.MailAuthenticationException: Authentication failed
	at org.springframework.mail.javamail.JavaMailSenderImpl.doSend(JavaMailSenderImpl.java:402)
	at org.springframework.mail.javamail.JavaMailSenderImpl.send(JavaMailSenderImpl.java:350)
	at org.springframework.mail.javamail.JavaMailSender.send(JavaMailSender.java:101)
	at com.hotel.hotel_backend.service.EmailService.sendRegistrationConfirmation(EmailService.java:36)
	at java.base/jdk.internal.reflect.DirectMethodHandleAccessor.invoke(DirectMethodHandleAccessor.java:103)
	at java.base/java.lang.reflect.Method.invoke(Method.java:580)
	at org.springframework.aop.support.AopUtils.invokeJoinpointUsingReflection(AopUtils.java:352)
	at org.springframework.aop.framework.ReflectiveMethodInvocation.invokeJoinpoint(ReflectiveMethodInvocation.java:196)
	at org.springframework.aop.framework.ReflectiveMethodInvocation.proceed(ReflectiveMethodInvocation.java:163)
	at org.springframework.aop.framework.CglibAopProxy$CglibMethodInvocation.proceed(CglibAopProxy.java:765)
	at org.springframework.aop.interceptor.AsyncExecutionInterceptor.lambda$invoke$0(AsyncExecutionInterceptor.java:115)
	at java.base/java.util.concurrent.FutureTask.run(FutureTask.java:317)
	at java.base/java.util.concurrent.ThreadPoolExecutor.runWorker(ThreadPoolExecutor.java:1144)
	at java.base/java.util.concurrent.ThreadPoolExecutor$Worker.run(ThreadPoolExecutor.java:642)
	at java.base/java.lang.Thread.run(Thread.java:1583)
Caused by: jakarta.mail.AuthenticationFailedException: 535-5.7.8 Username and Password not accepted. For more information, go to
535 5.7.8  https://support.google.com/mail/?p=BadCredentials 98e67ed59e1d1-35dba54797dsm3375072a91.1 - gsmtp

	at org.eclipse.angus.mail.smtp.SMTPTransport$Authenticator.authenticate(SMTPTransport.java:954)
	at org.eclipse.angus.mail.smtp.SMTPTransport.authenticate(SMTPTransport.java:865)
	at org.eclipse.angus.mail.smtp.SMTPTransport.protocolConnect(SMTPTransport.java:769)
	at jakarta.mail.Service.connect(Service.java:345)
	at org.springframework.mail.javamail.JavaMailSenderImpl.connectTransport(JavaMailSenderImpl.java:480)
	at org.springframework.mail.javamail.JavaMailSenderImpl.doSend(JavaMailSenderImpl.java:399)
	... 14 common frames omitted
2026-04-02 12:46:41 [http-nio-8081-exec-10] DEBUG c.h.h.s.CustomUserDetailsService - Loading user by email: hari@gmail.com
2026-04-02 12:46:41 [http-nio-8081-exec-10] DEBUG c.h.h.config.JWTAuthFilter - Authenticated user: hari@gmail.com for URI: /api/rooms/search
2026-04-02 12:46:41 [http-nio-8081-exec-10] INFO  c.h.h.controller.HotelController - GET /api/rooms/search?location=Chennai&checkIn=2026-04-02&checkOut=2026-04-03
2026-04-02 12:46:41 [http-nio-8081-exec-10] INFO  c.h.h.service.HotelService - Found 0 available rooms in Chennai from 2026-04-02 to 2026-04-03
2026-04-02 12:47:44 [http-nio-8081-exec-7] DEBUG c.h.h.s.CustomUserDetailsService - Loading user by email: hari@gmail.com
2026-04-02 12:47:44 [http-nio-8081-exec-7] DEBUG c.h.h.config.JWTAuthFilter - Authenticated user: hari@gmail.com for URI: /api/rooms/search
2026-04-02 12:47:44 [http-nio-8081-exec-7] INFO  c.h.h.controller.HotelController - GET /api/rooms/search?location=Chennai&checkIn=2026-04-02&checkOut=2026-04-03
2026-04-02 12:47:44 [http-nio-8081-exec-7] INFO  c.h.h.service.HotelService - Found 0 available rooms in Chennai from 2026-04-02 to 2026-04-03
2026-04-02 12:47:47 [http-nio-8081-exec-5] DEBUG c.h.h.s.CustomUserDetailsService - Loading user by email: hari@gmail.com
2026-04-02 12:47:47 [http-nio-8081-exec-5] DEBUG c.h.h.config.JWTAuthFilter - Authenticated user: hari@gmail.com for URI: /api/rooms/search
2026-04-02 12:47:47 [http-nio-8081-exec-5] INFO  c.h.h.controller.HotelController - GET /api/rooms/search?location=Chennai&checkIn=2026-04-02&checkOut=2026-04-03
2026-04-02 12:47:47 [http-nio-8081-exec-5] INFO  c.h.h.service.HotelService - Found 0 available rooms in Chennai from 2026-04-02 to 2026-04-03
2026-04-02 12:47:53 [http-nio-8081-exec-6] INFO  c.h.h.controller.HotelController - GET /api/hotels
2026-04-02 12:47:53 [http-nio-8081-exec-6] INFO  c.h.h.service.HotelService - Fetched 0 hotels
2026-04-02 12:47:53 [http-nio-8081-exec-3] INFO  c.h.h.controller.HotelController - GET /api/hotels
2026-04-02 12:47:53 [http-nio-8081-exec-3] INFO  c.h.h.service.HotelService - Fetched 0 hotels
2026-04-02 12:48:32 [http-nio-8081-exec-2] DEBUG c.h.h.s.CustomUserDetailsService - Loading user by email: hari@gmail.com
2026-04-02 12:48:32 [http-nio-8081-exec-2] DEBUG c.h.h.config.JWTAuthFilter - Authenticated user: hari@gmail.com for URI: /api/rooms/search
2026-04-02 12:48:32 [http-nio-8081-exec-2] INFO  c.h.h.controller.HotelController - GET /api/rooms/search?location=Chennai&checkIn=2026-04-02&checkOut=2026-04-03
2026-04-02 12:48:32 [http-nio-8081-exec-2] INFO  c.h.h.service.HotelService - Found 0 available rooms in Chennai from 2026-04-02 to 2026-04-03
2026-04-02 12:48:38 [http-nio-8081-exec-7] INFO  c.h.h.controller.HotelController - GET /api/hotels
2026-04-02 12:48:38 [http-nio-8081-exec-7] INFO  c.h.h.service.HotelService - Fetched 0 hotels
2026-04-02 12:48:38 [http-nio-8081-exec-6] INFO  c.h.h.controller.HotelController - GET /api/hotels
2026-04-02 12:48:38 [http-nio-8081-exec-6] INFO  c.h.h.service.HotelService - Fetched 0 hotels
2026-04-02 12:48:45 [http-nio-8081-exec-10] DEBUG c.h.h.s.CustomUserDetailsService - Loading user by email: hari@gmail.com
2026-04-02 12:48:45 [http-nio-8081-exec-10] DEBUG c.h.h.config.JWTAuthFilter - Authenticated user: hari@gmail.com for URI: /api/bookings/my
2026-04-02 12:48:45 [http-nio-8081-exec-10] INFO  c.h.h.controller.BookingController - GET /api/bookings/my - user: 1
2026-04-02 12:48:45 [http-nio-8081-exec-4] DEBUG c.h.h.s.CustomUserDetailsService - Loading user by email: hari@gmail.com
2026-04-02 12:48:45 [http-nio-8081-exec-4] DEBUG c.h.h.config.JWTAuthFilter - Authenticated user: hari@gmail.com for URI: /api/bookings/my
2026-04-02 12:48:45 [http-nio-8081-exec-4] INFO  c.h.h.controller.BookingController - GET /api/bookings/my - user: 1
2026-04-02 12:48:49 [http-nio-8081-exec-1] DEBUG c.h.h.s.CustomUserDetailsService - Loading user by email: hari@gmail.com
2026-04-02 12:48:49 [http-nio-8081-exec-2] DEBUG c.h.h.s.CustomUserDetailsService - Loading user by email: hari@gmail.com
2026-04-02 12:48:49 [http-nio-8081-exec-2] DEBUG c.h.h.config.JWTAuthFilter - Authenticated user: hari@gmail.com for URI: /api/hotels/locations
2026-04-02 12:48:49 [http-nio-8081-exec-1] DEBUG c.h.h.config.JWTAuthFilter - Authenticated user: hari@gmail.com for URI: /api/hotels
2026-04-02 12:48:49 [http-nio-8081-exec-1] INFO  c.h.h.controller.HotelController - GET /api/hotels
2026-04-02 12:48:49 [http-nio-8081-exec-1] INFO  c.h.h.service.HotelService - Fetched 0 hotels
2026-04-02 12:48:49 [http-nio-8081-exec-5] DEBUG c.h.h.s.CustomUserDetailsService - Loading user by email: hari@gmail.com
2026-04-02 12:48:49 [http-nio-8081-exec-7] DEBUG c.h.h.s.CustomUserDetailsService - Loading user by email: hari@gmail.com
2026-04-02 12:48:49 [http-nio-8081-exec-5] DEBUG c.h.h.config.JWTAuthFilter - Authenticated user: hari@gmail.com for URI: /api/hotels/locations
2026-04-02 12:48:49 [http-nio-8081-exec-7] DEBUG c.h.h.config.JWTAuthFilter - Authenticated user: hari@gmail.com for URI: /api/hotels
2026-04-02 12:48:49 [http-nio-8081-exec-7] INFO  c.h.h.controller.HotelController - GET /api/hotels
2026-04-02 12:48:49 [http-nio-8081-exec-7] INFO  c.h.h.service.HotelService - Fetched 0 hotels
2026-04-02 12:51:07 [http-nio-8081-exec-2] INFO  c.h.h.controller.HotelController - GET /api/hotels
2026-04-02 12:51:07 [http-nio-8081-exec-2] INFO  c.h.h.service.HotelService - Fetched 0 hotels
2026-04-02 12:51:20 [http-nio-8081-exec-5] INFO  c.h.h.controller.HotelController - GET /api/hotels
2026-04-02 12:51:20 [http-nio-8081-exec-5] INFO  c.h.h.service.HotelService - Fetched 0 hotels
2026-04-02 12:51:20 [http-nio-8081-exec-9] INFO  c.h.h.controller.HotelController - GET /api/hotels
2026-04-02 12:51:20 [http-nio-8081-exec-9] INFO  c.h.h.service.HotelService - Fetched 0 hotels
2026-04-02 12:58:05 [http-nio-8081-exec-5] DEBUG c.h.h.s.CustomUserDetailsService - Loading user by email: hari@gmail.com
2026-04-02 12:58:05 [http-nio-8081-exec-7] DEBUG c.h.h.s.CustomUserDetailsService - Loading user by email: hari@gmail.com
2026-04-02 12:58:05 [http-nio-8081-exec-5] DEBUG c.h.h.config.JWTAuthFilter - Authenticated user: hari@gmail.com for URI: /api/hotels/locations
2026-04-02 12:58:05 [http-nio-8081-exec-7] DEBUG c.h.h.config.JWTAuthFilter - Authenticated user: hari@gmail.com for URI: /api/hotels
2026-04-02 12:58:05 [http-nio-8081-exec-7] INFO  c.h.h.controller.HotelController - GET /api/hotels
2026-04-02 12:58:05 [http-nio-8081-exec-7] INFO  c.h.h.service.HotelService - Fetched 0 hotels
2026-04-02 12:58:05 [http-nio-8081-exec-9] DEBUG c.h.h.s.CustomUserDetailsService - Loading user by email: hari@gmail.com
2026-04-02 12:58:05 [http-nio-8081-exec-6] DEBUG c.h.h.s.CustomUserDetailsService - Loading user by email: hari@gmail.com
2026-04-02 12:58:05 [http-nio-8081-exec-9] DEBUG c.h.h.config.JWTAuthFilter - Authenticated user: hari@gmail.com for URI: /api/hotels/locations
2026-04-02 12:58:05 [http-nio-8081-exec-6] DEBUG c.h.h.config.JWTAuthFilter - Authenticated user: hari@gmail.com for URI: /api/hotels
2026-04-02 12:58:05 [http-nio-8081-exec-6] INFO  c.h.h.controller.HotelController - GET /api/hotels
2026-04-02 12:58:05 [http-nio-8081-exec-6] INFO  c.h.h.service.HotelService - Fetched 0 hotels
2026-04-02 12:58:18 [http-nio-8081-exec-10] DEBUG c.h.h.s.CustomUserDetailsService - Loading user by email: hari@gmail.com
2026-04-02 12:58:18 [http-nio-8081-exec-8] DEBUG c.h.h.s.CustomUserDetailsService - Loading user by email: hari@gmail.com
2026-04-02 12:58:18 [http-nio-8081-exec-8] DEBUG c.h.h.config.JWTAuthFilter - Authenticated user: hari@gmail.com for URI: /api/hotels/locations
2026-04-02 12:58:18 [http-nio-8081-exec-10] DEBUG c.h.h.config.JWTAuthFilter - Authenticated user: hari@gmail.com for URI: /api/hotels
2026-04-02 12:58:18 [http-nio-8081-exec-10] INFO  c.h.h.controller.HotelController - GET /api/hotels
2026-04-02 12:58:19 [http-nio-8081-exec-10] INFO  c.h.h.service.HotelService - Fetched 0 hotels
2026-04-02 12:58:19 [http-nio-8081-exec-4] DEBUG c.h.h.s.CustomUserDetailsService - Loading user by email: hari@gmail.com
2026-04-02 12:58:19 [http-nio-8081-exec-3] DEBUG c.h.h.s.CustomUserDetailsService - Loading user by email: hari@gmail.com
2026-04-02 12:58:19 [http-nio-8081-exec-4] DEBUG c.h.h.config.JWTAuthFilter - Authenticated user: hari@gmail.com for URI: /api/hotels/locations
2026-04-02 12:58:19 [http-nio-8081-exec-3] DEBUG c.h.h.config.JWTAuthFilter - Authenticated user: hari@gmail.com for URI: /api/hotels
2026-04-02 12:58:19 [http-nio-8081-exec-3] INFO  c.h.h.controller.HotelController - GET /api/hotels
2026-04-02 12:58:19 [http-nio-8081-exec-3] INFO  c.h.h.service.HotelService - Fetched 0 hotels
2026-04-02 12:58:32 [main] INFO  c.h.h.HotelBackendApplication - Starting HotelBackendApplication using Java 21.0.10 with PID 1764 (C:\Users\girid\Desktop\HotelBooking\hotel-backend\target\classes started by girid in C:\Users\girid\Desktop\HotelBooking\hotel-backend)
2026-04-02 12:58:32 [main] DEBUG c.h.h.HotelBackendApplication - Running with Spring Boot v3.2.0, Spring v6.1.1
2026-04-02 12:58:32 [main] INFO  c.h.h.HotelBackendApplication - No active profile set, falling back to 1 default profile: "default"
2026-04-02 12:58:33 [main] INFO  o.s.d.r.c.RepositoryConfigurationDelegate - Bootstrapping Spring Data JPA repositories in DEFAULT mode.
2026-04-02 12:58:33 [main] INFO  o.s.d.r.c.RepositoryConfigurationDelegate - Finished Spring Data repository scanning in 65 ms. Found 4 JPA repository interfaces.
2026-04-02 12:58:34 [main] INFO  o.s.b.w.e.tomcat.TomcatWebServer - Tomcat initialized with port 8081 (http)
2026-04-02 12:58:34 [main] INFO  o.a.catalina.core.StandardService - Starting service [Tomcat]
2026-04-02 12:58:34 [main] INFO  o.a.catalina.core.StandardEngine - Starting Servlet engine: [Apache Tomcat/10.1.16]
2026-04-02 12:58:34 [main] INFO  o.a.c.c.C.[Tomcat].[localhost].[/] - Initializing Spring embedded WebApplicationContext
2026-04-02 12:58:34 [main] INFO  o.s.b.w.s.c.ServletWebServerApplicationContext - Root WebApplicationContext: initialization completed in 1878 ms
2026-04-02 12:58:35 [main] INFO  o.h.jpa.internal.util.LogHelper - HHH000204: Processing PersistenceUnitInfo [name: default]
2026-04-02 12:58:35 [main] INFO  org.hibernate.Version - HHH000412: Hibernate ORM core version 6.3.1.Final
2026-04-02 12:58:35 [main] INFO  o.h.c.i.RegionFactoryInitiator - HHH000026: Second-level cache disabled
2026-04-02 12:58:35 [main] INFO  o.s.o.j.p.SpringPersistenceUnitInfo - No LoadTimeWeaver setup: ignoring JPA class transformer
2026-04-02 12:58:35 [main] INFO  com.zaxxer.hikari.HikariDataSource - HikariPool-1 - Starting...
2026-04-02 12:58:35 [main] INFO  com.zaxxer.hikari.pool.HikariPool - HikariPool-1 - Added connection com.mysql.cj.jdbc.ConnectionImpl@4fa0ee7e
2026-04-02 12:58:35 [main] INFO  com.zaxxer.hikari.HikariDataSource - HikariPool-1 - Start completed.
2026-04-02 12:58:35 [main] WARN  org.hibernate.orm.deprecation - HHH90000025: MySQLDialect does not need to be specified explicitly using 'hibernate.dialect' (remove the property setting and it will be selected by default)
2026-04-02 12:58:37 [main] INFO  o.h.e.t.j.p.i.JtaPlatformInitiator - HHH000489: No JTA platform available (set 'hibernate.transaction.jta.platform' to enable JTA platform integration)
2026-04-02 12:58:37 [main] INFO  o.s.o.j.LocalContainerEntityManagerFactoryBean - Initialized JPA EntityManagerFactory for persistence unit 'default'
2026-04-02 12:58:38 [main] DEBUG c.h.h.config.JWTAuthFilter - Filter 'JWTAuthFilter' configured for use
2026-04-02 12:58:38 [main] INFO  o.s.d.j.r.query.QueryEnhancerFactory - Hibernate is in classpath; If applicable, HQL parser will be used.
2026-04-02 12:58:39 [main] WARN  o.s.b.a.o.j.JpaBaseConfiguration$JpaWebConfiguration - spring.jpa.open-in-view is enabled by default. Therefore, database queries may be performed during view rendering. Explicitly configure spring.jpa.open-in-view to disable this warning
2026-04-02 12:58:39 [main] INFO  o.s.s.web.DefaultSecurityFilterChain - Will secure any request with [org.springframework.security.web.session.DisableEncodeUrlFilter@2432c72c, org.springframework.security.web.context.request.async.WebAsyncManagerIntegrationFilter@300788d6, org.springframework.security.web.context.SecurityContextHolderFilter@17d1b2a0, org.springframework.security.web.header.HeaderWriterFilter@520a8ea1, org.springframework.web.filter.CorsFilter@710959b3, org.springframework.security.web.authentication.logout.LogoutFilter@1efb1a38, com.hotel.hotel_backend.config.JWTAuthFilter@8942ece, org.springframework.security.web.savedrequest.RequestCacheAwareFilter@4ea78b91, org.springframework.security.web.servletapi.SecurityContextHolderAwareRequestFilter@7817824d, org.springframework.security.web.authentication.AnonymousAuthenticationFilter@2121d0ed, org.springframework.security.web.session.SessionManagementFilter@59b782fa, org.springframework.security.web.access.ExceptionTranslationFilter@728055bf, org.springframework.security.web.access.intercept.AuthorizationFilter@3e755a96]
2026-04-02 12:58:39 [main] WARN  o.s.b.w.s.c.AnnotationConfigServletWebServerApplicationContext - Exception encountered during context initialization - cancelling refresh attempt: org.springframework.context.ApplicationContextException: Failed to start bean 'webServerStartStop'
2026-04-02 12:58:39 [main] INFO  o.s.o.j.LocalContainerEntityManagerFactoryBean - Closing JPA EntityManagerFactory for persistence unit 'default'
2026-04-02 12:58:39 [main] INFO  com.zaxxer.hikari.HikariDataSource - HikariPool-1 - Shutdown initiated...
2026-04-02 12:58:39 [main] INFO  com.zaxxer.hikari.HikariDataSource - HikariPool-1 - Shutdown completed.
2026-04-02 12:58:39 [main] INFO  o.s.b.a.l.ConditionEvaluationReportLogger - 

Error starting ApplicationContext. To display the condition evaluation report re-run your application with 'debug' enabled.
2026-04-02 12:58:39 [main] ERROR o.s.b.d.LoggingFailureAnalysisReporter - 

***************************
APPLICATION FAILED TO START
***************************

Description:

Web server failed to start. Port 8081 was already in use.

Action:

Identify and stop the process that's listening on port 8081 or configure this application to listen on another port.

2026-04-02 12:59:12 [main] INFO  c.h.h.HotelBackendApplication - Starting HotelBackendApplication using Java 21.0.10 with PID 1208 (C:\Users\girid\Desktop\HotelBooking\hotel-backend\target\classes started by girid in C:\Users\girid\Desktop\HotelBooking\hotel-backend)
2026-04-02 12:59:12 [main] DEBUG c.h.h.HotelBackendApplication - Running with Spring Boot v3.2.0, Spring v6.1.1
2026-04-02 12:59:12 [main] INFO  c.h.h.HotelBackendApplication - No active profile set, falling back to 1 default profile: "default"
2026-04-02 12:59:13 [main] INFO  o.s.d.r.c.RepositoryConfigurationDelegate - Bootstrapping Spring Data JPA repositories in DEFAULT mode.
2026-04-02 12:59:13 [main] INFO  o.s.d.r.c.RepositoryConfigurationDelegate - Finished Spring Data repository scanning in 89 ms. Found 4 JPA repository interfaces.
2026-04-02 12:59:14 [main] INFO  o.s.b.w.e.tomcat.TomcatWebServer - Tomcat initialized with port 8081 (http)
2026-04-02 12:59:14 [main] INFO  o.a.catalina.core.StandardService - Starting service [Tomcat]
2026-04-02 12:59:14 [main] INFO  o.a.catalina.core.StandardEngine - Starting Servlet engine: [Apache Tomcat/10.1.16]
2026-04-02 12:59:14 [main] INFO  o.a.c.c.C.[Tomcat].[localhost].[/] - Initializing Spring embedded WebApplicationContext
2026-04-02 12:59:14 [main] INFO  o.s.b.w.s.c.ServletWebServerApplicationContext - Root WebApplicationContext: initialization completed in 1686 ms
2026-04-02 12:59:14 [main] INFO  o.h.jpa.internal.util.LogHelper - HHH000204: Processing PersistenceUnitInfo [name: default]
2026-04-02 12:59:14 [main] INFO  org.hibernate.Version - HHH000412: Hibernate ORM core version 6.3.1.Final
2026-04-02 12:59:14 [main] INFO  o.h.c.i.RegionFactoryInitiator - HHH000026: Second-level cache disabled
2026-04-02 12:59:14 [main] INFO  o.s.o.j.p.SpringPersistenceUnitInfo - No LoadTimeWeaver setup: ignoring JPA class transformer
2026-04-02 12:59:14 [main] INFO  com.zaxxer.hikari.HikariDataSource - HikariPool-1 - Starting...
2026-04-02 12:59:14 [main] INFO  com.zaxxer.hikari.pool.HikariPool - HikariPool-1 - Added connection com.mysql.cj.jdbc.ConnectionImpl@4fa0ee7e
2026-04-02 12:59:14 [main] INFO  com.zaxxer.hikari.HikariDataSource - HikariPool-1 - Start completed.
2026-04-02 12:59:14 [main] WARN  org.hibernate.orm.deprecation - HHH90000025: MySQLDialect does not need to be specified explicitly using 'hibernate.dialect' (remove the property setting and it will be selected by default)
2026-04-02 12:59:15 [main] INFO  o.h.e.t.j.p.i.JtaPlatformInitiator - HHH000489: No JTA platform available (set 'hibernate.transaction.jta.platform' to enable JTA platform integration)
2026-04-02 12:59:16 [main] INFO  o.s.o.j.LocalContainerEntityManagerFactoryBean - Initialized JPA EntityManagerFactory for persistence unit 'default'
2026-04-02 12:59:16 [main] DEBUG c.h.h.config.JWTAuthFilter - Filter 'JWTAuthFilter' configured for use
2026-04-02 12:59:16 [main] INFO  o.s.d.j.r.query.QueryEnhancerFactory - Hibernate is in classpath; If applicable, HQL parser will be used.
2026-04-02 12:59:17 [main] WARN  o.s.b.a.o.j.JpaBaseConfiguration$JpaWebConfiguration - spring.jpa.open-in-view is enabled by default. Therefore, database queries may be performed during view rendering. Explicitly configure spring.jpa.open-in-view to disable this warning
2026-04-02 12:59:17 [main] INFO  o.s.s.web.DefaultSecurityFilterChain - Will secure any request with [org.springframework.security.web.session.DisableEncodeUrlFilter@710959b3, org.springframework.security.web.context.request.async.WebAsyncManagerIntegrationFilter@2121d0ed, org.springframework.security.web.context.SecurityContextHolderFilter@4ea78b91, org.springframework.security.web.header.HeaderWriterFilter@4fa7df5c, org.springframework.web.filter.CorsFilter@13987842, org.springframework.security.web.authentication.logout.LogoutFilter@34bbfd4b, com.hotel.hotel_backend.config.JWTAuthFilter@8942ece, org.springframework.security.web.savedrequest.RequestCacheAwareFilter@62497b5d, org.springframework.security.web.servletapi.SecurityContextHolderAwareRequestFilter@329ab624, org.springframework.security.web.authentication.AnonymousAuthenticationFilter@1f5513df, org.springframework.security.web.session.SessionManagementFilter@2132f68e, org.springframework.security.web.access.ExceptionTranslationFilter@520a8ea1, org.springframework.security.web.access.intercept.AuthorizationFilter@7784ff80]
2026-04-02 12:59:18 [main] WARN  o.s.b.w.s.c.AnnotationConfigServletWebServerApplicationContext - Exception encountered during context initialization - cancelling refresh attempt: org.springframework.context.ApplicationContextException: Failed to start bean 'webServerStartStop'
2026-04-02 12:59:18 [main] INFO  o.s.o.j.LocalContainerEntityManagerFactoryBean - Closing JPA EntityManagerFactory for persistence unit 'default'
2026-04-02 12:59:18 [main] INFO  com.zaxxer.hikari.HikariDataSource - HikariPool-1 - Shutdown initiated...
2026-04-02 12:59:18 [main] INFO  com.zaxxer.hikari.HikariDataSource - HikariPool-1 - Shutdown completed.
2026-04-02 12:59:18 [main] INFO  o.s.b.a.l.ConditionEvaluationReportLogger - 

Error starting ApplicationContext. To display the condition evaluation report re-run your application with 'debug' enabled.
2026-04-02 12:59:18 [main] ERROR o.s.b.d.LoggingFailureAnalysisReporter - 

***************************
APPLICATION FAILED TO START
***************************

Description:

Web server failed to start. Port 8081 was already in use.

Action:

Identify and stop the process that's listening on port 8081 or configure this application to listen on another port.

2026-04-02 12:59:38 [http-nio-8081-exec-7] INFO  c.h.h.controller.HotelController - GET /api/hotels
2026-04-02 12:59:38 [http-nio-8081-exec-7] INFO  c.h.h.service.HotelService - Fetched 0 hotels
2026-04-02 12:59:58 [main] INFO  c.h.h.HotelBackendApplication - Starting HotelBackendApplication using Java 21.0.10 with PID 15984 (C:\Users\girid\Desktop\HotelBooking\hotel-backend\target\classes started by girid in C:\Users\girid\Desktop\HotelBooking\hotel-backend)
2026-04-02 12:59:58 [main] DEBUG c.h.h.HotelBackendApplication - Running with Spring Boot v3.2.0, Spring v6.1.1
2026-04-02 12:59:58 [main] INFO  c.h.h.HotelBackendApplication - No active profile set, falling back to 1 default profile: "default"
2026-04-02 12:59:58 [main] INFO  o.s.d.r.c.RepositoryConfigurationDelegate - Bootstrapping Spring Data JPA repositories in DEFAULT mode.
2026-04-02 12:59:59 [main] INFO  o.s.d.r.c.RepositoryConfigurationDelegate - Finished Spring Data repository scanning in 62 ms. Found 4 JPA repository interfaces.
2026-04-02 12:59:59 [main] INFO  o.s.b.w.e.tomcat.TomcatWebServer - Tomcat initialized with port 8081 (http)
2026-04-02 12:59:59 [main] INFO  o.a.catalina.core.StandardService - Starting service [Tomcat]
2026-04-02 12:59:59 [main] INFO  o.a.catalina.core.StandardEngine - Starting Servlet engine: [Apache Tomcat/10.1.16]
2026-04-02 12:59:59 [main] INFO  o.a.c.c.C.[Tomcat].[localhost].[/] - Initializing Spring embedded WebApplicationContext
2026-04-02 12:59:59 [main] INFO  o.s.b.w.s.c.ServletWebServerApplicationContext - Root WebApplicationContext: initialization completed in 1580 ms
2026-04-02 12:59:59 [main] INFO  o.h.jpa.internal.util.LogHelper - HHH000204: Processing PersistenceUnitInfo [name: default]
2026-04-02 12:59:59 [main] INFO  org.hibernate.Version - HHH000412: Hibernate ORM core version 6.3.1.Final
2026-04-02 12:59:59 [main] INFO  o.h.c.i.RegionFactoryInitiator - HHH000026: Second-level cache disabled
2026-04-02 13:00:00 [main] INFO  o.s.o.j.p.SpringPersistenceUnitInfo - No LoadTimeWeaver setup: ignoring JPA class transformer
2026-04-02 13:00:00 [main] INFO  com.zaxxer.hikari.HikariDataSource - HikariPool-1 - Starting...
2026-04-02 13:00:00 [main] INFO  com.zaxxer.hikari.pool.HikariPool - HikariPool-1 - Added connection com.mysql.cj.jdbc.ConnectionImpl@4fa0ee7e
2026-04-02 13:00:00 [main] INFO  com.zaxxer.hikari.HikariDataSource - HikariPool-1 - Start completed.
2026-04-02 13:00:00 [main] WARN  org.hibernate.orm.deprecation - HHH90000025: MySQLDialect does not need to be specified explicitly using 'hibernate.dialect' (remove the property setting and it will be selected by default)
2026-04-02 13:00:01 [main] INFO  o.h.e.t.j.p.i.JtaPlatformInitiator - HHH000489: No JTA platform available (set 'hibernate.transaction.jta.platform' to enable JTA platform integration)
2026-04-02 13:00:01 [main] INFO  o.s.o.j.LocalContainerEntityManagerFactoryBean - Initialized JPA EntityManagerFactory for persistence unit 'default'
2026-04-02 13:00:02 [main] DEBUG c.h.h.config.JWTAuthFilter - Filter 'JWTAuthFilter' configured for use
2026-04-02 13:00:02 [main] INFO  o.s.d.j.r.query.QueryEnhancerFactory - Hibernate is in classpath; If applicable, HQL parser will be used.
2026-04-02 13:00:03 [main] WARN  o.s.b.a.o.j.JpaBaseConfiguration$JpaWebConfiguration - spring.jpa.open-in-view is enabled by default. Therefore, database queries may be performed during view rendering. Explicitly configure spring.jpa.open-in-view to disable this warning
2026-04-02 13:00:03 [main] INFO  o.s.s.web.DefaultSecurityFilterChain - Will secure any request with [org.springframework.security.web.session.DisableEncodeUrlFilter@300788d6, org.springframework.security.web.context.request.async.WebAsyncManagerIntegrationFilter@710959b3, org.springframework.security.web.context.SecurityContextHolderFilter@729452f2, org.springframework.security.web.header.HeaderWriterFilter@3f7a48a1, org.springframework.web.filter.CorsFilter@2121d0ed, org.springframework.security.web.authentication.logout.LogoutFilter@4ce1292a, com.hotel.hotel_backend.config.JWTAuthFilter@8942ece, org.springframework.security.web.savedrequest.RequestCacheAwareFilter@7817824d, org.springframework.security.web.servletapi.SecurityContextHolderAwareRequestFilter@62497b5d, org.springframework.security.web.authentication.AnonymousAuthenticationFilter@13987842, org.springframework.security.web.session.SessionManagementFilter@788890e9, org.springframework.security.web.access.ExceptionTranslationFilter@6991f512, org.springframework.security.web.access.intercept.AuthorizationFilter@22cc606d]
2026-04-02 13:00:03 [main] WARN  o.s.b.w.s.c.AnnotationConfigServletWebServerApplicationContext - Exception encountered during context initialization - cancelling refresh attempt: org.springframework.context.ApplicationContextException: Failed to start bean 'webServerStartStop'
2026-04-02 13:00:03 [main] INFO  o.s.o.j.LocalContainerEntityManagerFactoryBean - Closing JPA EntityManagerFactory for persistence unit 'default'
2026-04-02 13:00:03 [main] INFO  com.zaxxer.hikari.HikariDataSource - HikariPool-1 - Shutdown initiated...
2026-04-02 13:00:03 [main] INFO  com.zaxxer.hikari.HikariDataSource - HikariPool-1 - Shutdown completed.
2026-04-02 13:00:03 [main] INFO  o.s.b.a.l.ConditionEvaluationReportLogger - 

Error starting ApplicationContext. To display the condition evaluation report re-run your application with 'debug' enabled.
2026-04-02 13:00:03 [main] ERROR o.s.b.d.LoggingFailureAnalysisReporter - 

***************************
APPLICATION FAILED TO START
***************************

Description:

Web server failed to start. Port 8081 was already in use.

Action:

Identify and stop the process that's listening on port 8081 or configure this application to listen on another port.

2026-04-02 13:01:04 [main] INFO  c.h.h.HotelBackendApplication - Starting HotelBackendApplication using Java 21.0.10 with PID 19976 (C:\Users\girid\Desktop\HotelBooking\hotel-backend\target\classes started by girid in C:\Users\girid\Desktop\HotelBooking\hotel-backend)
2026-04-02 13:01:04 [main] DEBUG c.h.h.HotelBackendApplication - Running with Spring Boot v3.2.0, Spring v6.1.1
2026-04-02 13:01:04 [main] INFO  c.h.h.HotelBackendApplication - No active profile set, falling back to 1 default profile: "default"
2026-04-02 13:01:05 [main] INFO  o.s.d.r.c.RepositoryConfigurationDelegate - Bootstrapping Spring Data JPA repositories in DEFAULT mode.
2026-04-02 13:01:05 [main] INFO  o.s.d.r.c.RepositoryConfigurationDelegate - Finished Spring Data repository scanning in 86 ms. Found 4 JPA repository interfaces.
2026-04-02 13:01:06 [main] INFO  o.s.b.w.e.tomcat.TomcatWebServer - Tomcat initialized with port 8080 (http)
2026-04-02 13:01:06 [main] INFO  o.a.catalina.core.StandardService - Starting service [Tomcat]
2026-04-02 13:01:06 [main] INFO  o.a.catalina.core.StandardEngine - Starting Servlet engine: [Apache Tomcat/10.1.16]
2026-04-02 13:01:06 [main] INFO  o.a.c.c.C.[Tomcat].[localhost].[/] - Initializing Spring embedded WebApplicationContext
2026-04-02 13:01:06 [main] INFO  o.s.b.w.s.c.ServletWebServerApplicationContext - Root WebApplicationContext: initialization completed in 1747 ms
2026-04-02 13:01:06 [main] INFO  o.h.jpa.internal.util.LogHelper - HHH000204: Processing PersistenceUnitInfo [name: default]
2026-04-02 13:01:06 [main] INFO  org.hibernate.Version - HHH000412: Hibernate ORM core version 6.3.1.Final
2026-04-02 13:01:06 [main] INFO  o.h.c.i.RegionFactoryInitiator - HHH000026: Second-level cache disabled
2026-04-02 13:01:06 [main] INFO  o.s.o.j.p.SpringPersistenceUnitInfo - No LoadTimeWeaver setup: ignoring JPA class transformer
2026-04-02 13:01:06 [main] INFO  com.zaxxer.hikari.HikariDataSource - HikariPool-1 - Starting...
2026-04-02 13:01:07 [main] INFO  com.zaxxer.hikari.pool.HikariPool - HikariPool-1 - Added connection com.mysql.cj.jdbc.ConnectionImpl@4fa0ee7e
2026-04-02 13:01:07 [main] INFO  com.zaxxer.hikari.HikariDataSource - HikariPool-1 - Start completed.
2026-04-02 13:01:07 [main] WARN  org.hibernate.orm.deprecation - HHH90000025: MySQLDialect does not need to be specified explicitly using 'hibernate.dialect' (remove the property setting and it will be selected by default)
2026-04-02 13:01:08 [main] INFO  o.h.e.t.j.p.i.JtaPlatformInitiator - HHH000489: No JTA platform available (set 'hibernate.transaction.jta.platform' to enable JTA platform integration)
2026-04-02 13:01:08 [main] INFO  o.s.o.j.LocalContainerEntityManagerFactoryBean - Initialized JPA EntityManagerFactory for persistence unit 'default'
2026-04-02 13:01:08 [main] DEBUG c.h.h.config.JWTAuthFilter - Filter 'JWTAuthFilter' configured for use
2026-04-02 13:01:08 [main] INFO  o.s.d.j.r.query.QueryEnhancerFactory - Hibernate is in classpath; If applicable, HQL parser will be used.
2026-04-02 13:01:09 [main] WARN  o.s.b.a.o.j.JpaBaseConfiguration$JpaWebConfiguration - spring.jpa.open-in-view is enabled by default. Therefore, database queries may be performed during view rendering. Explicitly configure spring.jpa.open-in-view to disable this warning
2026-04-02 13:01:09 [main] INFO  o.s.s.web.DefaultSecurityFilterChain - Will secure any request with [org.springframework.security.web.session.DisableEncodeUrlFilter@2b7b2967, org.springframework.security.web.context.request.async.WebAsyncManagerIntegrationFilter@5baa759a, org.springframework.security.web.context.SecurityContextHolderFilter@4834e816, org.springframework.security.web.header.HeaderWriterFilter@fadd58, org.springframework.web.filter.CorsFilter@310cd0d2, org.springframework.security.web.authentication.logout.LogoutFilter@5c7df5f1, com.hotel.hotel_backend.config.JWTAuthFilter@67167f8f, org.springframework.security.web.savedrequest.RequestCacheAwareFilter@3045fbb4, org.springframework.security.web.servletapi.SecurityContextHolderAwareRequestFilter@411b3740, org.springframework.security.web.authentication.AnonymousAuthenticationFilter@3f698ab8, org.springframework.security.web.session.SessionManagementFilter@56c45636, org.springframework.security.web.access.ExceptionTranslationFilter@aca89a3, org.springframework.security.web.access.intercept.AuthorizationFilter@45e6b8fa]
2026-04-02 13:01:10 [main] INFO  o.s.b.w.e.tomcat.TomcatWebServer - Tomcat started on port 8080 (http) with context path ''
2026-04-02 13:01:10 [main] INFO  c.h.h.HotelBackendApplication - Started HotelBackendApplication in 6.423 seconds (process running for 6.873)
2026-04-02 13:01:18 [http-nio-8080-exec-1] INFO  o.a.c.c.C.[Tomcat].[localhost].[/] - Initializing Spring DispatcherServlet 'dispatcherServlet'
2026-04-02 13:01:18 [http-nio-8080-exec-1] INFO  o.s.web.servlet.DispatcherServlet - Initializing Servlet 'dispatcherServlet'
2026-04-02 13:01:18 [http-nio-8080-exec-1] INFO  o.s.web.servlet.DispatcherServlet - Completed initialization in 0 ms
2026-04-02 13:01:18 [http-nio-8080-exec-1] DEBUG c.h.h.s.CustomUserDetailsService - Loading user by email: hari@gmail.com
2026-04-02 13:01:18 [http-nio-8080-exec-3] DEBUG c.h.h.s.CustomUserDetailsService - Loading user by email: hari@gmail.com
2026-04-02 13:01:18 [http-nio-8080-exec-3] WARN  c.h.h.config.JWTAuthFilter - JWT authentication failed: User not found with email: hari@gmail.com
2026-04-02 13:01:18 [http-nio-8080-exec-1] WARN  c.h.h.config.JWTAuthFilter - JWT authentication failed: User not found with email: hari@gmail.com
2026-04-02 13:01:18 [http-nio-8080-exec-1] WARN  o.s.w.s.h.HandlerMappingIntrospector - Cache miss for REQUEST dispatch to '/api/hotels/locations' (previous null). Performing MatchableHandlerMapping lookup. This is logged once only at WARN level, and every time at TRACE.
2026-04-02 13:01:18 [http-nio-8080-exec-3] INFO  c.h.h.controller.HotelController - GET /api/hotels
2026-04-02 13:01:18 [http-nio-8080-exec-3] INFO  c.h.h.service.HotelService - Fetched 50 hotels
2026-04-02 13:01:18 [http-nio-8080-exec-5] DEBUG c.h.h.s.CustomUserDetailsService - Loading user by email: hari@gmail.com
2026-04-02 13:01:18 [http-nio-8080-exec-5] WARN  c.h.h.config.JWTAuthFilter - JWT authentication failed: User not found with email: hari@gmail.com
2026-04-02 13:01:18 [http-nio-8080-exec-4] DEBUG c.h.h.s.CustomUserDetailsService - Loading user by email: hari@gmail.com
2026-04-02 13:01:18 [http-nio-8080-exec-4] WARN  c.h.h.config.JWTAuthFilter - JWT authentication failed: User not found with email: hari@gmail.com
2026-04-02 13:01:18 [http-nio-8080-exec-4] INFO  c.h.h.controller.HotelController - GET /api/hotels
2026-04-02 13:01:18 [http-nio-8080-exec-4] INFO  c.h.h.service.HotelService - Fetched 50 hotels
2026-04-02 13:01:22 [http-nio-8080-exec-7] DEBUG c.h.h.s.CustomUserDetailsService - Loading user by email: hari@gmail.com
2026-04-02 13:01:22 [http-nio-8080-exec-7] WARN  c.h.h.config.JWTAuthFilter - JWT authentication failed: User not found with email: hari@gmail.com
2026-04-02 13:01:22 [http-nio-8080-exec-7] INFO  c.h.h.controller.HotelController - GET /api/rooms/search?location=Chennai&checkIn=2026-04-02&checkOut=2026-04-03
2026-04-02 13:01:22 [http-nio-8080-exec-7] INFO  c.h.h.service.HotelService - Found 7 available rooms in Chennai from 2026-04-02 to 2026-04-03
2026-04-02 13:01:22 [http-nio-8080-exec-8] DEBUG c.h.h.s.CustomUserDetailsService - Loading user by email: hari@gmail.com
2026-04-02 13:01:22 [http-nio-8080-exec-8] WARN  c.h.h.config.JWTAuthFilter - JWT authentication failed: User not found with email: hari@gmail.com
2026-04-02 13:01:22 [http-nio-8080-exec-8] INFO  c.h.h.controller.HotelController - GET /api/rooms/search?location=Chennai&checkIn=2026-04-02&checkOut=2026-04-03
2026-04-02 13:01:22 [http-nio-8080-exec-8] INFO  c.h.h.service.HotelService - Found 7 available rooms in Chennai from 2026-04-02 to 2026-04-03
2026-04-02 13:01:22 [http-nio-8080-exec-9] DEBUG c.h.h.s.CustomUserDetailsService - Loading user by email: hari@gmail.com
2026-04-02 13:01:22 [http-nio-8080-exec-9] WARN  c.h.h.config.JWTAuthFilter - JWT authentication failed: User not found with email: hari@gmail.com
2026-04-02 13:01:22 [http-nio-8080-exec-9] INFO  c.h.h.controller.HotelController - GET /api/rooms/search?location=Chennai&checkIn=2026-04-02&checkOut=2026-04-03
2026-04-02 13:01:22 [http-nio-8080-exec-9] INFO  c.h.h.service.HotelService - Found 7 available rooms in Chennai from 2026-04-02 to 2026-04-03
2026-04-02 13:01:23 [http-nio-8080-exec-10] DEBUG c.h.h.s.CustomUserDetailsService - Loading user by email: hari@gmail.com
2026-04-02 13:01:23 [http-nio-8080-exec-10] WARN  c.h.h.config.JWTAuthFilter - JWT authentication failed: User not found with email: hari@gmail.com
2026-04-02 13:01:23 [http-nio-8080-exec-10] INFO  c.h.h.controller.HotelController - GET /api/rooms/search?location=Chennai&checkIn=2026-04-02&checkOut=2026-04-03
2026-04-02 13:01:23 [http-nio-8080-exec-10] INFO  c.h.h.service.HotelService - Found 7 available rooms in Chennai from 2026-04-02 to 2026-04-03
2026-04-02 13:01:28 [http-nio-8080-exec-1] DEBUG c.h.h.s.CustomUserDetailsService - Loading user by email: hari@gmail.com
2026-04-02 13:01:28 [http-nio-8080-exec-1] WARN  c.h.h.config.JWTAuthFilter - JWT authentication failed: User not found with email: hari@gmail.com
2026-04-02 13:01:28 [http-nio-8080-exec-1] INFO  c.h.h.controller.HotelController - GET /api/rooms/search?location=Chennai&checkIn=2026-04-02&checkOut=2026-04-03
2026-04-02 13:01:28 [http-nio-8080-exec-1] INFO  c.h.h.service.HotelService - Found 7 available rooms in Chennai from 2026-04-02 to 2026-04-03
2026-04-02 13:01:55 [http-nio-8080-exec-5] DEBUG c.h.h.s.CustomUserDetailsService - Loading user by email: hari@gmail.com
2026-04-02 13:01:55 [http-nio-8080-exec-5] WARN  c.h.h.config.JWTAuthFilter - JWT authentication failed: User not found with email: hari@gmail.com
2026-04-02 13:01:55 [http-nio-8080-exec-5] INFO  c.h.h.controller.HotelController - GET /api/rooms/search?location=Erode&checkIn=2026-04-02&checkOut=2026-04-03
2026-04-02 13:01:55 [http-nio-8080-exec-5] INFO  c.h.h.service.HotelService - Found 12 available rooms in Erode from 2026-04-02 to 2026-04-03
2026-04-02 13:02:07 [http-nio-8080-exec-6] DEBUG c.h.h.s.CustomUserDetailsService - Loading user by email: hari@gmail.com
2026-04-02 13:02:07 [http-nio-8080-exec-6] WARN  c.h.h.config.JWTAuthFilter - JWT authentication failed: User not found with email: hari@gmail.com
2026-04-02 13:02:07 [http-nio-8080-exec-6] INFO  c.h.h.controller.HotelController - GET /api/rooms/search?location=Salem&checkIn=2026-04-02&checkOut=2026-04-03
2026-04-02 13:02:07 [http-nio-8080-exec-6] INFO  c.h.h.service.HotelService - Found 7 available rooms in Salem from 2026-04-02 to 2026-04-03
2026-04-02 13:02:16 [http-nio-8080-exec-8] DEBUG c.h.h.s.CustomUserDetailsService - Loading user by email: hari@gmail.com
2026-04-02 13:02:16 [http-nio-8080-exec-8] WARN  c.h.h.config.JWTAuthFilter - JWT authentication failed: User not found with email: hari@gmail.com
2026-04-02 13:02:16 [http-nio-8080-exec-8] INFO  c.h.h.controller.HotelController - GET /api/hotels/4
2026-04-02 13:02:16 [http-nio-8080-exec-9] DEBUG c.h.h.s.CustomUserDetailsService - Loading user by email: hari@gmail.com
2026-04-02 13:02:16 [http-nio-8080-exec-9] WARN  c.h.h.config.JWTAuthFilter - JWT authentication failed: User not found with email: hari@gmail.com
2026-04-02 13:02:16 [http-nio-8080-exec-9] INFO  c.h.h.controller.HotelController - GET /api/hotels/4
2026-04-02 13:02:54 [http-nio-8080-exec-3] DEBUG c.h.h.s.CustomUserDetailsService - Loading user by email: hari@gmail.com
2026-04-02 13:02:54 [http-nio-8080-exec-3] WARN  c.h.h.config.JWTAuthFilter - JWT authentication failed: User not found with email: hari@gmail.com
2026-04-02 13:04:05 [http-nio-8080-exec-2] DEBUG c.h.h.s.CustomUserDetailsService - Loading user by email: hari@gmail.com
2026-04-02 13:04:05 [http-nio-8080-exec-6] DEBUG c.h.h.s.CustomUserDetailsService - Loading user by email: hari@gmail.com
2026-04-02 13:04:05 [http-nio-8080-exec-2] WARN  c.h.h.config.JWTAuthFilter - JWT authentication failed: User not found with email: hari@gmail.com
2026-04-02 13:04:05 [http-nio-8080-exec-6] WARN  c.h.h.config.JWTAuthFilter - JWT authentication failed: User not found with email: hari@gmail.com
2026-04-02 13:04:05 [http-nio-8080-exec-6] INFO  c.h.h.controller.HotelController - GET /api/hotels
2026-04-02 13:04:05 [http-nio-8080-exec-7] DEBUG c.h.h.s.CustomUserDetailsService - Loading user by email: hari@gmail.com
2026-04-02 13:04:05 [http-nio-8080-exec-7] WARN  c.h.h.config.JWTAuthFilter - JWT authentication failed: User not found with email: hari@gmail.com
2026-04-02 13:04:05 [http-nio-8080-exec-6] INFO  c.h.h.service.HotelService - Fetched 50 hotels
2026-04-02 13:04:05 [http-nio-8080-exec-8] DEBUG c.h.h.s.CustomUserDetailsService - Loading user by email: hari@gmail.com
2026-04-02 13:04:05 [http-nio-8080-exec-8] WARN  c.h.h.config.JWTAuthFilter - JWT authentication failed: User not found with email: hari@gmail.com
2026-04-02 13:04:05 [http-nio-8080-exec-8] INFO  c.h.h.controller.HotelController - GET /api/hotels
2026-04-02 13:04:05 [http-nio-8080-exec-8] INFO  c.h.h.service.HotelService - Fetched 50 hotels
2026-04-02 13:04:28 [http-nio-8080-exec-10] DEBUG c.h.h.s.CustomUserDetailsService - Loading user by email: hari@gmail.com
2026-04-02 13:04:28 [http-nio-8080-exec-10] WARN  c.h.h.config.JWTAuthFilter - JWT authentication failed: User not found with email: hari@gmail.com
2026-04-02 13:04:28 [http-nio-8080-exec-10] INFO  c.h.h.controller.HotelController - GET /api/rooms/search?location=Vellore&checkIn=2026-04-02&checkOut=2026-04-03
2026-04-02 13:04:28 [http-nio-8080-exec-10] INFO  c.h.h.service.HotelService - Found 17 available rooms in Vellore from 2026-04-02 to 2026-04-03
2026-04-02 13:04:30 [http-nio-8080-exec-1] DEBUG c.h.h.s.CustomUserDetailsService - Loading user by email: hari@gmail.com
2026-04-02 13:04:30 [http-nio-8080-exec-1] WARN  c.h.h.config.JWTAuthFilter - JWT authentication failed: User not found with email: hari@gmail.com
2026-04-02 13:04:31 [http-nio-8080-exec-1] INFO  c.h.h.controller.HotelController - GET /api/rooms/search?location=Vellore&checkIn=2026-04-02&checkOut=2026-04-03
2026-04-02 13:04:31 [http-nio-8080-exec-1] INFO  c.h.h.service.HotelService - Found 17 available rooms in Vellore from 2026-04-02 to 2026-04-03
2026-04-02 13:15:50 [HikariPool-1 housekeeper] WARN  com.zaxxer.hikari.pool.HikariPool - HikariPool-1 - Thread starvation or clock leap detected (housekeeper delta=11m23s50ms226µs100ns).
2026-04-02 13:16:00 [HikariPool-1 housekeeper] WARN  com.zaxxer.hikari.pool.HikariPool - HikariPool-1 - Thread starvation or clock leap detected (housekeeper delta=11m23s49ms508µs500ns).
2026-04-02 13:17:08 [main] INFO  c.h.h.HotelBackendApplication - Starting HotelBackendApplication using Java 21.0.10 with PID 12360 (C:\Users\girid\Desktop\HotelBooking\hotel-backend\target\classes started by girid in C:\Users\girid\Desktop\HotelBooking\hotel-backend)
2026-04-02 13:17:08 [main] DEBUG c.h.h.HotelBackendApplication - Running with Spring Boot v3.2.0, Spring v6.1.1
2026-04-02 13:17:08 [main] INFO  c.h.h.HotelBackendApplication - No active profile set, falling back to 1 default profile: "default"
2026-04-02 13:17:09 [main] INFO  o.s.d.r.c.RepositoryConfigurationDelegate - Bootstrapping Spring Data JPA repositories in DEFAULT mode.
2026-04-02 13:17:09 [main] INFO  o.s.d.r.c.RepositoryConfigurationDelegate - Finished Spring Data repository scanning in 60 ms. Found 4 JPA repository interfaces.
2026-04-02 13:17:10 [main] INFO  o.s.b.w.e.tomcat.TomcatWebServer - Tomcat initialized with port 8080 (http)
2026-04-02 13:17:10 [main] INFO  o.a.catalina.core.StandardService - Starting service [Tomcat]
2026-04-02 13:17:10 [main] INFO  o.a.catalina.core.StandardEngine - Starting Servlet engine: [Apache Tomcat/10.1.16]
2026-04-02 13:17:10 [main] INFO  o.a.c.c.C.[Tomcat].[localhost].[/] - Initializing Spring embedded WebApplicationContext
2026-04-02 13:17:10 [main] INFO  o.s.b.w.s.c.ServletWebServerApplicationContext - Root WebApplicationContext: initialization completed in 1544 ms
2026-04-02 13:17:10 [main] INFO  o.h.jpa.internal.util.LogHelper - HHH000204: Processing PersistenceUnitInfo [name: default]
2026-04-02 13:17:10 [main] INFO  org.hibernate.Version - HHH000412: Hibernate ORM core version 6.3.1.Final
2026-04-02 13:17:10 [main] INFO  o.h.c.i.RegionFactoryInitiator - HHH000026: Second-level cache disabled
2026-04-02 13:17:10 [main] INFO  o.s.o.j.p.SpringPersistenceUnitInfo - No LoadTimeWeaver setup: ignoring JPA class transformer
2026-04-02 13:17:10 [main] INFO  com.zaxxer.hikari.HikariDataSource - HikariPool-1 - Starting...
2026-04-02 13:17:11 [main] INFO  com.zaxxer.hikari.pool.HikariPool - HikariPool-1 - Added connection com.mysql.cj.jdbc.ConnectionImpl@4fa0ee7e
2026-04-02 13:17:11 [main] INFO  com.zaxxer.hikari.HikariDataSource - HikariPool-1 - Start completed.
2026-04-02 13:17:11 [main] WARN  org.hibernate.orm.deprecation - HHH90000025: MySQLDialect does not need to be specified explicitly using 'hibernate.dialect' (remove the property setting and it will be selected by default)
2026-04-02 13:17:12 [main] INFO  o.h.e.t.j.p.i.JtaPlatformInitiator - HHH000489: No JTA platform available (set 'hibernate.transaction.jta.platform' to enable JTA platform integration)
2026-04-02 13:17:12 [main] INFO  o.s.o.j.LocalContainerEntityManagerFactoryBean - Initialized JPA EntityManagerFactory for persistence unit 'default'
2026-04-02 13:17:12 [main] DEBUG c.h.h.config.JWTAuthFilter - Filter 'JWTAuthFilter' configured for use
2026-04-02 13:17:12 [main] INFO  o.s.d.j.r.query.QueryEnhancerFactory - Hibernate is in classpath; If applicable, HQL parser will be used.
2026-04-02 13:17:13 [main] WARN  o.s.b.a.o.j.JpaBaseConfiguration$JpaWebConfiguration - spring.jpa.open-in-view is enabled by default. Therefore, database queries may be performed during view rendering. Explicitly configure spring.jpa.open-in-view to disable this warning
2026-04-02 13:17:13 [main] INFO  o.s.s.web.DefaultSecurityFilterChain - Will secure any request with [org.springframework.security.web.session.DisableEncodeUrlFilter@2b7b2967, org.springframework.security.web.context.request.async.WebAsyncManagerIntegrationFilter@5baa759a, org.springframework.security.web.context.SecurityContextHolderFilter@4834e816, org.springframework.security.web.header.HeaderWriterFilter@fadd58, org.springframework.web.filter.CorsFilter@310cd0d2, org.springframework.security.web.authentication.logout.LogoutFilter@5c7df5f1, com.hotel.hotel_backend.config.JWTAuthFilter@67167f8f, org.springframework.security.web.savedrequest.RequestCacheAwareFilter@3045fbb4, org.springframework.security.web.servletapi.SecurityContextHolderAwareRequestFilter@411b3740, org.springframework.security.web.authentication.AnonymousAuthenticationFilter@3f698ab8, org.springframework.security.web.session.SessionManagementFilter@56c45636, org.springframework.security.web.access.ExceptionTranslationFilter@aca89a3, org.springframework.security.web.access.intercept.AuthorizationFilter@45e6b8fa]
2026-04-02 13:17:14 [main] INFO  o.s.b.w.e.tomcat.TomcatWebServer - Tomcat started on port 8080 (http) with context path ''
2026-04-02 13:17:14 [main] INFO  c.h.h.HotelBackendApplication - Started HotelBackendApplication in 6.031 seconds (process running for 6.492)
2026-04-02 13:17:24 [http-nio-8080-exec-1] INFO  o.a.c.c.C.[Tomcat].[localhost].[/] - Initializing Spring DispatcherServlet 'dispatcherServlet'
2026-04-02 13:17:24 [http-nio-8080-exec-1] INFO  o.s.web.servlet.DispatcherServlet - Initializing Servlet 'dispatcherServlet'
2026-04-02 13:17:24 [http-nio-8080-exec-1] INFO  o.s.web.servlet.DispatcherServlet - Completed initialization in 6 ms
2026-04-02 13:17:24 [http-nio-8080-exec-6] DEBUG c.h.h.s.CustomUserDetailsService - Loading user by email: hari@gmail.com
2026-04-02 13:17:24 [http-nio-8080-exec-5] DEBUG c.h.h.s.CustomUserDetailsService - Loading user by email: hari@gmail.com
2026-04-02 13:17:25 [http-nio-8080-exec-6] WARN  c.h.h.config.JWTAuthFilter - JWT authentication failed: User not found with email: hari@gmail.com
2026-04-02 13:17:25 [http-nio-8080-exec-5] WARN  c.h.h.config.JWTAuthFilter - JWT authentication failed: User not found with email: hari@gmail.com
2026-04-02 13:17:25 [http-nio-8080-exec-5] WARN  o.s.w.s.h.HandlerMappingIntrospector - Cache miss for REQUEST dispatch to '/api/hotels/locations' (previous null). Performing MatchableHandlerMapping lookup. This is logged once only at WARN level, and every time at TRACE.
2026-04-02 13:17:25 [http-nio-8080-exec-6] INFO  c.h.h.controller.HotelController - GET /api/hotels
2026-04-02 13:17:25 [http-nio-8080-exec-6] INFO  c.h.h.service.HotelService - Fetched 50 hotels
2026-04-02 13:17:25 [http-nio-8080-exec-7] DEBUG c.h.h.s.CustomUserDetailsService - Loading user by email: hari@gmail.com
2026-04-02 13:17:25 [http-nio-8080-exec-7] WARN  c.h.h.config.JWTAuthFilter - JWT authentication failed: User not found with email: hari@gmail.com
2026-04-02 13:17:25 [http-nio-8080-exec-8] DEBUG c.h.h.s.CustomUserDetailsService - Loading user by email: hari@gmail.com
2026-04-02 13:17:25 [http-nio-8080-exec-8] WARN  c.h.h.config.JWTAuthFilter - JWT authentication failed: User not found with email: hari@gmail.com
2026-04-02 13:17:25 [http-nio-8080-exec-8] INFO  c.h.h.controller.HotelController - GET /api/hotels
2026-04-02 13:17:25 [http-nio-8080-exec-8] INFO  c.h.h.service.HotelService - Fetched 50 hotels
2026-04-02 13:17:32 [http-nio-8080-exec-9] DEBUG c.h.h.s.CustomUserDetailsService - Loading user by email: hari@gmail.com
2026-04-02 13:17:32 [http-nio-8080-exec-9] WARN  c.h.h.config.JWTAuthFilter - JWT authentication failed: User not found with email: hari@gmail.com
2026-04-02 13:17:32 [http-nio-8080-exec-9] INFO  c.h.h.controller.HotelController - GET /api/rooms/search?location=Chennai&checkIn=2026-04-02&checkOut=2026-04-03
2026-04-02 13:17:32 [http-nio-8080-exec-9] INFO  c.h.h.service.HotelService - Found 7 available rooms in Chennai from 2026-04-02 to 2026-04-03
2026-04-02 13:17:37 [http-nio-8080-exec-10] DEBUG c.h.h.s.CustomUserDetailsService - Loading user by email: hari@gmail.com
2026-04-02 13:17:37 [http-nio-8080-exec-10] WARN  c.h.h.config.JWTAuthFilter - JWT authentication failed: User not found with email: hari@gmail.com
2026-04-02 13:17:37 [http-nio-8080-exec-10] INFO  c.h.h.controller.HotelController - GET /api/rooms/search?location=Erode&checkIn=2026-04-02&checkOut=2026-04-03
2026-04-02 13:17:37 [http-nio-8080-exec-10] INFO  c.h.h.service.HotelService - Found 12 available rooms in Erode from 2026-04-02 to 2026-04-03
2026-04-02 13:17:51 [http-nio-8080-exec-3] DEBUG c.h.h.s.CustomUserDetailsService - Loading user by email: hari@gmail.com
2026-04-02 13:17:51 [http-nio-8080-exec-3] WARN  c.h.h.config.JWTAuthFilter - JWT authentication failed: User not found with email: hari@gmail.com
2026-04-02 13:17:51 [http-nio-8080-exec-3] INFO  c.h.h.controller.HotelController - GET /api/rooms/search?location=Chennai&checkIn=2026-04-02&checkOut=2026-04-03
2026-04-02 13:17:51 [http-nio-8080-exec-3] INFO  c.h.h.service.HotelService - Found 7 available rooms in Chennai from 2026-04-02 to 2026-04-03
2026-04-02 13:19:13 [http-nio-8080-exec-7] DEBUG c.h.h.s.CustomUserDetailsService - Loading user by email: hari@gmail.com
2026-04-02 13:19:13 [http-nio-8080-exec-7] WARN  c.h.h.config.JWTAuthFilter - JWT authentication failed: User not found with email: hari@gmail.com
2026-04-02 13:19:13 [http-nio-8080-exec-7] INFO  c.h.h.controller.HotelController - GET /api/rooms/search?location=Erode&checkIn=2026-04-02&checkOut=2026-04-03
2026-04-02 13:19:13 [http-nio-8080-exec-7] INFO  c.h.h.service.HotelService - Found 12 available rooms in Erode from 2026-04-02 to 2026-04-03
2026-04-02 13:19:24 [http-nio-8080-exec-8] DEBUG c.h.h.s.CustomUserDetailsService - Loading user by email: hari@gmail.com
2026-04-02 13:19:24 [http-nio-8080-exec-8] WARN  c.h.h.config.JWTAuthFilter - JWT authentication failed: User not found with email: hari@gmail.com
2026-04-02 13:19:24 [http-nio-8080-exec-8] INFO  c.h.h.controller.HotelController - GET /api/rooms/search?location=Pudukkottai&checkIn=2026-04-02&checkOut=2026-04-03
2026-04-02 13:19:24 [http-nio-8080-exec-8] INFO  c.h.h.service.HotelService - Found 4 available rooms in Pudukkottai from 2026-04-02 to 2026-04-03
2026-04-02 13:19:51 [http-nio-8080-exec-10] DEBUG c.h.h.s.CustomUserDetailsService - Loading user by email: hari@gmail.com
2026-04-02 13:19:51 [http-nio-8080-exec-10] WARN  c.h.h.config.JWTAuthFilter - JWT authentication failed: User not found with email: hari@gmail.com
2026-04-02 13:19:51 [http-nio-8080-exec-10] INFO  c.h.h.controller.HotelController - GET /api/rooms/search?location=Kodaikanal&checkIn=2026-04-02&checkOut=2026-04-03
2026-04-02 13:19:51 [http-nio-8080-exec-10] INFO  c.h.h.service.HotelService - Found 5 available rooms in Kodaikanal from 2026-04-02 to 2026-04-03
2026-04-02 13:20:27 [http-nio-8080-exec-1] DEBUG c.h.h.s.CustomUserDetailsService - Loading user by email: hari@gmail.com
2026-04-02 13:20:27 [http-nio-8080-exec-1] WARN  c.h.h.config.JWTAuthFilter - JWT authentication failed: User not found with email: hari@gmail.com
2026-04-02 13:20:27 [http-nio-8080-exec-1] DEBUG c.h.h.s.CustomUserDetailsService - Loading user by email: hari@gmail.com
2026-04-02 13:20:27 [http-nio-8080-exec-1] WARN  c.h.h.config.JWTAuthFilter - JWT authentication failed: User not found with email: hari@gmail.com
2026-04-02 13:20:31 [http-nio-8080-exec-5] DEBUG c.h.h.s.CustomUserDetailsService - Loading user by email: hari@gmail.com
2026-04-02 13:20:31 [http-nio-8080-exec-2] DEBUG c.h.h.s.CustomUserDetailsService - Loading user by email: hari@gmail.com
2026-04-02 13:20:31 [http-nio-8080-exec-2] WARN  c.h.h.config.JWTAuthFilter - JWT authentication failed: User not found with email: hari@gmail.com
2026-04-02 13:20:31 [http-nio-8080-exec-5] WARN  c.h.h.config.JWTAuthFilter - JWT authentication failed: User not found with email: hari@gmail.com
2026-04-02 13:20:31 [http-nio-8080-exec-2] INFO  c.h.h.controller.HotelController - GET /api/hotels
2026-04-02 13:20:31 [http-nio-8080-exec-7] DEBUG c.h.h.s.CustomUserDetailsService - Loading user by email: hari@gmail.com
2026-04-02 13:20:31 [http-nio-8080-exec-7] WARN  c.h.h.config.JWTAuthFilter - JWT authentication failed: User not found with email: hari@gmail.com
2026-04-02 13:20:31 [http-nio-8080-exec-2] INFO  c.h.h.service.HotelService - Fetched 50 hotels
2026-04-02 13:20:31 [http-nio-8080-exec-6] DEBUG c.h.h.s.CustomUserDetailsService - Loading user by email: hari@gmail.com
2026-04-02 13:20:31 [http-nio-8080-exec-6] WARN  c.h.h.config.JWTAuthFilter - JWT authentication failed: User not found with email: hari@gmail.com
2026-04-02 13:20:31 [http-nio-8080-exec-6] INFO  c.h.h.controller.HotelController - GET /api/hotels
2026-04-02 13:20:31 [http-nio-8080-exec-6] INFO  c.h.h.service.HotelService - Fetched 50 hotels
2026-04-02 13:20:33 [http-nio-8080-exec-10] DEBUG c.h.h.s.CustomUserDetailsService - Loading user by email: hari@gmail.com
2026-04-02 13:20:33 [http-nio-8080-exec-10] WARN  c.h.h.config.JWTAuthFilter - JWT authentication failed: User not found with email: hari@gmail.com
2026-04-02 13:20:33 [http-nio-8080-exec-10] INFO  c.h.h.controller.HotelController - GET /api/hotels/1
2026-04-02 13:20:33 [http-nio-8080-exec-3] DEBUG c.h.h.s.CustomUserDetailsService - Loading user by email: hari@gmail.com
2026-04-02 13:20:33 [http-nio-8080-exec-3] WARN  c.h.h.config.JWTAuthFilter - JWT authentication failed: User not found with email: hari@gmail.com
2026-04-02 13:20:33 [http-nio-8080-exec-3] INFO  c.h.h.controller.HotelController - GET /api/hotels/1
2026-04-02 13:20:40 [http-nio-8080-exec-4] DEBUG c.h.h.s.CustomUserDetailsService - Loading user by email: hari@gmail.com
2026-04-02 13:20:40 [http-nio-8080-exec-4] WARN  c.h.h.config.JWTAuthFilter - JWT authentication failed: User not found with email: hari@gmail.com
2026-04-02 13:20:46 [http-nio-8080-exec-1] DEBUG c.h.h.s.CustomUserDetailsService - Loading user by email: hari@gmail.com
2026-04-02 13:20:46 [http-nio-8080-exec-1] WARN  c.h.h.config.JWTAuthFilter - JWT authentication failed: User not found with email: hari@gmail.com
2026-04-02 13:21:01 [http-nio-8080-exec-5] INFO  c.h.h.controller.HotelController - GET /api/hotels
2026-04-02 13:21:01 [http-nio-8080-exec-5] INFO  c.h.h.service.HotelService - Fetched 50 hotels
2026-04-02 13:21:01 [http-nio-8080-exec-6] INFO  c.h.h.controller.HotelController - GET /api/hotels
2026-04-02 13:21:01 [http-nio-8080-exec-6] INFO  c.h.h.service.HotelService - Fetched 50 hotels
2026-04-02 13:21:06 [http-nio-8080-exec-9] INFO  c.h.h.controller.HotelController - GET /api/rooms/search?location=Tuticorin&checkIn=2026-04-02&checkOut=2026-04-03
2026-04-02 13:21:07 [http-nio-8080-exec-9] INFO  c.h.h.service.HotelService - Found 12 available rooms in Tuticorin from 2026-04-02 to 2026-04-03
2026-04-02 13:21:18 [http-nio-8080-exec-8] INFO  c.h.h.controller.HotelController - GET /api/rooms/search?location=Kanyakumari&checkIn=2026-04-02&checkOut=2026-04-03
2026-04-02 13:21:18 [http-nio-8080-exec-8] INFO  c.h.h.service.HotelService - Found 2 available rooms in Kanyakumari from 2026-04-02 to 2026-04-03
2026-04-02 14:22:33 [HikariPool-1 housekeeper] WARN  com.zaxxer.hikari.pool.HikariPool - HikariPool-1 - Thread starvation or clock leap detected (housekeeper delta=1h52s279ms726µs900ns).
2026-04-02 14:22:42 [HikariPool-1 housekeeper] WARN  com.zaxxer.hikari.pool.HikariPool - HikariPool-1 - Thread starvation or clock leap detected (housekeeper delta=1h52s279ms462µs800ns).
2026-04-02 14:23:04 [http-nio-8080-exec-1] INFO  c.h.h.controller.HotelController - GET /api/rooms/search?location=Kanyakumari&checkIn=2026-04-02&checkOut=2026-04-03
2026-04-02 14:23:04 [http-nio-8080-exec-1] INFO  c.h.h.service.HotelService - Found 2 available rooms in Kanyakumari from 2026-04-02 to 2026-04-03
2026-04-02 14:36:10 [main] INFO  c.h.h.HotelBackendApplication - Starting HotelBackendApplication using Java 21.0.10 with PID 18840 (C:\Users\girid\Desktop\HotelBooking\hotel-backend\target\classes started by girid in C:\Users\girid\Desktop\HotelBooking\hotel-backend)
2026-04-02 14:36:10 [main] DEBUG c.h.h.HotelBackendApplication - Running with Spring Boot v3.2.0, Spring v6.1.1
2026-04-02 14:36:10 [main] INFO  c.h.h.HotelBackendApplication - No active profile set, falling back to 1 default profile: "default"
2026-04-02 14:36:11 [main] INFO  o.s.d.r.c.RepositoryConfigurationDelegate - Bootstrapping Spring Data JPA repositories in DEFAULT mode.
2026-04-02 14:36:11 [main] INFO  o.s.d.r.c.RepositoryConfigurationDelegate - Finished Spring Data repository scanning in 43 ms. Found 4 JPA repository interfaces.
2026-04-02 14:36:11 [main] INFO  o.s.b.w.e.tomcat.TomcatWebServer - Tomcat initialized with port 8081 (http)
2026-04-02 14:36:11 [main] INFO  o.a.catalina.core.StandardService - Starting service [Tomcat]
2026-04-02 14:36:11 [main] INFO  o.a.catalina.core.StandardEngine - Starting Servlet engine: [Apache Tomcat/10.1.16]
2026-04-02 14:36:11 [main] INFO  o.a.c.c.C.[Tomcat].[localhost].[/] - Initializing Spring embedded WebApplicationContext
2026-04-02 14:36:11 [main] INFO  o.s.b.w.s.c.ServletWebServerApplicationContext - Root WebApplicationContext: initialization completed in 1022 ms
2026-04-02 14:36:11 [main] INFO  o.h.jpa.internal.util.LogHelper - HHH000204: Processing PersistenceUnitInfo [name: default]
2026-04-02 14:36:11 [main] INFO  org.hibernate.Version - HHH000412: Hibernate ORM core version 6.3.1.Final
2026-04-02 14:36:11 [main] INFO  o.h.c.i.RegionFactoryInitiator - HHH000026: Second-level cache disabled
2026-04-02 14:36:12 [main] INFO  o.s.o.j.p.SpringPersistenceUnitInfo - No LoadTimeWeaver setup: ignoring JPA class transformer
2026-04-02 14:36:12 [main] INFO  com.zaxxer.hikari.HikariDataSource - HikariPool-1 - Starting...
2026-04-02 14:36:12 [main] INFO  com.zaxxer.hikari.pool.HikariPool - HikariPool-1 - Added connection com.mysql.cj.jdbc.ConnectionImpl@7b5833ee
2026-04-02 14:36:12 [main] INFO  com.zaxxer.hikari.HikariDataSource - HikariPool-1 - Start completed.
2026-04-02 14:36:12 [main] WARN  org.hibernate.orm.deprecation - HHH90000025: MySQLDialect does not need to be specified explicitly using 'hibernate.dialect' (remove the property setting and it will be selected by default)
2026-04-02 14:36:13 [main] INFO  o.h.e.t.j.p.i.JtaPlatformInitiator - HHH000489: No JTA platform available (set 'hibernate.transaction.jta.platform' to enable JTA platform integration)
2026-04-02 14:36:13 [main] INFO  o.s.o.j.LocalContainerEntityManagerFactoryBean - Initialized JPA EntityManagerFactory for persistence unit 'default'
2026-04-02 14:36:13 [main] DEBUG c.h.h.config.JWTAuthFilter - Filter 'JWTAuthFilter' configured for use
2026-04-02 14:36:13 [main] INFO  o.s.d.j.r.query.QueryEnhancerFactory - Hibernate is in classpath; If applicable, HQL parser will be used.
2026-04-02 14:36:14 [main] WARN  o.s.b.a.o.j.JpaBaseConfiguration$JpaWebConfiguration - spring.jpa.open-in-view is enabled by default. Therefore, database queries may be performed during view rendering. Explicitly configure spring.jpa.open-in-view to disable this warning
2026-04-02 14:36:14 [main] INFO  o.s.s.web.DefaultSecurityFilterChain - Will secure any request with [org.springframework.security.web.session.DisableEncodeUrlFilter@62b9d56e, org.springframework.security.web.context.request.async.WebAsyncManagerIntegrationFilter@fe32f34, org.springframework.security.web.context.SecurityContextHolderFilter@5ecc8114, org.springframework.security.web.header.HeaderWriterFilter@6cd79426, org.springframework.web.filter.CorsFilter@55de1b68, org.springframework.security.web.authentication.logout.LogoutFilter@6bd0047f, com.hotel.hotel_backend.config.JWTAuthFilter@3d9cba2, org.springframework.security.web.savedrequest.RequestCacheAwareFilter@47955046, org.springframework.security.web.servletapi.SecurityContextHolderAwareRequestFilter@5bcc2416, org.springframework.security.web.authentication.AnonymousAuthenticationFilter@2040722f, org.springframework.security.web.session.SessionManagementFilter@5e6dcfa, org.springframework.security.web.access.ExceptionTranslationFilter@977a4ce, org.springframework.security.web.access.intercept.AuthorizationFilter@4bd214c]
2026-04-02 14:36:14 [main] WARN  o.s.b.w.s.c.AnnotationConfigServletWebServerApplicationContext - Exception encountered during context initialization - cancelling refresh attempt: org.springframework.context.ApplicationContextException: Failed to start bean 'webServerStartStop'
2026-04-02 14:36:14 [main] INFO  o.s.o.j.LocalContainerEntityManagerFactoryBean - Closing JPA EntityManagerFactory for persistence unit 'default'
2026-04-02 14:36:14 [main] INFO  com.zaxxer.hikari.HikariDataSource - HikariPool-1 - Shutdown initiated...
2026-04-02 14:36:14 [main] INFO  com.zaxxer.hikari.HikariDataSource - HikariPool-1 - Shutdown completed.
2026-04-02 14:36:14 [main] INFO  o.s.b.a.l.ConditionEvaluationReportLogger - 

Error starting ApplicationContext. To display the condition evaluation report re-run your application with 'debug' enabled.
2026-04-02 14:36:14 [main] ERROR o.s.b.d.LoggingFailureAnalysisReporter - 

***************************
APPLICATION FAILED TO START
***************************

Description:

Web server failed to start. Port 8081 was already in use.

Action:

Identify and stop the process that's listening on port 8081 or configure this application to listen on another port.

2026-04-02 15:01:06 [main] INFO  c.h.h.HotelBackendApplication - Starting HotelBackendApplication using Java 21.0.10 with PID 2672 (C:\Users\girid\Desktop\HotelBooking\hotel-backend\target\classes started by girid in C:\Users\girid\Desktop\HotelBooking\hotel-backend)
2026-04-02 15:01:06 [main] DEBUG c.h.h.HotelBackendApplication - Running with Spring Boot v3.2.0, Spring v6.1.1
2026-04-02 15:01:06 [main] INFO  c.h.h.HotelBackendApplication - No active profile set, falling back to 1 default profile: "default"
2026-04-02 15:01:06 [main] INFO  o.s.d.r.c.RepositoryConfigurationDelegate - Bootstrapping Spring Data JPA repositories in DEFAULT mode.
2026-04-02 15:01:06 [main] INFO  o.s.d.r.c.RepositoryConfigurationDelegate - Finished Spring Data repository scanning in 40 ms. Found 4 JPA repository interfaces.
2026-04-02 15:01:07 [main] INFO  o.s.b.w.e.tomcat.TomcatWebServer - Tomcat initialized with port 8081 (http)
2026-04-02 15:01:07 [main] INFO  o.a.catalina.core.StandardService - Starting service [Tomcat]
2026-04-02 15:01:07 [main] INFO  o.a.catalina.core.StandardEngine - Starting Servlet engine: [Apache Tomcat/10.1.16]
2026-04-02 15:01:07 [main] INFO  o.a.c.c.C.[Tomcat].[localhost].[/] - Initializing Spring embedded WebApplicationContext
2026-04-02 15:01:07 [main] INFO  o.s.b.w.s.c.ServletWebServerApplicationContext - Root WebApplicationContext: initialization completed in 950 ms
2026-04-02 15:01:07 [main] INFO  o.h.jpa.internal.util.LogHelper - HHH000204: Processing PersistenceUnitInfo [name: default]
2026-04-02 15:01:07 [main] INFO  org.hibernate.Version - HHH000412: Hibernate ORM core version 6.3.1.Final
2026-04-02 15:01:07 [main] INFO  o.h.c.i.RegionFactoryInitiator - HHH000026: Second-level cache disabled
2026-04-02 15:01:07 [main] INFO  o.s.o.j.p.SpringPersistenceUnitInfo - No LoadTimeWeaver setup: ignoring JPA class transformer
2026-04-02 15:01:07 [main] INFO  com.zaxxer.hikari.HikariDataSource - HikariPool-1 - Starting...
2026-04-02 15:01:08 [main] INFO  com.zaxxer.hikari.pool.HikariPool - HikariPool-1 - Added connection com.mysql.cj.jdbc.ConnectionImpl@3ef0e576
2026-04-02 15:01:08 [main] INFO  com.zaxxer.hikari.HikariDataSource - HikariPool-1 - Start completed.
2026-04-02 15:01:08 [main] WARN  org.hibernate.orm.deprecation - HHH90000025: MySQLDialect does not need to be specified explicitly using 'hibernate.dialect' (remove the property setting and it will be selected by default)
2026-04-02 15:01:08 [main] INFO  o.h.e.t.j.p.i.JtaPlatformInitiator - HHH000489: No JTA platform available (set 'hibernate.transaction.jta.platform' to enable JTA platform integration)
2026-04-02 15:01:08 [main] INFO  o.s.o.j.LocalContainerEntityManagerFactoryBean - Initialized JPA EntityManagerFactory for persistence unit 'default'
2026-04-02 15:01:09 [main] DEBUG c.h.h.config.JWTAuthFilter - Filter 'JWTAuthFilter' configured for use
2026-04-02 15:01:09 [main] INFO  o.s.d.j.r.query.QueryEnhancerFactory - Hibernate is in classpath; If applicable, HQL parser will be used.
2026-04-02 15:01:10 [main] WARN  o.s.b.a.o.j.JpaBaseConfiguration$JpaWebConfiguration - spring.jpa.open-in-view is enabled by default. Therefore, database queries may be performed during view rendering. Explicitly configure spring.jpa.open-in-view to disable this warning
2026-04-02 15:01:11 [main] INFO  o.s.s.web.DefaultSecurityFilterChain - Will secure any request with [org.springframework.security.web.session.DisableEncodeUrlFilter@7988fd6e, org.springframework.security.web.context.request.async.WebAsyncManagerIntegrationFilter@3b3d7eb6, org.springframework.security.web.context.SecurityContextHolderFilter@1f4e9eee, org.springframework.security.web.header.HeaderWriterFilter@554a76fd, org.springframework.web.filter.CorsFilter@47a363a8, org.springframework.security.web.authentication.logout.LogoutFilter@ba8d7c7, com.hotel.hotel_backend.config.JWTAuthFilter@2f3d5cd, org.springframework.security.web.savedrequest.RequestCacheAwareFilter@7122b1ff, org.springframework.security.web.servletapi.SecurityContextHolderAwareRequestFilter@fadd58, org.springframework.security.web.authentication.AnonymousAuthenticationFilter@632a1d4e, org.springframework.security.web.session.SessionManagementFilter@55781d31, org.springframework.security.web.access.ExceptionTranslationFilter@2183db30, org.springframework.security.web.access.intercept.AuthorizationFilter@1dabeb92]
2026-04-02 15:01:11 [main] WARN  o.s.b.w.s.c.AnnotationConfigServletWebServerApplicationContext - Exception encountered during context initialization - cancelling refresh attempt: org.springframework.context.ApplicationContextException: Failed to start bean 'webServerStartStop'
2026-04-02 15:01:11 [main] INFO  o.s.o.j.LocalContainerEntityManagerFactoryBean - Closing JPA EntityManagerFactory for persistence unit 'default'
2026-04-02 15:01:11 [main] INFO  com.zaxxer.hikari.HikariDataSource - HikariPool-1 - Shutdown initiated...
2026-04-02 15:01:11 [main] INFO  com.zaxxer.hikari.HikariDataSource - HikariPool-1 - Shutdown completed.
2026-04-02 15:01:11 [main] INFO  o.s.b.a.l.ConditionEvaluationReportLogger - 

Error starting ApplicationContext. To display the condition evaluation report re-run your application with 'debug' enabled.
2026-04-02 15:01:11 [main] ERROR o.s.b.d.LoggingFailureAnalysisReporter - 

***************************
APPLICATION FAILED TO START
***************************

Description:

Web server failed to start. Port 8081 was already in use.

Action:

Identify and stop the process that's listening on port 8081 or configure this application to listen on another port.

2026-04-02 15:02:21 [main] INFO  c.h.h.HotelBackendApplication - Starting HotelBackendApplication using Java 21.0.10 with PID 25848 (C:\Users\girid\Desktop\HotelBooking\hotel-backend\target\classes started by girid in C:\Users\girid\Desktop\HotelBooking\hotel-backend)
2026-04-02 15:02:21 [main] DEBUG c.h.h.HotelBackendApplication - Running with Spring Boot v3.2.0, Spring v6.1.1
2026-04-02 15:02:21 [main] INFO  c.h.h.HotelBackendApplication - No active profile set, falling back to 1 default profile: "default"
2026-04-02 15:02:21 [main] INFO  o.s.d.r.c.RepositoryConfigurationDelegate - Bootstrapping Spring Data JPA repositories in DEFAULT mode.
2026-04-02 15:02:21 [main] INFO  o.s.d.r.c.RepositoryConfigurationDelegate - Finished Spring Data repository scanning in 41 ms. Found 4 JPA repository interfaces.
2026-04-02 15:02:22 [main] INFO  o.s.b.w.e.tomcat.TomcatWebServer - Tomcat initialized with port 8081 (http)
2026-04-02 15:02:22 [main] INFO  o.a.catalina.core.StandardService - Starting service [Tomcat]
2026-04-02 15:02:22 [main] INFO  o.a.catalina.core.StandardEngine - Starting Servlet engine: [Apache Tomcat/10.1.16]
2026-04-02 15:02:22 [main] INFO  o.a.c.c.C.[Tomcat].[localhost].[/] - Initializing Spring embedded WebApplicationContext
2026-04-02 15:02:22 [main] INFO  o.s.b.w.s.c.ServletWebServerApplicationContext - Root WebApplicationContext: initialization completed in 948 ms
2026-04-02 15:02:22 [main] INFO  o.h.jpa.internal.util.LogHelper - HHH000204: Processing PersistenceUnitInfo [name: default]
2026-04-02 15:02:22 [main] INFO  org.hibernate.Version - HHH000412: Hibernate ORM core version 6.3.1.Final
2026-04-02 15:02:22 [main] INFO  o.h.c.i.RegionFactoryInitiator - HHH000026: Second-level cache disabled
2026-04-02 15:02:22 [main] INFO  o.s.o.j.p.SpringPersistenceUnitInfo - No LoadTimeWeaver setup: ignoring JPA class transformer
2026-04-02 15:02:22 [main] INFO  com.zaxxer.hikari.HikariDataSource - HikariPool-1 - Starting...
2026-04-02 15:02:22 [main] INFO  com.zaxxer.hikari.pool.HikariPool - HikariPool-1 - Added connection com.mysql.cj.jdbc.ConnectionImpl@4fa0ee7e
2026-04-02 15:02:22 [main] INFO  com.zaxxer.hikari.HikariDataSource - HikariPool-1 - Start completed.
2026-04-02 15:02:22 [main] WARN  org.hibernate.orm.deprecation - HHH90000025: MySQLDialect does not need to be specified explicitly using 'hibernate.dialect' (remove the property setting and it will be selected by default)
2026-04-02 15:02:23 [main] INFO  o.h.e.t.j.p.i.JtaPlatformInitiator - HHH000489: No JTA platform available (set 'hibernate.transaction.jta.platform' to enable JTA platform integration)
2026-04-02 15:02:23 [main] INFO  o.s.o.j.LocalContainerEntityManagerFactoryBean - Initialized JPA EntityManagerFactory for persistence unit 'default'
2026-04-02 15:02:23 [main] DEBUG c.h.h.config.JWTAuthFilter - Filter 'JWTAuthFilter' configured for use
2026-04-02 15:02:23 [main] INFO  o.s.d.j.r.query.QueryEnhancerFactory - Hibernate is in classpath; If applicable, HQL parser will be used.
2026-04-02 15:02:24 [main] WARN  o.s.b.a.o.j.JpaBaseConfiguration$JpaWebConfiguration - spring.jpa.open-in-view is enabled by default. Therefore, database queries may be performed during view rendering. Explicitly configure spring.jpa.open-in-view to disable this warning
2026-04-02 15:02:24 [main] INFO  o.s.s.web.DefaultSecurityFilterChain - Will secure any request with [org.springframework.security.web.session.DisableEncodeUrlFilter@2b7b2967, org.springframework.security.web.context.request.async.WebAsyncManagerIntegrationFilter@5baa759a, org.springframework.security.web.context.SecurityContextHolderFilter@4834e816, org.springframework.security.web.header.HeaderWriterFilter@fadd58, org.springframework.web.filter.CorsFilter@310cd0d2, org.springframework.security.web.authentication.logout.LogoutFilter@5c7df5f1, com.hotel.hotel_backend.config.JWTAuthFilter@67167f8f, org.springframework.security.web.savedrequest.RequestCacheAwareFilter@3045fbb4, org.springframework.security.web.servletapi.SecurityContextHolderAwareRequestFilter@411b3740, org.springframework.security.web.authentication.AnonymousAuthenticationFilter@3f698ab8, org.springframework.security.web.session.SessionManagementFilter@56c45636, org.springframework.security.web.access.ExceptionTranslationFilter@aca89a3, org.springframework.security.web.access.intercept.AuthorizationFilter@45e6b8fa]
2026-04-02 15:02:24 [main] WARN  o.s.b.w.s.c.AnnotationConfigServletWebServerApplicationContext - Exception encountered during context initialization - cancelling refresh attempt: org.springframework.context.ApplicationContextException: Failed to start bean 'webServerStartStop'
2026-04-02 15:02:24 [main] INFO  o.s.o.j.LocalContainerEntityManagerFactoryBean - Closing JPA EntityManagerFactory for persistence unit 'default'
2026-04-02 15:02:24 [main] INFO  com.zaxxer.hikari.HikariDataSource - HikariPool-1 - Shutdown initiated...
2026-04-02 15:02:24 [main] INFO  com.zaxxer.hikari.HikariDataSource - HikariPool-1 - Shutdown completed.
2026-04-02 15:02:24 [main] INFO  o.s.b.a.l.ConditionEvaluationReportLogger - 

Error starting ApplicationContext. To display the condition evaluation report re-run your application with 'debug' enabled.
2026-04-02 15:02:24 [main] ERROR o.s.b.d.LoggingFailureAnalysisReporter - 

***************************
APPLICATION FAILED TO START
***************************

Description:

Web server failed to start. Port 8081 was already in use.

Action:

Identify and stop the process that's listening on port 8081 or configure this application to listen on another port.

2026-04-02 15:03:08 [main] INFO  c.h.h.HotelBackendApplication - Starting HotelBackendApplication using Java 21.0.10 with PID 19952 (C:\Users\girid\Desktop\HotelBooking\hotel-backend\target\classes started by girid in C:\Users\girid\Desktop\HotelBooking\hotel-backend)
2026-04-02 15:03:08 [main] DEBUG c.h.h.HotelBackendApplication - Running with Spring Boot v3.2.0, Spring v6.1.1
2026-04-02 15:03:08 [main] INFO  c.h.h.HotelBackendApplication - No active profile set, falling back to 1 default profile: "default"
2026-04-02 15:03:09 [main] INFO  o.s.d.r.c.RepositoryConfigurationDelegate - Bootstrapping Spring Data JPA repositories in DEFAULT mode.
2026-04-02 15:03:09 [main] INFO  o.s.d.r.c.RepositoryConfigurationDelegate - Finished Spring Data repository scanning in 41 ms. Found 4 JPA repository interfaces.
2026-04-02 15:03:09 [main] INFO  o.s.b.w.e.tomcat.TomcatWebServer - Tomcat initialized with port 8081 (http)
2026-04-02 15:03:09 [main] INFO  o.a.catalina.core.StandardService - Starting service [Tomcat]
2026-04-02 15:03:09 [main] INFO  o.a.catalina.core.StandardEngine - Starting Servlet engine: [Apache Tomcat/10.1.16]
2026-04-02 15:03:09 [main] INFO  o.a.c.c.C.[Tomcat].[localhost].[/] - Initializing Spring embedded WebApplicationContext
2026-04-02 15:03:09 [main] INFO  o.s.b.w.s.c.ServletWebServerApplicationContext - Root WebApplicationContext: initialization completed in 892 ms
2026-04-02 15:03:09 [main] INFO  o.h.jpa.internal.util.LogHelper - HHH000204: Processing PersistenceUnitInfo [name: default]
2026-04-02 15:03:09 [main] INFO  org.hibernate.Version - HHH000412: Hibernate ORM core version 6.3.1.Final
2026-04-02 15:03:09 [main] INFO  o.h.c.i.RegionFactoryInitiator - HHH000026: Second-level cache disabled
2026-04-02 15:03:10 [main] INFO  o.s.o.j.p.SpringPersistenceUnitInfo - No LoadTimeWeaver setup: ignoring JPA class transformer
2026-04-02 15:03:10 [main] INFO  com.zaxxer.hikari.HikariDataSource - HikariPool-1 - Starting...
2026-04-02 15:03:10 [main] INFO  com.zaxxer.hikari.pool.HikariPool - HikariPool-1 - Added connection com.mysql.cj.jdbc.ConnectionImpl@4fa0ee7e
2026-04-02 15:03:10 [main] INFO  com.zaxxer.hikari.HikariDataSource - HikariPool-1 - Start completed.
2026-04-02 15:03:10 [main] WARN  org.hibernate.orm.deprecation - HHH90000025: MySQLDialect does not need to be specified explicitly using 'hibernate.dialect' (remove the property setting and it will be selected by default)
2026-04-02 15:03:10 [main] INFO  o.h.e.t.j.p.i.JtaPlatformInitiator - HHH000489: No JTA platform available (set 'hibernate.transaction.jta.platform' to enable JTA platform integration)
2026-04-02 15:03:10 [main] INFO  o.s.o.j.LocalContainerEntityManagerFactoryBean - Initialized JPA EntityManagerFactory for persistence unit 'default'
2026-04-02 15:03:11 [main] DEBUG c.h.h.config.JWTAuthFilter - Filter 'JWTAuthFilter' configured for use
2026-04-02 15:03:11 [main] INFO  o.s.d.j.r.query.QueryEnhancerFactory - Hibernate is in classpath; If applicable, HQL parser will be used.
2026-04-02 15:03:11 [main] WARN  o.s.b.a.o.j.JpaBaseConfiguration$JpaWebConfiguration - spring.jpa.open-in-view is enabled by default. Therefore, database queries may be performed during view rendering. Explicitly configure spring.jpa.open-in-view to disable this warning
2026-04-02 15:03:11 [main] INFO  o.s.s.web.DefaultSecurityFilterChain - Will secure any request with [org.springframework.security.web.session.DisableEncodeUrlFilter@2b7b2967, org.springframework.security.web.context.request.async.WebAsyncManagerIntegrationFilter@5baa759a, org.springframework.security.web.context.SecurityContextHolderFilter@4834e816, org.springframework.security.web.header.HeaderWriterFilter@fadd58, org.springframework.web.filter.CorsFilter@310cd0d2, org.springframework.security.web.authentication.logout.LogoutFilter@5c7df5f1, com.hotel.hotel_backend.config.JWTAuthFilter@6329a5b9, org.springframework.security.web.savedrequest.RequestCacheAwareFilter@3045fbb4, org.springframework.security.web.servletapi.SecurityContextHolderAwareRequestFilter@411b3740, org.springframework.security.web.authentication.AnonymousAuthenticationFilter@3f698ab8, org.springframework.security.web.session.SessionManagementFilter@56c45636, org.springframework.security.web.access.ExceptionTranslationFilter@aca89a3, org.springframework.security.web.access.intercept.AuthorizationFilter@45e6b8fa]
2026-04-02 15:03:11 [main] WARN  o.s.b.w.s.c.AnnotationConfigServletWebServerApplicationContext - Exception encountered during context initialization - cancelling refresh attempt: org.springframework.context.ApplicationContextException: Failed to start bean 'webServerStartStop'
2026-04-02 15:03:11 [main] INFO  o.s.o.j.LocalContainerEntityManagerFactoryBean - Closing JPA EntityManagerFactory for persistence unit 'default'
2026-04-02 15:03:11 [main] INFO  com.zaxxer.hikari.HikariDataSource - HikariPool-1 - Shutdown initiated...
2026-04-02 15:03:11 [main] INFO  com.zaxxer.hikari.HikariDataSource - HikariPool-1 - Shutdown completed.
2026-04-02 15:03:11 [main] INFO  o.s.b.a.l.ConditionEvaluationReportLogger - 

Error starting ApplicationContext. To display the condition evaluation report re-run your application with 'debug' enabled.
2026-04-02 15:03:11 [main] ERROR o.s.b.d.LoggingFailureAnalysisReporter - 

***************************
APPLICATION FAILED TO START
***************************

Description:

Web server failed to start. Port 8081 was already in use.

Action:

Identify and stop the process that's listening on port 8081 or configure this application to listen on another port.

2026-04-02 15:06:34 [main] INFO  c.h.h.HotelBackendApplication - Starting HotelBackendApplication using Java 21.0.10 with PID 27324 (C:\Users\girid\Desktop\HotelBooking\hotel-backend\target\classes started by girid in C:\Users\girid\Desktop\HotelBooking\hotel-backend)
2026-04-02 15:06:34 [main] DEBUG c.h.h.HotelBackendApplication - Running with Spring Boot v3.2.0, Spring v6.1.1
2026-04-02 15:06:34 [main] INFO  c.h.h.HotelBackendApplication - No active profile set, falling back to 1 default profile: "default"
2026-04-02 15:06:40 [main] INFO  o.s.d.r.c.RepositoryConfigurationDelegate - Bootstrapping Spring Data JPA repositories in DEFAULT mode.
2026-04-02 15:06:40 [main] INFO  o.s.d.r.c.RepositoryConfigurationDelegate - Finished Spring Data repository scanning in 127 ms. Found 4 JPA repository interfaces.
2026-04-02 15:06:42 [main] INFO  o.s.b.w.e.tomcat.TomcatWebServer - Tomcat initialized with port 8081 (http)
2026-04-02 15:06:42 [main] INFO  o.a.catalina.core.StandardService - Starting service [Tomcat]
2026-04-02 15:06:42 [main] INFO  o.a.catalina.core.StandardEngine - Starting Servlet engine: [Apache Tomcat/10.1.16]
2026-04-02 15:06:42 [main] INFO  o.a.c.c.C.[Tomcat].[localhost].[/] - Initializing Spring embedded WebApplicationContext
2026-04-02 15:06:42 [main] INFO  o.s.b.w.s.c.ServletWebServerApplicationContext - Root WebApplicationContext: initialization completed in 7312 ms
2026-04-02 15:06:42 [main] INFO  o.h.jpa.internal.util.LogHelper - HHH000204: Processing PersistenceUnitInfo [name: default]
2026-04-02 15:06:42 [main] INFO  org.hibernate.Version - HHH000412: Hibernate ORM core version 6.3.1.Final
2026-04-02 15:06:42 [main] INFO  o.h.c.i.RegionFactoryInitiator - HHH000026: Second-level cache disabled
2026-04-02 15:06:43 [main] INFO  o.s.o.j.p.SpringPersistenceUnitInfo - No LoadTimeWeaver setup: ignoring JPA class transformer
2026-04-02 15:06:43 [main] INFO  com.zaxxer.hikari.HikariDataSource - HikariPool-1 - Starting...
2026-04-02 15:06:43 [main] INFO  com.zaxxer.hikari.pool.HikariPool - HikariPool-1 - Added connection com.mysql.cj.jdbc.ConnectionImpl@4fa0ee7e
2026-04-02 15:06:43 [main] INFO  com.zaxxer.hikari.HikariDataSource - HikariPool-1 - Start completed.
2026-04-02 15:06:43 [main] WARN  org.hibernate.orm.deprecation - HHH90000025: MySQLDialect does not need to be specified explicitly using 'hibernate.dialect' (remove the property setting and it will be selected by default)
2026-04-02 15:06:44 [main] INFO  o.h.e.t.j.p.i.JtaPlatformInitiator - HHH000489: No JTA platform available (set 'hibernate.transaction.jta.platform' to enable JTA platform integration)
2026-04-02 15:06:44 [main] INFO  o.s.o.j.LocalContainerEntityManagerFactoryBean - Initialized JPA EntityManagerFactory for persistence unit 'default'
2026-04-02 15:06:45 [main] DEBUG c.h.h.config.JWTAuthFilter - Filter 'JWTAuthFilter' configured for use
2026-04-02 15:06:45 [main] INFO  o.s.d.j.r.query.QueryEnhancerFactory - Hibernate is in classpath; If applicable, HQL parser will be used.
2026-04-02 15:06:46 [main] WARN  o.s.b.a.o.j.JpaBaseConfiguration$JpaWebConfiguration - spring.jpa.open-in-view is enabled by default. Therefore, database queries may be performed during view rendering. Explicitly configure spring.jpa.open-in-view to disable this warning
2026-04-02 15:06:46 [main] INFO  o.s.s.web.DefaultSecurityFilterChain - Will secure any request with [org.springframework.security.web.session.DisableEncodeUrlFilter@2b7b2967, org.springframework.security.web.context.request.async.WebAsyncManagerIntegrationFilter@5baa759a, org.springframework.security.web.context.SecurityContextHolderFilter@4834e816, org.springframework.security.web.header.HeaderWriterFilter@fadd58, org.springframework.web.filter.CorsFilter@310cd0d2, org.springframework.security.web.authentication.logout.LogoutFilter@5c7df5f1, com.hotel.hotel_backend.config.JWTAuthFilter@67167f8f, org.springframework.security.web.savedrequest.RequestCacheAwareFilter@3045fbb4, org.springframework.security.web.servletapi.SecurityContextHolderAwareRequestFilter@411b3740, org.springframework.security.web.authentication.AnonymousAuthenticationFilter@3f698ab8, org.springframework.security.web.session.SessionManagementFilter@56c45636, org.springframework.security.web.access.ExceptionTranslationFilter@aca89a3, org.springframework.security.web.access.intercept.AuthorizationFilter@45e6b8fa]
2026-04-02 15:06:47 [main] INFO  o.s.b.w.e.tomcat.TomcatWebServer - Tomcat started on port 8081 (http) with context path ''
2026-04-02 15:06:47 [main] INFO  c.h.h.HotelBackendApplication - Started HotelBackendApplication in 13.054 seconds (process running for 13.647)
2026-04-02 15:19:56 [main] INFO  c.h.h.HotelBackendApplication - Starting HotelBackendApplication using Java 21.0.10 with PID 8716 (C:\Users\girid\Desktop\HotelBooking\hotel-backend\target\classes started by girid in C:\Users\girid\Desktop\HotelBooking\hotel-backend)
2026-04-02 15:19:56 [main] DEBUG c.h.h.HotelBackendApplication - Running with Spring Boot v3.2.0, Spring v6.1.1
2026-04-02 15:19:56 [main] INFO  c.h.h.HotelBackendApplication - No active profile set, falling back to 1 default profile: "default"
2026-04-02 15:19:57 [main] INFO  o.s.d.r.c.RepositoryConfigurationDelegate - Bootstrapping Spring Data JPA repositories in DEFAULT mode.
2026-04-02 15:19:57 [main] INFO  o.s.d.r.c.RepositoryConfigurationDelegate - Finished Spring Data repository scanning in 62 ms. Found 4 JPA repository interfaces.
2026-04-02 15:19:57 [main] INFO  o.s.b.w.e.tomcat.TomcatWebServer - Tomcat initialized with port 8081 (http)
2026-04-02 15:19:57 [main] INFO  o.a.catalina.core.StandardService - Starting service [Tomcat]
2026-04-02 15:19:58 [main] INFO  o.a.catalina.core.StandardEngine - Starting Servlet engine: [Apache Tomcat/10.1.16]
2026-04-02 15:19:58 [main] INFO  o.a.c.c.C.[Tomcat].[localhost].[/] - Initializing Spring embedded WebApplicationContext
2026-04-02 15:19:58 [main] INFO  o.s.b.w.s.c.ServletWebServerApplicationContext - Root WebApplicationContext: initialization completed in 1534 ms
2026-04-02 15:19:58 [main] INFO  o.h.jpa.internal.util.LogHelper - HHH000204: Processing PersistenceUnitInfo [name: default]
2026-04-02 15:19:58 [main] INFO  org.hibernate.Version - HHH000412: Hibernate ORM core version 6.3.1.Final
2026-04-02 15:19:58 [main] INFO  o.h.c.i.RegionFactoryInitiator - HHH000026: Second-level cache disabled
2026-04-02 15:19:58 [main] INFO  o.s.o.j.p.SpringPersistenceUnitInfo - No LoadTimeWeaver setup: ignoring JPA class transformer
2026-04-02 15:19:58 [main] INFO  com.zaxxer.hikari.HikariDataSource - HikariPool-1 - Starting...
2026-04-02 15:19:58 [main] INFO  com.zaxxer.hikari.pool.HikariPool - HikariPool-1 - Added connection com.mysql.cj.jdbc.ConnectionImpl@4fa0ee7e
2026-04-02 15:19:58 [main] INFO  com.zaxxer.hikari.HikariDataSource - HikariPool-1 - Start completed.
2026-04-02 15:19:58 [main] WARN  org.hibernate.orm.deprecation - HHH90000025: MySQLDialect does not need to be specified explicitly using 'hibernate.dialect' (remove the property setting and it will be selected by default)
2026-04-02 15:19:59 [main] INFO  o.h.e.t.j.p.i.JtaPlatformInitiator - HHH000489: No JTA platform available (set 'hibernate.transaction.jta.platform' to enable JTA platform integration)
2026-04-02 15:19:59 [main] INFO  o.s.o.j.LocalContainerEntityManagerFactoryBean - Initialized JPA EntityManagerFactory for persistence unit 'default'
2026-04-02 15:20:00 [main] DEBUG c.h.h.config.JWTAuthFilter - Filter 'JWTAuthFilter' configured for use
2026-04-02 15:20:00 [main] INFO  o.s.d.j.r.query.QueryEnhancerFactory - Hibernate is in classpath; If applicable, HQL parser will be used.
2026-04-02 15:20:01 [main] WARN  o.s.b.a.o.j.JpaBaseConfiguration$JpaWebConfiguration - spring.jpa.open-in-view is enabled by default. Therefore, database queries may be performed during view rendering. Explicitly configure spring.jpa.open-in-view to disable this warning
2026-04-02 15:20:01 [main] INFO  o.s.s.web.DefaultSecurityFilterChain - Will secure any request with [org.springframework.security.web.session.DisableEncodeUrlFilter@2b7b2967, org.springframework.security.web.context.request.async.WebAsyncManagerIntegrationFilter@5baa759a, org.springframework.security.web.context.SecurityContextHolderFilter@4834e816, org.springframework.security.web.header.HeaderWriterFilter@fadd58, org.springframework.web.filter.CorsFilter@310cd0d2, org.springframework.security.web.authentication.logout.LogoutFilter@5c7df5f1, com.hotel.hotel_backend.config.JWTAuthFilter@67167f8f, org.springframework.security.web.savedrequest.RequestCacheAwareFilter@3045fbb4, org.springframework.security.web.servletapi.SecurityContextHolderAwareRequestFilter@411b3740, org.springframework.security.web.authentication.AnonymousAuthenticationFilter@3f698ab8, org.springframework.security.web.session.SessionManagementFilter@56c45636, org.springframework.security.web.access.ExceptionTranslationFilter@aca89a3, org.springframework.security.web.access.intercept.AuthorizationFilter@45e6b8fa]
2026-04-02 15:20:01 [main] INFO  o.s.b.w.e.tomcat.TomcatWebServer - Tomcat started on port 8081 (http) with context path ''
2026-04-02 15:20:01 [main] INFO  c.h.h.HotelBackendApplication - Started HotelBackendApplication in 6.023 seconds (process running for 6.418)
2026-04-02 15:24:39 [HikariPool-1 housekeeper] WARN  com.zaxxer.hikari.pool.HikariPool - HikariPool-1 - Thread starvation or clock leap detected (housekeeper delta=2m40s867ms290µs100ns).
2026-04-02 15:29:14 [SpringApplicationShutdownHook] INFO  o.s.o.j.LocalContainerEntityManagerFactoryBean - Closing JPA EntityManagerFactory for persistence unit 'default'
2026-04-02 15:29:14 [SpringApplicationShutdownHook] INFO  com.zaxxer.hikari.HikariDataSource - HikariPool-1 - Shutdown initiated...
2026-04-02 15:29:14 [SpringApplicationShutdownHook] INFO  com.zaxxer.hikari.HikariDataSource - HikariPool-1 - Shutdown completed.
2026-04-02 15:29:35 [main] INFO  c.h.h.HotelBackendApplication - Starting HotelBackendApplication using Java 21.0.10 with PID 1864 (C:\Users\girid\Desktop\HotelBooking\hotel-backend\target\classes started by girid in C:\Users\girid\Desktop\HotelBooking\hotel-backend)
2026-04-02 15:29:35 [main] DEBUG c.h.h.HotelBackendApplication - Running with Spring Boot v3.2.0, Spring v6.1.1
2026-04-02 15:29:35 [main] INFO  c.h.h.HotelBackendApplication - No active profile set, falling back to 1 default profile: "default"
2026-04-02 15:29:36 [main] INFO  o.s.d.r.c.RepositoryConfigurationDelegate - Bootstrapping Spring Data JPA repositories in DEFAULT mode.
2026-04-02 15:29:36 [main] INFO  o.s.d.r.c.RepositoryConfigurationDelegate - Finished Spring Data repository scanning in 62 ms. Found 4 JPA repository interfaces.
2026-04-02 15:29:36 [main] INFO  o.s.b.w.e.tomcat.TomcatWebServer - Tomcat initialized with port 8081 (http)
2026-04-02 15:29:36 [main] INFO  o.a.catalina.core.StandardService - Starting service [Tomcat]
2026-04-02 15:29:36 [main] INFO  o.a.catalina.core.StandardEngine - Starting Servlet engine: [Apache Tomcat/10.1.16]
2026-04-02 15:29:36 [main] INFO  o.a.c.c.C.[Tomcat].[localhost].[/] - Initializing Spring embedded WebApplicationContext
2026-04-02 15:29:36 [main] INFO  o.s.b.w.s.c.ServletWebServerApplicationContext - Root WebApplicationContext: initialization completed in 1470 ms
2026-04-02 15:29:37 [main] INFO  o.h.jpa.internal.util.LogHelper - HHH000204: Processing PersistenceUnitInfo [name: default]
2026-04-02 15:29:37 [main] INFO  org.hibernate.Version - HHH000412: Hibernate ORM core version 6.3.1.Final
2026-04-02 15:29:37 [main] INFO  o.h.c.i.RegionFactoryInitiator - HHH000026: Second-level cache disabled
2026-04-02 15:29:37 [main] INFO  o.s.o.j.p.SpringPersistenceUnitInfo - No LoadTimeWeaver setup: ignoring JPA class transformer
2026-04-02 15:29:37 [main] INFO  com.zaxxer.hikari.HikariDataSource - HikariPool-1 - Starting...
2026-04-02 15:29:37 [main] INFO  com.zaxxer.hikari.pool.HikariPool - HikariPool-1 - Added connection com.mysql.cj.jdbc.ConnectionImpl@1410d645
2026-04-02 15:29:37 [main] INFO  com.zaxxer.hikari.HikariDataSource - HikariPool-1 - Start completed.
2026-04-02 15:29:37 [main] WARN  org.hibernate.orm.deprecation - HHH90000025: MySQLDialect does not need to be specified explicitly using 'hibernate.dialect' (remove the property setting and it will be selected by default)
2026-04-02 15:29:38 [main] INFO  o.h.e.t.j.p.i.JtaPlatformInitiator - HHH000489: No JTA platform available (set 'hibernate.transaction.jta.platform' to enable JTA platform integration)
2026-04-02 15:29:38 [main] INFO  o.s.o.j.LocalContainerEntityManagerFactoryBean - Initialized JPA EntityManagerFactory for persistence unit 'default'
2026-04-02 15:29:38 [main] DEBUG c.h.h.config.JWTAuthFilter - Filter 'JWTAuthFilter' configured for use
2026-04-02 15:29:39 [main] INFO  o.s.d.j.r.query.QueryEnhancerFactory - Hibernate is in classpath; If applicable, HQL parser will be used.
2026-04-02 15:29:39 [main] WARN  o.s.b.a.o.j.JpaBaseConfiguration$JpaWebConfiguration - spring.jpa.open-in-view is enabled by default. Therefore, database queries may be performed during view rendering. Explicitly configure spring.jpa.open-in-view to disable this warning
2026-04-02 15:29:40 [main] INFO  o.s.s.web.DefaultSecurityFilterChain - Will secure any request with [org.springframework.security.web.session.DisableEncodeUrlFilter@5baa759a, org.springframework.security.web.context.request.async.WebAsyncManagerIntegrationFilter@310cd0d2, org.springframework.security.web.context.SecurityContextHolderFilter@3c3562c0, org.springframework.security.web.header.HeaderWriterFilter@6ba88a47, org.springframework.web.filter.CorsFilter@3f698ab8, org.springframework.security.web.authentication.logout.LogoutFilter@775b908f, com.hotel.hotel_backend.config.JWTAuthFilter@1e5190bd, org.springframework.security.web.savedrequest.RequestCacheAwareFilter@411b3740, org.springframework.security.web.servletapi.SecurityContextHolderAwareRequestFilter@2e00032d, org.springframework.security.web.authentication.AnonymousAuthenticationFilter@4d2bac23, org.springframework.security.web.session.SessionManagementFilter@6becf200, org.springframework.security.web.access.ExceptionTranslationFilter@7122b1ff, org.springframework.security.web.access.intercept.AuthorizationFilter@3a9a1adf]
2026-04-02 15:29:40 [main] INFO  o.s.b.w.e.tomcat.TomcatWebServer - Tomcat started on port 8081 (http) with context path ''
2026-04-02 15:29:40 [main] INFO  c.h.h.HotelBackendApplication - Started HotelBackendApplication in 5.584 seconds (process running for 5.928)
2026-04-02 16:01:19 [HikariPool-1 housekeeper] WARN  com.zaxxer.hikari.pool.HikariPool - HikariPool-1 - Thread starvation or clock leap detected (housekeeper delta=26m42s139ms222µs700ns).
2026-04-02 16:11:40 [HikariPool-1 housekeeper] WARN  com.zaxxer.hikari.pool.HikariPool - HikariPool-1 - Thread starvation or clock leap detected (housekeeper delta=1m50s33ms792µs100ns).
2026-04-02 16:19:02 [HikariPool-1 housekeeper] WARN  com.zaxxer.hikari.pool.HikariPool - HikariPool-1 - Thread starvation or clock leap detected (housekeeper delta=2m52s284ms18µs600ns).
2026-04-02 16:23:20 [SpringApplicationShutdownHook] INFO  o.s.o.j.LocalContainerEntityManagerFactoryBean - Closing JPA EntityManagerFactory for persistence unit 'default'
2026-04-02 16:23:20 [SpringApplicationShutdownHook] INFO  com.zaxxer.hikari.HikariDataSource - HikariPool-1 - Shutdown initiated...
2026-04-02 16:23:20 [SpringApplicationShutdownHook] INFO  com.zaxxer.hikari.HikariDataSource - HikariPool-1 - Shutdown completed.
2026-04-02 16:23:28 [main] INFO  c.h.h.HotelBackendApplication - Starting HotelBackendApplication using Java 21.0.10 with PID 456 (C:\Users\girid\Desktop\HotelBooking\hotel-backend\target\classes started by girid in C:\Users\girid\Desktop\HotelBooking\hotel-backend)
2026-04-02 16:23:28 [main] DEBUG c.h.h.HotelBackendApplication - Running with Spring Boot v3.2.0, Spring v6.1.1
2026-04-02 16:23:28 [main] INFO  c.h.h.HotelBackendApplication - No active profile set, falling back to 1 default profile: "default"
2026-04-02 16:23:29 [main] INFO  o.s.d.r.c.RepositoryConfigurationDelegate - Bootstrapping Spring Data JPA repositories in DEFAULT mode.
2026-04-02 16:23:29 [main] INFO  o.s.d.r.c.RepositoryConfigurationDelegate - Finished Spring Data repository scanning in 73 ms. Found 4 JPA repository interfaces.
2026-04-02 16:23:29 [main] INFO  o.s.b.w.e.tomcat.TomcatWebServer - Tomcat initialized with port 8081 (http)
2026-04-02 16:23:29 [main] INFO  o.a.catalina.core.StandardService - Starting service [Tomcat]
2026-04-02 16:23:29 [main] INFO  o.a.catalina.core.StandardEngine - Starting Servlet engine: [Apache Tomcat/10.1.16]
2026-04-02 16:23:29 [main] INFO  o.a.c.c.C.[Tomcat].[localhost].[/] - Initializing Spring embedded WebApplicationContext
2026-04-02 16:23:29 [main] INFO  o.s.b.w.s.c.ServletWebServerApplicationContext - Root WebApplicationContext: initialization completed in 1618 ms
2026-04-02 16:23:30 [main] INFO  o.h.jpa.internal.util.LogHelper - HHH000204: Processing PersistenceUnitInfo [name: default]
2026-04-02 16:23:30 [main] INFO  org.hibernate.Version - HHH000412: Hibernate ORM core version 6.3.1.Final
2026-04-02 16:23:30 [main] INFO  o.h.c.i.RegionFactoryInitiator - HHH000026: Second-level cache disabled
2026-04-02 16:23:30 [main] INFO  o.s.o.j.p.SpringPersistenceUnitInfo - No LoadTimeWeaver setup: ignoring JPA class transformer
2026-04-02 16:23:30 [main] INFO  com.zaxxer.hikari.HikariDataSource - HikariPool-1 - Starting...
2026-04-02 16:23:30 [main] INFO  com.zaxxer.hikari.pool.HikariPool - HikariPool-1 - Added connection com.mysql.cj.jdbc.ConnectionImpl@6c6379c
2026-04-02 16:23:30 [main] INFO  com.zaxxer.hikari.HikariDataSource - HikariPool-1 - Start completed.
2026-04-02 16:23:30 [main] WARN  org.hibernate.orm.deprecation - HHH90000025: MySQLDialect does not need to be specified explicitly using 'hibernate.dialect' (remove the property setting and it will be selected by default)
2026-04-02 16:23:31 [main] INFO  o.h.e.t.j.p.i.JtaPlatformInitiator - HHH000489: No JTA platform available (set 'hibernate.transaction.jta.platform' to enable JTA platform integration)
2026-04-02 16:23:31 [main] INFO  o.s.o.j.LocalContainerEntityManagerFactoryBean - Initialized JPA EntityManagerFactory for persistence unit 'default'
2026-04-02 16:23:32 [main] DEBUG c.h.h.config.JWTAuthFilter - Filter 'JWTAuthFilter' configured for use
2026-04-02 16:23:32 [main] INFO  o.s.d.j.r.query.QueryEnhancerFactory - Hibernate is in classpath; If applicable, HQL parser will be used.
2026-04-02 16:23:33 [main] WARN  o.s.b.a.o.j.JpaBaseConfiguration$JpaWebConfiguration - spring.jpa.open-in-view is enabled by default. Therefore, database queries may be performed during view rendering. Explicitly configure spring.jpa.open-in-view to disable this warning
2026-04-02 16:23:33 [main] INFO  o.s.s.web.DefaultSecurityFilterChain - Will secure any request with [org.springframework.security.web.session.DisableEncodeUrlFilter@510d6e38, org.springframework.security.web.context.request.async.WebAsyncManagerIntegrationFilter@627ed93a, org.springframework.security.web.context.SecurityContextHolderFilter@51386308, org.springframework.security.web.header.HeaderWriterFilter@61ecb1c8, org.springframework.web.filter.CorsFilter@157312, org.springframework.security.web.authentication.logout.LogoutFilter@6ae30b05, com.hotel.hotel_backend.config.JWTAuthFilter@744673f3, org.springframework.security.web.savedrequest.RequestCacheAwareFilter@28ab3c60, org.springframework.security.web.servletapi.SecurityContextHolderAwareRequestFilter@11eb41f4, org.springframework.security.web.authentication.AnonymousAuthenticationFilter@72988e0c, org.springframework.security.web.session.SessionManagementFilter@fadd58, org.springframework.security.web.access.ExceptionTranslationFilter@768b79db, org.springframework.security.web.access.intercept.AuthorizationFilter@632a1d4e]
2026-04-02 16:23:33 [main] INFO  o.s.b.w.e.tomcat.TomcatWebServer - Tomcat started on port 8081 (http) with context path ''
2026-04-02 16:23:33 [main] INFO  c.h.h.HotelBackendApplication - Started HotelBackendApplication in 5.926 seconds (process running for 6.236)
2026-04-02 22:16:08 [main] INFO  c.h.h.HotelBackendApplication - Starting HotelBackendApplication using Java 21.0.10 with PID 1116 (C:\Users\girid\Desktop\HotelBooking\hotel-backend\target\classes started by girid in C:\Users\girid\Desktop\HotelBooking\hotel-backend)
2026-04-02 22:16:08 [main] DEBUG c.h.h.HotelBackendApplication - Running with Spring Boot v3.2.0, Spring v6.1.1
2026-04-02 22:16:08 [main] INFO  c.h.h.HotelBackendApplication - No active profile set, falling back to 1 default profile: "default"
2026-04-02 22:16:09 [main] INFO  o.s.d.r.c.RepositoryConfigurationDelegate - Bootstrapping Spring Data JPA repositories in DEFAULT mode.
2026-04-02 22:16:09 [main] INFO  o.s.d.r.c.RepositoryConfigurationDelegate - Finished Spring Data repository scanning in 77 ms. Found 4 JPA repository interfaces.
2026-04-02 22:16:10 [main] INFO  o.s.b.w.e.tomcat.TomcatWebServer - Tomcat initialized with port 8081 (http)
2026-04-02 22:16:10 [main] INFO  o.a.catalina.core.StandardService - Starting service [Tomcat]
2026-04-02 22:16:10 [main] INFO  o.a.catalina.core.StandardEngine - Starting Servlet engine: [Apache Tomcat/10.1.16]
2026-04-02 22:16:10 [main] INFO  o.a.c.c.C.[Tomcat].[localhost].[/] - Initializing Spring embedded WebApplicationContext
2026-04-02 22:16:10 [main] INFO  o.s.b.w.s.c.ServletWebServerApplicationContext - Root WebApplicationContext: initialization completed in 1893 ms
2026-04-02 22:16:11 [main] INFO  o.h.jpa.internal.util.LogHelper - HHH000204: Processing PersistenceUnitInfo [name: default]
2026-04-02 22:16:11 [main] INFO  org.hibernate.Version - HHH000412: Hibernate ORM core version 6.3.1.Final
2026-04-02 22:16:11 [main] INFO  o.h.c.i.RegionFactoryInitiator - HHH000026: Second-level cache disabled
2026-04-02 22:16:11 [main] INFO  o.s.o.j.p.SpringPersistenceUnitInfo - No LoadTimeWeaver setup: ignoring JPA class transformer
2026-04-02 22:16:11 [main] INFO  com.zaxxer.hikari.HikariDataSource - HikariPool-1 - Starting...
2026-04-02 22:16:11 [main] INFO  com.zaxxer.hikari.pool.HikariPool - HikariPool-1 - Added connection com.mysql.cj.jdbc.ConnectionImpl@1410d645
2026-04-02 22:16:11 [main] INFO  com.zaxxer.hikari.HikariDataSource - HikariPool-1 - Start completed.
2026-04-02 22:16:11 [main] WARN  org.hibernate.orm.deprecation - HHH90000025: MySQLDialect does not need to be specified explicitly using 'hibernate.dialect' (remove the property setting and it will be selected by default)
2026-04-02 22:16:13 [main] INFO  o.h.e.t.j.p.i.JtaPlatformInitiator - HHH000489: No JTA platform available (set 'hibernate.transaction.jta.platform' to enable JTA platform integration)
2026-04-02 22:16:13 [main] INFO  o.s.o.j.LocalContainerEntityManagerFactoryBean - Initialized JPA EntityManagerFactory for persistence unit 'default'
2026-04-02 22:16:13 [main] DEBUG c.h.h.config.JWTAuthFilter - Filter 'JWTAuthFilter' configured for use
2026-04-02 22:16:13 [main] INFO  o.s.d.j.r.query.QueryEnhancerFactory - Hibernate is in classpath; If applicable, HQL parser will be used.
2026-04-02 22:16:14 [main] WARN  o.s.b.a.o.j.JpaBaseConfiguration$JpaWebConfiguration - spring.jpa.open-in-view is enabled by default. Therefore, database queries may be performed during view rendering. Explicitly configure spring.jpa.open-in-view to disable this warning
2026-04-02 22:16:15 [main] INFO  o.s.s.web.DefaultSecurityFilterChain - Will secure any request with [org.springframework.security.web.session.DisableEncodeUrlFilter@310cd0d2, org.springframework.security.web.context.request.async.WebAsyncManagerIntegrationFilter@3f698ab8, org.springframework.security.web.context.SecurityContextHolderFilter@3045fbb4, org.springframework.security.web.header.HeaderWriterFilter@35f18100, org.springframework.web.filter.CorsFilter@4d2bac23, org.springframework.security.web.authentication.logout.LogoutFilter@41058886, com.hotel.hotel_backend.config.JWTAuthFilter@1e5190bd, org.springframework.security.web.savedrequest.RequestCacheAwareFilter@2e00032d, org.springframework.security.web.servletapi.SecurityContextHolderAwareRequestFilter@3934574f, org.springframework.security.web.authentication.AnonymousAuthenticationFilter@452506b9, org.springframework.security.web.session.SessionManagementFilter@4cc7bd09, org.springframework.security.web.access.ExceptionTranslationFilter@fadd58, org.springframework.security.web.access.intercept.AuthorizationFilter@28d4c7ec]
2026-04-02 22:16:15 [main] INFO  o.s.b.w.e.tomcat.TomcatWebServer - Tomcat started on port 8081 (http) with context path ''
2026-04-02 22:16:15 [main] INFO  c.h.h.HotelBackendApplication - Started HotelBackendApplication in 7.163 seconds (process running for 7.525)
2026-04-02 22:18:49 [main] INFO  c.h.h.HotelBackendApplication - Starting HotelBackendApplication using Java 21.0.10 with PID 27972 (C:\Users\girid\Desktop\HotelBooking\hotel-backend\target\classes started by girid in C:\Users\girid\Desktop\HotelBooking\hotel-backend)
2026-04-02 22:18:49 [main] DEBUG c.h.h.HotelBackendApplication - Running with Spring Boot v3.2.0, Spring v6.1.1
2026-04-02 22:18:49 [main] INFO  c.h.h.HotelBackendApplication - No active profile set, falling back to 1 default profile: "default"
2026-04-02 22:18:49 [main] INFO  o.s.d.r.c.RepositoryConfigurationDelegate - Bootstrapping Spring Data JPA repositories in DEFAULT mode.
2026-04-02 22:18:50 [main] INFO  o.s.d.r.c.RepositoryConfigurationDelegate - Finished Spring Data repository scanning in 76 ms. Found 4 JPA repository interfaces.
2026-04-02 22:18:50 [main] INFO  o.s.b.w.e.tomcat.TomcatWebServer - Tomcat initialized with port 8081 (http)
2026-04-02 22:18:50 [main] INFO  o.a.catalina.core.StandardService - Starting service [Tomcat]
2026-04-02 22:18:50 [main] INFO  o.a.catalina.core.StandardEngine - Starting Servlet engine: [Apache Tomcat/10.1.16]
2026-04-02 22:18:50 [main] INFO  o.a.c.c.C.[Tomcat].[localhost].[/] - Initializing Spring embedded WebApplicationContext
2026-04-02 22:18:50 [main] INFO  o.s.b.w.s.c.ServletWebServerApplicationContext - Root WebApplicationContext: initialization completed in 1253 ms
2026-04-02 22:18:50 [main] INFO  o.h.jpa.internal.util.LogHelper - HHH000204: Processing PersistenceUnitInfo [name: default]
2026-04-02 22:18:50 [main] INFO  org.hibernate.Version - HHH000412: Hibernate ORM core version 6.3.1.Final
2026-04-02 22:18:50 [main] INFO  o.h.c.i.RegionFactoryInitiator - HHH000026: Second-level cache disabled
2026-04-02 22:18:51 [main] INFO  o.s.o.j.p.SpringPersistenceUnitInfo - No LoadTimeWeaver setup: ignoring JPA class transformer
2026-04-02 22:18:51 [main] INFO  com.zaxxer.hikari.HikariDataSource - HikariPool-1 - Starting...
2026-04-02 22:18:51 [main] INFO  com.zaxxer.hikari.pool.HikariPool - HikariPool-1 - Added connection com.mysql.cj.jdbc.ConnectionImpl@4fa0ee7e
2026-04-02 22:18:51 [main] INFO  com.zaxxer.hikari.HikariDataSource - HikariPool-1 - Start completed.
2026-04-02 22:18:51 [main] WARN  org.hibernate.orm.deprecation - HHH90000025: MySQLDialect does not need to be specified explicitly using 'hibernate.dialect' (remove the property setting and it will be selected by default)
2026-04-02 22:18:52 [main] INFO  o.h.e.t.j.p.i.JtaPlatformInitiator - HHH000489: No JTA platform available (set 'hibernate.transaction.jta.platform' to enable JTA platform integration)
2026-04-02 22:18:52 [main] INFO  o.s.o.j.LocalContainerEntityManagerFactoryBean - Initialized JPA EntityManagerFactory for persistence unit 'default'
2026-04-02 22:18:52 [main] DEBUG c.h.h.config.JWTAuthFilter - Filter 'JWTAuthFilter' configured for use
2026-04-02 22:18:52 [main] INFO  o.s.d.j.r.query.QueryEnhancerFactory - Hibernate is in classpath; If applicable, HQL parser will be used.
2026-04-02 22:18:53 [main] WARN  o.s.b.a.o.j.JpaBaseConfiguration$JpaWebConfiguration - spring.jpa.open-in-view is enabled by default. Therefore, database queries may be performed during view rendering. Explicitly configure spring.jpa.open-in-view to disable this warning
2026-04-02 22:18:53 [main] INFO  o.s.s.web.DefaultSecurityFilterChain - Will secure any request with [org.springframework.security.web.session.DisableEncodeUrlFilter@2b7b2967, org.springframework.security.web.context.request.async.WebAsyncManagerIntegrationFilter@5baa759a, org.springframework.security.web.context.SecurityContextHolderFilter@4834e816, org.springframework.security.web.header.HeaderWriterFilter@fadd58, org.springframework.web.filter.CorsFilter@310cd0d2, org.springframework.security.web.authentication.logout.LogoutFilter@5c7df5f1, com.hotel.hotel_backend.config.JWTAuthFilter@67167f8f, org.springframework.security.web.savedrequest.RequestCacheAwareFilter@3045fbb4, org.springframework.security.web.servletapi.SecurityContextHolderAwareRequestFilter@411b3740, org.springframework.security.web.authentication.AnonymousAuthenticationFilter@3f698ab8, org.springframework.security.web.session.SessionManagementFilter@56c45636, org.springframework.security.web.access.ExceptionTranslationFilter@aca89a3, org.springframework.security.web.access.intercept.AuthorizationFilter@45e6b8fa]
2026-04-02 22:18:53 [main] WARN  o.s.b.w.s.c.AnnotationConfigServletWebServerApplicationContext - Exception encountered during context initialization - cancelling refresh attempt: org.springframework.context.ApplicationContextException: Failed to start bean 'webServerStartStop'
2026-04-02 22:18:53 [main] INFO  o.s.o.j.LocalContainerEntityManagerFactoryBean - Closing JPA EntityManagerFactory for persistence unit 'default'
2026-04-02 22:18:53 [main] INFO  com.zaxxer.hikari.HikariDataSource - HikariPool-1 - Shutdown initiated...
2026-04-02 22:18:53 [main] INFO  com.zaxxer.hikari.HikariDataSource - HikariPool-1 - Shutdown completed.
2026-04-02 22:18:53 [main] INFO  o.s.b.a.l.ConditionEvaluationReportLogger - 

Error starting ApplicationContext. To display the condition evaluation report re-run your application with 'debug' enabled.
2026-04-02 22:18:53 [main] ERROR o.s.b.d.LoggingFailureAnalysisReporter - 

***************************
APPLICATION FAILED TO START
***************************

Description:

Web server failed to start. Port 8081 was already in use.

Action:

Identify and stop the process that's listening on port 8081 or configure this application to listen on another port.

2026-04-02 22:19:05 [http-nio-8081-exec-2] INFO  o.a.c.c.C.[Tomcat].[localhost].[/] - Initializing Spring DispatcherServlet 'dispatcherServlet'
2026-04-02 22:19:05 [http-nio-8081-exec-2] INFO  o.s.web.servlet.DispatcherServlet - Initializing Servlet 'dispatcherServlet'
2026-04-02 22:19:05 [http-nio-8081-exec-2] INFO  o.s.web.servlet.DispatcherServlet - Completed initialization in 4 ms
2026-04-02 22:19:05 [http-nio-8081-exec-1] WARN  o.s.w.s.h.HandlerMappingIntrospector - Cache miss for REQUEST dispatch to '/api/hotels/locations' (previous null). Performing MatchableHandlerMapping lookup. This is logged once only at WARN level, and every time at TRACE.
2026-04-02 22:19:05 [http-nio-8081-exec-2] INFO  c.h.h.controller.HotelController - GET /api/hotels
2026-04-02 22:19:05 [http-nio-8081-exec-2] INFO  c.h.h.service.HotelService - Fetched 50 hotels
2026-04-02 22:19:05 [http-nio-8081-exec-4] INFO  c.h.h.controller.HotelController - GET /api/hotels
2026-04-02 22:19:05 [http-nio-8081-exec-4] INFO  c.h.h.service.HotelService - Fetched 50 hotels
2026-04-02 22:19:15 [http-nio-8081-exec-8] INFO  c.h.h.controller.HotelController - GET /api/rooms/search?location=Chennai&checkIn=2026-04-02&checkOut=2026-04-03
2026-04-02 22:19:15 [http-nio-8081-exec-8] INFO  c.h.h.service.HotelService - Found 7 available rooms in Chennai from 2026-04-02 to 2026-04-03
2026-04-02 22:19:15 [http-nio-8081-exec-5] INFO  c.h.h.controller.HotelController - GET /api/rooms/search?location=Chennai&checkIn=2026-04-02&checkOut=2026-04-03
2026-04-02 22:19:15 [http-nio-8081-exec-5] INFO  c.h.h.service.HotelService - Found 7 available rooms in Chennai from 2026-04-02 to 2026-04-03
2026-04-02 22:19:21 [http-nio-8081-exec-7] INFO  c.h.h.controller.HotelController - GET /api/rooms/search?location=Coimbatore&checkIn=2026-04-02&checkOut=2026-04-03
2026-04-02 22:19:21 [http-nio-8081-exec-7] INFO  c.h.h.service.HotelService - Found 4 available rooms in Coimbatore from 2026-04-02 to 2026-04-03
2026-04-02 22:21:39 [main] INFO  c.h.h.HotelBackendApplication - Starting HotelBackendApplication using Java 21.0.10 with PID 15996 (C:\Users\girid\Desktop\HotelBooking\hotel-backend\target\classes started by girid in C:\Users\girid\Desktop\HotelBooking\hotel-backend)
2026-04-02 22:21:39 [main] DEBUG c.h.h.HotelBackendApplication - Running with Spring Boot v3.2.0, Spring v6.1.1
2026-04-02 22:21:39 [main] INFO  c.h.h.HotelBackendApplication - No active profile set, falling back to 1 default profile: "default"
2026-04-02 22:21:40 [main] INFO  o.s.d.r.c.RepositoryConfigurationDelegate - Bootstrapping Spring Data JPA repositories in DEFAULT mode.
2026-04-02 22:21:40 [main] INFO  o.s.d.r.c.RepositoryConfigurationDelegate - Finished Spring Data repository scanning in 73 ms. Found 4 JPA repository interfaces.
2026-04-02 22:21:40 [main] INFO  o.s.b.w.e.tomcat.TomcatWebServer - Tomcat initialized with port 8081 (http)
2026-04-02 22:21:40 [main] INFO  o.a.catalina.core.StandardService - Starting service [Tomcat]
2026-04-02 22:21:41 [main] INFO  o.a.catalina.core.StandardEngine - Starting Servlet engine: [Apache Tomcat/10.1.16]
2026-04-02 22:21:41 [main] INFO  o.a.c.c.C.[Tomcat].[localhost].[/] - Initializing Spring embedded WebApplicationContext
2026-04-02 22:21:41 [main] INFO  o.s.b.w.s.c.ServletWebServerApplicationContext - Root WebApplicationContext: initialization completed in 1612 ms
2026-04-02 22:21:41 [main] INFO  o.h.jpa.internal.util.LogHelper - HHH000204: Processing PersistenceUnitInfo [name: default]
2026-04-02 22:21:41 [main] INFO  org.hibernate.Version - HHH000412: Hibernate ORM core version 6.3.1.Final
2026-04-02 22:21:41 [main] INFO  o.h.c.i.RegionFactoryInitiator - HHH000026: Second-level cache disabled
2026-04-02 22:21:41 [main] INFO  o.s.o.j.p.SpringPersistenceUnitInfo - No LoadTimeWeaver setup: ignoring JPA class transformer
2026-04-02 22:21:41 [main] INFO  com.zaxxer.hikari.HikariDataSource - HikariPool-1 - Starting...
2026-04-02 22:21:41 [main] INFO  com.zaxxer.hikari.pool.HikariPool - HikariPool-1 - Added connection com.mysql.cj.jdbc.ConnectionImpl@4fa0ee7e
2026-04-02 22:21:41 [main] INFO  com.zaxxer.hikari.HikariDataSource - HikariPool-1 - Start completed.
2026-04-02 22:21:41 [main] WARN  org.hibernate.orm.deprecation - HHH90000025: MySQLDialect does not need to be specified explicitly using 'hibernate.dialect' (remove the property setting and it will be selected by default)
2026-04-02 22:21:42 [main] INFO  o.h.e.t.j.p.i.JtaPlatformInitiator - HHH000489: No JTA platform available (set 'hibernate.transaction.jta.platform' to enable JTA platform integration)
2026-04-02 22:21:42 [main] INFO  o.s.o.j.LocalContainerEntityManagerFactoryBean - Initialized JPA EntityManagerFactory for persistence unit 'default'
2026-04-02 22:21:43 [main] DEBUG c.h.h.config.JWTAuthFilter - Filter 'JWTAuthFilter' configured for use
2026-04-02 22:21:43 [main] INFO  o.s.d.j.r.query.QueryEnhancerFactory - Hibernate is in classpath; If applicable, HQL parser will be used.
2026-04-02 22:21:43 [main] WARN  o.s.b.a.o.j.JpaBaseConfiguration$JpaWebConfiguration - spring.jpa.open-in-view is enabled by default. Therefore, database queries may be performed during view rendering. Explicitly configure spring.jpa.open-in-view to disable this warning
2026-04-02 22:21:44 [main] INFO  o.s.s.web.DefaultSecurityFilterChain - Will secure any request with [org.springframework.security.web.session.DisableEncodeUrlFilter@2b7b2967, org.springframework.security.web.context.request.async.WebAsyncManagerIntegrationFilter@5baa759a, org.springframework.security.web.context.SecurityContextHolderFilter@4834e816, org.springframework.security.web.header.HeaderWriterFilter@fadd58, org.springframework.web.filter.CorsFilter@310cd0d2, org.springframework.security.web.authentication.logout.LogoutFilter@5c7df5f1, com.hotel.hotel_backend.config.JWTAuthFilter@67167f8f, org.springframework.security.web.savedrequest.RequestCacheAwareFilter@3045fbb4, org.springframework.security.web.servletapi.SecurityContextHolderAwareRequestFilter@411b3740, org.springframework.security.web.authentication.AnonymousAuthenticationFilter@3f698ab8, org.springframework.security.web.session.SessionManagementFilter@56c45636, org.springframework.security.web.access.ExceptionTranslationFilter@aca89a3, org.springframework.security.web.access.intercept.AuthorizationFilter@45e6b8fa]
2026-04-02 22:21:44 [main] WARN  o.s.b.w.s.c.AnnotationConfigServletWebServerApplicationContext - Exception encountered during context initialization - cancelling refresh attempt: org.springframework.context.ApplicationContextException: Failed to start bean 'webServerStartStop'
2026-04-02 22:21:44 [main] INFO  o.s.o.j.LocalContainerEntityManagerFactoryBean - Closing JPA EntityManagerFactory for persistence unit 'default'
2026-04-02 22:21:44 [main] INFO  com.zaxxer.hikari.HikariDataSource - HikariPool-1 - Shutdown initiated...
2026-04-02 22:21:44 [main] INFO  com.zaxxer.hikari.HikariDataSource - HikariPool-1 - Shutdown completed.
2026-04-02 22:21:44 [main] INFO  o.s.b.a.l.ConditionEvaluationReportLogger - 

Error starting ApplicationContext. To display the condition evaluation report re-run your application with 'debug' enabled.
2026-04-02 22:21:44 [main] ERROR o.s.b.d.LoggingFailureAnalysisReporter - 

***************************
APPLICATION FAILED TO START
***************************

Description:

Web server failed to start. Port 8081 was already in use.

Action:

Identify and stop the process that's listening on port 8081 or configure this application to listen on another port.

2026-04-02 22:23:28 [main] INFO  c.h.h.HotelBackendApplication - Starting HotelBackendApplication using Java 21.0.10 with PID 19692 (C:\Users\girid\Desktop\HotelBooking\hotel-backend\target\classes started by girid in C:\Users\girid\Desktop\HotelBooking\hotel-backend)
2026-04-02 22:23:28 [main] DEBUG c.h.h.HotelBackendApplication - Running with Spring Boot v3.2.0, Spring v6.1.1
2026-04-02 22:23:28 [main] INFO  c.h.h.HotelBackendApplication - No active profile set, falling back to 1 default profile: "default"
2026-04-02 22:23:29 [main] INFO  o.s.d.r.c.RepositoryConfigurationDelegate - Bootstrapping Spring Data JPA repositories in DEFAULT mode.
2026-04-02 22:23:29 [main] INFO  o.s.d.r.c.RepositoryConfigurationDelegate - Finished Spring Data repository scanning in 90 ms. Found 4 JPA repository interfaces.
2026-04-02 22:23:30 [main] INFO  o.s.b.w.e.tomcat.TomcatWebServer - Tomcat initialized with port 8081 (http)
2026-04-02 22:23:30 [main] INFO  o.a.catalina.core.StandardService - Starting service [Tomcat]
2026-04-02 22:23:30 [main] INFO  o.a.catalina.core.StandardEngine - Starting Servlet engine: [Apache Tomcat/10.1.16]
2026-04-02 22:23:30 [main] INFO  o.a.c.c.C.[Tomcat].[localhost].[/] - Initializing Spring embedded WebApplicationContext
2026-04-02 22:23:30 [main] INFO  o.s.b.w.s.c.ServletWebServerApplicationContext - Root WebApplicationContext: initialization completed in 1754 ms
2026-04-02 22:23:30 [main] INFO  o.h.jpa.internal.util.LogHelper - HHH000204: Processing PersistenceUnitInfo [name: default]
2026-04-02 22:23:30 [main] INFO  org.hibernate.Version - HHH000412: Hibernate ORM core version 6.3.1.Final
2026-04-02 22:23:30 [main] INFO  o.h.c.i.RegionFactoryInitiator - HHH000026: Second-level cache disabled
2026-04-02 22:23:31 [main] INFO  o.s.o.j.p.SpringPersistenceUnitInfo - No LoadTimeWeaver setup: ignoring JPA class transformer
2026-04-02 22:23:31 [main] INFO  com.zaxxer.hikari.HikariDataSource - HikariPool-1 - Starting...
2026-04-02 22:23:31 [main] INFO  com.zaxxer.hikari.pool.HikariPool - HikariPool-1 - Added connection com.mysql.cj.jdbc.ConnectionImpl@4fa0ee7e
2026-04-02 22:23:31 [main] INFO  com.zaxxer.hikari.HikariDataSource - HikariPool-1 - Start completed.
2026-04-02 22:23:31 [main] WARN  org.hibernate.orm.deprecation - HHH90000025: MySQLDialect does not need to be specified explicitly using 'hibernate.dialect' (remove the property setting and it will be selected by default)
2026-04-02 22:23:32 [main] INFO  o.h.e.t.j.p.i.JtaPlatformInitiator - HHH000489: No JTA platform available (set 'hibernate.transaction.jta.platform' to enable JTA platform integration)
2026-04-02 22:23:32 [main] INFO  o.s.o.j.LocalContainerEntityManagerFactoryBean - Initialized JPA EntityManagerFactory for persistence unit 'default'
2026-04-02 22:23:32 [main] DEBUG c.h.h.config.JWTAuthFilter - Filter 'JWTAuthFilter' configured for use
2026-04-02 22:23:32 [main] INFO  o.s.d.j.r.query.QueryEnhancerFactory - Hibernate is in classpath; If applicable, HQL parser will be used.
2026-04-02 22:23:33 [main] WARN  o.s.b.a.o.j.JpaBaseConfiguration$JpaWebConfiguration - spring.jpa.open-in-view is enabled by default. Therefore, database queries may be performed during view rendering. Explicitly configure spring.jpa.open-in-view to disable this warning
2026-04-02 22:23:33 [main] INFO  o.s.s.web.DefaultSecurityFilterChain - Will secure any request with [org.springframework.security.web.session.DisableEncodeUrlFilter@2b7b2967, org.springframework.security.web.context.request.async.WebAsyncManagerIntegrationFilter@5baa759a, org.springframework.security.web.context.SecurityContextHolderFilter@4834e816, org.springframework.security.web.header.HeaderWriterFilter@fadd58, org.springframework.web.filter.CorsFilter@310cd0d2, org.springframework.security.web.authentication.logout.LogoutFilter@5c7df5f1, com.hotel.hotel_backend.config.JWTAuthFilter@733345f5, org.springframework.security.web.savedrequest.RequestCacheAwareFilter@3045fbb4, org.springframework.security.web.servletapi.SecurityContextHolderAwareRequestFilter@411b3740, org.springframework.security.web.authentication.AnonymousAuthenticationFilter@3f698ab8, org.springframework.security.web.session.SessionManagementFilter@56c45636, org.springframework.security.web.access.ExceptionTranslationFilter@aca89a3, org.springframework.security.web.access.intercept.AuthorizationFilter@45e6b8fa]
2026-04-02 22:23:34 [main] INFO  o.s.b.w.e.tomcat.TomcatWebServer - Tomcat started on port 8081 (http) with context path ''
2026-04-02 22:23:34 [main] INFO  c.h.h.HotelBackendApplication - Started HotelBackendApplication in 5.761 seconds (process running for 6.113)
2026-04-02 22:23:47 [http-nio-8081-exec-1] INFO  o.a.c.c.C.[Tomcat].[localhost].[/] - Initializing Spring DispatcherServlet 'dispatcherServlet'
2026-04-02 22:23:47 [http-nio-8081-exec-1] INFO  o.s.web.servlet.DispatcherServlet - Initializing Servlet 'dispatcherServlet'
2026-04-02 22:23:47 [http-nio-8081-exec-1] INFO  o.s.web.servlet.DispatcherServlet - Completed initialization in 3 ms
2026-04-02 22:23:47 [http-nio-8081-exec-1] WARN  o.s.w.s.h.HandlerMappingIntrospector - Cache miss for REQUEST dispatch to '/api/hotels/7' (previous null). Performing MatchableHandlerMapping lookup. This is logged once only at WARN level, and every time at TRACE.
2026-04-02 22:23:47 [http-nio-8081-exec-1] INFO  c.h.h.controller.HotelController - GET /api/hotels/7
2026-04-02 22:23:47 [http-nio-8081-exec-2] INFO  c.h.h.controller.HotelController - GET /api/hotels/7
2026-04-02 22:24:07 [http-nio-8081-exec-5] INFO  c.h.h.controller.AuthController - POST /api/auth/login - email: giridharyuvaraj07@gmail.com
2026-04-02 22:24:07 [http-nio-8081-exec-5] INFO  c.h.h.service.UserService - Login attempt for email: giridharyuvaraj07@gmail.com
2026-04-02 22:24:07 [http-nio-8081-exec-5] DEBUG c.h.h.s.CustomUserDetailsService - Loading user by email: giridharyuvaraj07@gmail.com
2026-04-02 22:24:07 [http-nio-8081-exec-5] WARN  c.h.h.e.GlobalExceptionHandler - Bad credentials attempt
2026-04-02 22:24:46 [http-nio-8081-exec-4] INFO  c.h.h.controller.AuthController - POST /api/auth/register - email: hari@gmail.com
2026-04-02 22:24:46 [http-nio-8081-exec-4] INFO  c.h.h.service.UserService - Registering new user with email: hari@gmail.com
2026-04-02 22:24:46 [http-nio-8081-exec-4] INFO  c.h.h.service.UserService - User registered successfully with id: 1
2026-04-02 22:24:46 [http-nio-8081-exec-7] INFO  c.h.h.controller.AuthController - POST /api/auth/login - email: hari@gmail.com
2026-04-02 22:24:46 [http-nio-8081-exec-7] INFO  c.h.h.service.UserService - Login attempt for email: hari@gmail.com
2026-04-02 22:24:46 [http-nio-8081-exec-7] DEBUG c.h.h.s.CustomUserDetailsService - Loading user by email: hari@gmail.com
2026-04-02 22:24:47 [http-nio-8081-exec-7] INFO  c.h.h.service.UserService - User logged in successfully: hari@gmail.com
2026-04-02 22:24:47 [http-nio-8081-exec-8] DEBUG c.h.h.s.CustomUserDetailsService - Loading user by email: hari@gmail.com
2026-04-02 22:24:47 [http-nio-8081-exec-2] DEBUG c.h.h.s.CustomUserDetailsService - Loading user by email: hari@gmail.com
2026-04-02 22:24:47 [http-nio-8081-exec-8] DEBUG c.h.h.config.JWTAuthFilter - Authenticated user: hari@gmail.com for URI: /api/hotels
2026-04-02 22:24:47 [http-nio-8081-exec-2] DEBUG c.h.h.config.JWTAuthFilter - Authenticated user: hari@gmail.com for URI: /api/hotels/locations
2026-04-02 22:24:47 [http-nio-8081-exec-8] INFO  c.h.h.controller.HotelController - GET /api/hotels
2026-04-02 22:24:47 [http-nio-8081-exec-3] DEBUG c.h.h.s.CustomUserDetailsService - Loading user by email: hari@gmail.com
2026-04-02 22:24:47 [http-nio-8081-exec-3] DEBUG c.h.h.config.JWTAuthFilter - Authenticated user: hari@gmail.com for URI: /api/hotels/locations
2026-04-02 22:24:47 [http-nio-8081-exec-8] INFO  c.h.h.service.HotelService - Fetched 50 hotels
2026-04-02 22:24:47 [http-nio-8081-exec-5] DEBUG c.h.h.s.CustomUserDetailsService - Loading user by email: hari@gmail.com
2026-04-02 22:24:47 [http-nio-8081-exec-5] DEBUG c.h.h.config.JWTAuthFilter - Authenticated user: hari@gmail.com for URI: /api/hotels
2026-04-02 22:24:47 [http-nio-8081-exec-5] INFO  c.h.h.controller.HotelController - GET /api/hotels
2026-04-02 22:24:47 [http-nio-8081-exec-5] INFO  c.h.h.service.HotelService - Fetched 50 hotels
2026-04-02 22:24:50 [task-1] ERROR o.s.a.i.SimpleAsyncUncaughtExceptionHandler - Unexpected exception occurred invoking async method: public void com.hotel.hotel_backend.service.EmailService.sendRegistrationConfirmation(java.lang.String,java.lang.String)
org.springframework.mail.MailAuthenticationException: Authentication failed
	at org.springframework.mail.javamail.JavaMailSenderImpl.doSend(JavaMailSenderImpl.java:402)
	at org.springframework.mail.javamail.JavaMailSenderImpl.send(JavaMailSenderImpl.java:350)
	at org.springframework.mail.javamail.JavaMailSender.send(JavaMailSender.java:101)
	at com.hotel.hotel_backend.service.EmailService.sendRegistrationConfirmation(EmailService.java:36)
	at java.base/jdk.internal.reflect.DirectMethodHandleAccessor.invoke(DirectMethodHandleAccessor.java:103)
	at java.base/java.lang.reflect.Method.invoke(Method.java:580)
	at org.springframework.aop.support.AopUtils.invokeJoinpointUsingReflection(AopUtils.java:352)
	at org.springframework.aop.framework.ReflectiveMethodInvocation.invokeJoinpoint(ReflectiveMethodInvocation.java:196)
	at org.springframework.aop.framework.ReflectiveMethodInvocation.proceed(ReflectiveMethodInvocation.java:163)
	at org.springframework.aop.framework.CglibAopProxy$CglibMethodInvocation.proceed(CglibAopProxy.java:765)
	at org.springframework.aop.interceptor.AsyncExecutionInterceptor.lambda$invoke$0(AsyncExecutionInterceptor.java:115)
	at java.base/java.util.concurrent.FutureTask.run(FutureTask.java:317)
	at java.base/java.util.concurrent.ThreadPoolExecutor.runWorker(ThreadPoolExecutor.java:1144)
	at java.base/java.util.concurrent.ThreadPoolExecutor$Worker.run(ThreadPoolExecutor.java:642)
	at java.base/java.lang.Thread.run(Thread.java:1583)
Caused by: jakarta.mail.AuthenticationFailedException: 535-5.7.8 Username and Password not accepted. For more information, go to
535 5.7.8  https://support.google.com/mail/?p=BadCredentials 98e67ed59e1d1-35dbe93661fsm8853951a91.11 - gsmtp

	at org.eclipse.angus.mail.smtp.SMTPTransport$Authenticator.authenticate(SMTPTransport.java:954)
	at org.eclipse.angus.mail.smtp.SMTPTransport.authenticate(SMTPTransport.java:865)
	at org.eclipse.angus.mail.smtp.SMTPTransport.protocolConnect(SMTPTransport.java:769)
	at jakarta.mail.Service.connect(Service.java:345)
	at org.springframework.mail.javamail.JavaMailSenderImpl.connectTransport(JavaMailSenderImpl.java:480)
	at org.springframework.mail.javamail.JavaMailSenderImpl.doSend(JavaMailSenderImpl.java:399)
	... 14 common frames omitted
2026-04-02 22:25:00 [http-nio-8081-exec-7] DEBUG c.h.h.s.CustomUserDetailsService - Loading user by email: hari@gmail.com
2026-04-02 22:25:00 [http-nio-8081-exec-7] DEBUG c.h.h.config.JWTAuthFilter - Authenticated user: hari@gmail.com for URI: /api/hotels/1
2026-04-02 22:25:00 [http-nio-8081-exec-7] INFO  c.h.h.controller.HotelController - GET /api/hotels/1
2026-04-02 22:25:00 [http-nio-8081-exec-10] DEBUG c.h.h.s.CustomUserDetailsService - Loading user by email: hari@gmail.com
2026-04-02 22:25:00 [http-nio-8081-exec-10] DEBUG c.h.h.config.JWTAuthFilter - Authenticated user: hari@gmail.com for URI: /api/hotels/1
2026-04-02 22:25:00 [http-nio-8081-exec-10] INFO  c.h.h.controller.HotelController - GET /api/hotels/1
2026-04-02 22:25:09 [http-nio-8081-exec-9] DEBUG c.h.h.s.CustomUserDetailsService - Loading user by email: hari@gmail.com
2026-04-02 22:25:09 [http-nio-8081-exec-9] DEBUG c.h.h.config.JWTAuthFilter - Authenticated user: hari@gmail.com for URI: /api/bookings
2026-04-02 22:25:09 [http-nio-8081-exec-9] INFO  c.h.h.controller.BookingController - POST /api/bookings - user: 1
2026-04-02 22:25:09 [http-nio-8081-exec-9] INFO  c.h.h.service.BookingService - Creating booking for user 1 room 2
2026-04-02 22:25:09 [http-nio-8081-exec-9] INFO  c.h.h.service.BookingService - Booking created: 1 for user: 1
2026-04-02 22:25:12 [task-2] ERROR o.s.a.i.SimpleAsyncUncaughtExceptionHandler - Unexpected exception occurred invoking async method: public void com.hotel.hotel_backend.service.EmailService.sendBookingConfirmation(java.lang.String,java.lang.String,com.hotel.hotel_backend.entity.Booking)
org.springframework.mail.MailAuthenticationException: Authentication failed
	at org.springframework.mail.javamail.JavaMailSenderImpl.doSend(JavaMailSenderImpl.java:402)
	at org.springframework.mail.javamail.JavaMailSenderImpl.send(JavaMailSenderImpl.java:350)
	at org.springframework.mail.javamail.JavaMailSender.send(JavaMailSender.java:101)
	at com.hotel.hotel_backend.service.EmailService.sendBookingConfirmation(EmailService.java:52)
	at java.base/jdk.internal.reflect.DirectMethodHandleAccessor.invoke(DirectMethodHandleAccessor.java:103)
	at java.base/java.lang.reflect.Method.invoke(Method.java:580)
	at org.springframework.aop.support.AopUtils.invokeJoinpointUsingReflection(AopUtils.java:352)
	at org.springframework.aop.framework.ReflectiveMethodInvocation.invokeJoinpoint(ReflectiveMethodInvocation.java:196)
	at org.springframework.aop.framework.ReflectiveMethodInvocation.proceed(ReflectiveMethodInvocation.java:163)
	at org.springframework.aop.framework.CglibAopProxy$CglibMethodInvocation.proceed(CglibAopProxy.java:765)
	at org.springframework.aop.interceptor.AsyncExecutionInterceptor.lambda$invoke$0(AsyncExecutionInterceptor.java:115)
	at java.base/java.util.concurrent.FutureTask.run(FutureTask.java:317)
	at java.base/java.util.concurrent.ThreadPoolExecutor.runWorker(ThreadPoolExecutor.java:1144)
	at java.base/java.util.concurrent.ThreadPoolExecutor$Worker.run(ThreadPoolExecutor.java:642)
	at java.base/java.lang.Thread.run(Thread.java:1583)
Caused by: jakarta.mail.AuthenticationFailedException: 535-5.7.8 Username and Password not accepted. For more information, go to
535 5.7.8  https://support.google.com/mail/?p=BadCredentials d9443c01a7336-2b2749a348esm38571205ad.57 - gsmtp

	at org.eclipse.angus.mail.smtp.SMTPTransport$Authenticator.authenticate(SMTPTransport.java:954)
	at org.eclipse.angus.mail.smtp.SMTPTransport.authenticate(SMTPTransport.java:865)
	at org.eclipse.angus.mail.smtp.SMTPTransport.protocolConnect(SMTPTransport.java:769)
	at jakarta.mail.Service.connect(Service.java:345)
	at org.springframework.mail.javamail.JavaMailSenderImpl.connectTransport(JavaMailSenderImpl.java:480)
	at org.springframework.mail.javamail.JavaMailSenderImpl.doSend(JavaMailSenderImpl.java:399)
	... 14 common frames omitted
2026-04-02 22:25:24 [http-nio-8081-exec-8] DEBUG c.h.h.s.CustomUserDetailsService - Loading user by email: hari@gmail.com
2026-04-02 22:25:24 [http-nio-8081-exec-8] DEBUG c.h.h.config.JWTAuthFilter - Authenticated user: hari@gmail.com for URI: /api/bookings/my
2026-04-02 22:25:24 [http-nio-8081-exec-8] INFO  c.h.h.controller.BookingController - GET /api/bookings/my - user: 1
2026-04-02 22:25:24 [http-nio-8081-exec-5] DEBUG c.h.h.s.CustomUserDetailsService - Loading user by email: hari@gmail.com
2026-04-02 22:25:24 [http-nio-8081-exec-5] DEBUG c.h.h.config.JWTAuthFilter - Authenticated user: hari@gmail.com for URI: /api/bookings/my
2026-04-02 22:25:24 [http-nio-8081-exec-5] INFO  c.h.h.controller.BookingController - GET /api/bookings/my - user: 1
2026-04-02 22:25:35 [http-nio-8081-exec-6] DEBUG c.h.h.s.CustomUserDetailsService - Loading user by email: hari@gmail.com
2026-04-02 22:25:35 [http-nio-8081-exec-4] DEBUG c.h.h.s.CustomUserDetailsService - Loading user by email: hari@gmail.com
2026-04-02 22:25:35 [http-nio-8081-exec-4] DEBUG c.h.h.config.JWTAuthFilter - Authenticated user: hari@gmail.com for URI: /api/hotels
2026-04-02 22:25:35 [http-nio-8081-exec-6] DEBUG c.h.h.config.JWTAuthFilter - Authenticated user: hari@gmail.com for URI: /api/hotels/locations
2026-04-02 22:25:35 [http-nio-8081-exec-4] INFO  c.h.h.controller.HotelController - GET /api/hotels
2026-04-02 22:25:35 [http-nio-8081-exec-7] DEBUG c.h.h.s.CustomUserDetailsService - Loading user by email: hari@gmail.com
2026-04-02 22:25:35 [http-nio-8081-exec-7] DEBUG c.h.h.config.JWTAuthFilter - Authenticated user: hari@gmail.com for URI: /api/hotels/locations
2026-04-02 22:25:35 [http-nio-8081-exec-4] INFO  c.h.h.service.HotelService - Fetched 50 hotels
2026-04-02 22:25:35 [http-nio-8081-exec-10] DEBUG c.h.h.s.CustomUserDetailsService - Loading user by email: hari@gmail.com
2026-04-02 22:25:35 [http-nio-8081-exec-10] DEBUG c.h.h.config.JWTAuthFilter - Authenticated user: hari@gmail.com for URI: /api/hotels
2026-04-02 22:25:35 [http-nio-8081-exec-10] INFO  c.h.h.controller.HotelController - GET /api/hotels
2026-04-02 22:25:35 [http-nio-8081-exec-10] INFO  c.h.h.service.HotelService - Fetched 50 hotels
2026-04-02 22:34:08 [http-nio-8081-exec-6] DEBUG c.h.h.s.CustomUserDetailsService - Loading user by email: hari@gmail.com
2026-04-02 22:34:08 [http-nio-8081-exec-6] DEBUG c.h.h.config.JWTAuthFilter - Authenticated user: hari@gmail.com for URI: /api/hotels/2
2026-04-02 22:34:08 [http-nio-8081-exec-6] INFO  c.h.h.controller.HotelController - GET /api/hotels/2
2026-04-02 22:34:08 [http-nio-8081-exec-7] DEBUG c.h.h.s.CustomUserDetailsService - Loading user by email: hari@gmail.com
2026-04-02 22:34:08 [http-nio-8081-exec-7] DEBUG c.h.h.config.JWTAuthFilter - Authenticated user: hari@gmail.com for URI: /api/hotels/2
2026-04-02 22:34:08 [http-nio-8081-exec-7] INFO  c.h.h.controller.HotelController - GET /api/hotels/2
2026-04-02 22:34:29 [http-nio-8081-exec-4] DEBUG c.h.h.s.CustomUserDetailsService - Loading user by email: hari@gmail.com
2026-04-02 22:34:29 [http-nio-8081-exec-4] DEBUG c.h.h.config.JWTAuthFilter - Authenticated user: hari@gmail.com for URI: /api/bookings
2026-04-02 22:34:29 [http-nio-8081-exec-4] INFO  c.h.h.controller.BookingController - POST /api/bookings - user: 1
2026-04-02 22:34:29 [http-nio-8081-exec-4] INFO  c.h.h.service.BookingService - Creating booking for user 1 room 3
2026-04-02 22:34:29 [http-nio-8081-exec-4] INFO  c.h.h.service.BookingService - Booking created: 2 for user: 1
2026-04-02 22:34:29 [http-nio-8081-exec-1] DEBUG c.h.h.s.CustomUserDetailsService - Loading user by email: hari@gmail.com
2026-04-02 22:34:29 [http-nio-8081-exec-1] DEBUG c.h.h.config.JWTAuthFilter - Authenticated user: hari@gmail.com for URI: /api/payments/checkout/2
2026-04-02 22:34:29 [http-nio-8081-exec-1] ERROR c.h.h.e.GlobalExceptionHandler - Unexpected error occurred: No static resource api/payments/checkout/2.
org.springframework.web.servlet.resource.NoResourceFoundException: No static resource api/payments/checkout/2.
	at org.springframework.web.servlet.resource.ResourceHttpRequestHandler.handleRequest(ResourceHttpRequestHandler.java:585)
	at org.springframework.web.servlet.mvc.HttpRequestHandlerAdapter.handle(HttpRequestHandlerAdapter.java:52)
	at org.springframework.web.servlet.DispatcherServlet.doDispatch(DispatcherServlet.java:1089)
	at org.springframework.web.servlet.DispatcherServlet.doService(DispatcherServlet.java:979)
	at org.springframework.web.servlet.FrameworkServlet.processRequest(FrameworkServlet.java:1014)
	at org.springframework.web.servlet.FrameworkServlet.doPost(FrameworkServlet.java:914)
	at jakarta.servlet.http.HttpServlet.service(HttpServlet.java:590)
	at org.springframework.web.servlet.FrameworkServlet.service(FrameworkServlet.java:885)
	at jakarta.servlet.http.HttpServlet.service(HttpServlet.java:658)
	at org.apache.catalina.core.ApplicationFilterChain.internalDoFilter(ApplicationFilterChain.java:205)
	at org.apache.catalina.core.ApplicationFilterChain.doFilter(ApplicationFilterChain.java:149)
	at org.apache.tomcat.websocket.server.WsFilter.doFilter(WsFilter.java:51)
	at org.apache.catalina.core.ApplicationFilterChain.internalDoFilter(ApplicationFilterChain.java:174)
	at org.apache.catalina.core.ApplicationFilterChain.doFilter(ApplicationFilterChain.java:149)
	at org.springframework.web.filter.OncePerRequestFilter.doFilter(OncePerRequestFilter.java:110)
	at org.apache.catalina.core.ApplicationFilterChain.internalDoFilter(ApplicationFilterChain.java:174)
	at org.apache.catalina.core.ApplicationFilterChain.doFilter(ApplicationFilterChain.java:149)
	at org.springframework.security.web.FilterChainProxy.lambda$doFilterInternal$3(FilterChainProxy.java:231)
	at org.springframework.security.web.FilterChainProxy$VirtualFilterChain.doFilter(FilterChainProxy.java:365)
	at org.springframework.security.web.access.intercept.AuthorizationFilter.doFilter(AuthorizationFilter.java:100)
	at org.springframework.security.web.FilterChainProxy$VirtualFilterChain.doFilter(FilterChainProxy.java:374)
	at org.springframework.security.web.access.ExceptionTranslationFilter.doFilter(ExceptionTranslationFilter.java:126)
	at org.springframework.security.web.access.ExceptionTranslationFilter.doFilter(ExceptionTranslationFilter.java:120)
	at org.springframework.security.web.FilterChainProxy$VirtualFilterChain.doFilter(FilterChainProxy.java:374)
	at org.springframework.security.web.session.SessionManagementFilter.doFilter(SessionManagementFilter.java:131)
	at org.springframework.security.web.session.SessionManagementFilter.doFilter(SessionManagementFilter.java:85)
	at org.springframework.security.web.FilterChainProxy$VirtualFilterChain.doFilter(FilterChainProxy.java:374)
	at org.springframework.security.web.authentication.AnonymousAuthenticationFilter.doFilter(AnonymousAuthenticationFilter.java:100)
	at org.springframework.security.web.FilterChainProxy$VirtualFilterChain.doFilter(FilterChainProxy.java:374)
	at org.springframework.security.web.servletapi.SecurityContextHolderAwareRequestFilter.doFilter(SecurityContextHolderAwareRequestFilter.java:179)
	at org.springframework.security.web.FilterChainProxy$VirtualFilterChain.doFilter(FilterChainProxy.java:374)
	at org.springframework.security.web.savedrequest.RequestCacheAwareFilter.doFilter(RequestCacheAwareFilter.java:63)
	at org.springframework.security.web.FilterChainProxy$VirtualFilterChain.doFilter(FilterChainProxy.java:374)
	at com.hotel.hotel_backend.config.JWTAuthFilter.doFilterInternal(JWTAuthFilter.java:64)
	at org.springframework.web.filter.OncePerRequestFilter.doFilter(OncePerRequestFilter.java:116)
	at org.springframework.security.web.FilterChainProxy$VirtualFilterChain.doFilter(FilterChainProxy.java:374)
	at org.springframework.security.web.authentication.logout.LogoutFilter.doFilter(LogoutFilter.java:107)
	at org.springframework.security.web.authentication.logout.LogoutFilter.doFilter(LogoutFilter.java:93)
	at org.springframework.security.web.FilterChainProxy$VirtualFilterChain.doFilter(FilterChainProxy.java:374)
	at org.springframework.web.filter.CorsFilter.doFilterInternal(CorsFilter.java:91)
	at org.springframework.web.filter.OncePerRequestFilter.doFilter(OncePerRequestFilter.java:116)
	at org.springframework.security.web.FilterChainProxy$VirtualFilterChain.doFilter(FilterChainProxy.java:374)
	at org.springframework.security.web.header.HeaderWriterFilter.doHeadersAfter(HeaderWriterFilter.java:90)
	at org.springframework.security.web.header.HeaderWriterFilter.doFilterInternal(HeaderWriterFilter.java:75)
	at org.springframework.web.filter.OncePerRequestFilter.doFilter(OncePerRequestFilter.java:116)
	at org.springframework.security.web.FilterChainProxy$VirtualFilterChain.doFilter(FilterChainProxy.java:374)
	at org.springframework.security.web.context.SecurityContextHolderFilter.doFilter(SecurityContextHolderFilter.java:82)
	at org.springframework.security.web.context.SecurityContextHolderFilter.doFilter(SecurityContextHolderFilter.java:69)
	at org.springframework.security.web.FilterChainProxy$VirtualFilterChain.doFilter(FilterChainProxy.java:374)
	at org.springframework.security.web.context.request.async.WebAsyncManagerIntegrationFilter.doFilterInternal(WebAsyncManagerIntegrationFilter.java:62)
	at org.springframework.web.filter.OncePerRequestFilter.doFilter(OncePerRequestFilter.java:116)
	at org.springframework.security.web.FilterChainProxy$VirtualFilterChain.doFilter(FilterChainProxy.java:374)
	at org.springframework.security.web.session.DisableEncodeUrlFilter.doFilterInternal(DisableEncodeUrlFilter.java:42)
	at org.springframework.web.filter.OncePerRequestFilter.doFilter(OncePerRequestFilter.java:116)
	at org.springframework.security.web.FilterChainProxy$VirtualFilterChain.doFilter(FilterChainProxy.java:374)
	at org.springframework.security.web.FilterChainProxy.doFilterInternal(FilterChainProxy.java:233)
	at org.springframework.security.web.FilterChainProxy.doFilter(FilterChainProxy.java:191)
	at org.springframework.web.filter.DelegatingFilterProxy.invokeDelegate(DelegatingFilterProxy.java:352)
	at org.springframework.web.filter.DelegatingFilterProxy.doFilter(DelegatingFilterProxy.java:268)
	at org.apache.catalina.core.ApplicationFilterChain.internalDoFilter(ApplicationFilterChain.java:174)
	at org.apache.catalina.core.ApplicationFilterChain.doFilter(ApplicationFilterChain.java:149)
	at org.springframework.web.filter.RequestContextFilter.doFilterInternal(RequestContextFilter.java:100)
	at org.springframework.web.filter.OncePerRequestFilter.doFilter(OncePerRequestFilter.java:116)
	at org.apache.catalina.core.ApplicationFilterChain.internalDoFilter(ApplicationFilterChain.java:174)
	at org.apache.catalina.core.ApplicationFilterChain.doFilter(ApplicationFilterChain.java:149)
	at org.springframework.web.filter.FormContentFilter.doFilterInternal(FormContentFilter.java:93)
	at org.springframework.web.filter.OncePerRequestFilter.doFilter(OncePerRequestFilter.java:116)
	at org.apache.catalina.core.ApplicationFilterChain.internalDoFilter(ApplicationFilterChain.java:174)
	at org.apache.catalina.core.ApplicationFilterChain.doFilter(ApplicationFilterChain.java:149)
	at org.springframework.web.filter.CharacterEncodingFilter.doFilterInternal(CharacterEncodingFilter.java:201)
	at org.springframework.web.filter.OncePerRequestFilter.doFilter(OncePerRequestFilter.java:116)
	at org.apache.catalina.core.ApplicationFilterChain.internalDoFilter(ApplicationFilterChain.java:174)
	at org.apache.catalina.core.ApplicationFilterChain.doFilter(ApplicationFilterChain.java:149)
	at org.apache.catalina.core.StandardWrapperValve.invoke(StandardWrapperValve.java:167)
	at org.apache.catalina.core.StandardContextValve.invoke(StandardContextValve.java:90)
	at org.apache.catalina.authenticator.AuthenticatorBase.invoke(AuthenticatorBase.java:482)
	at org.apache.catalina.core.StandardHostValve.invoke(StandardHostValve.java:115)
	at org.apache.catalina.valves.ErrorReportValve.invoke(ErrorReportValve.java:93)
	at org.apache.catalina.core.StandardEngineValve.invoke(StandardEngineValve.java:74)
	at org.apache.catalina.connector.CoyoteAdapter.service(CoyoteAdapter.java:340)
	at org.apache.coyote.http11.Http11Processor.service(Http11Processor.java:391)
	at org.apache.coyote.AbstractProcessorLight.process(AbstractProcessorLight.java:63)
	at org.apache.coyote.AbstractProtocol$ConnectionHandler.process(AbstractProtocol.java:896)
	at org.apache.tomcat.util.net.NioEndpoint$SocketProcessor.doRun(NioEndpoint.java:1744)
	at org.apache.tomcat.util.net.SocketProcessorBase.run(SocketProcessorBase.java:52)
	at org.apache.tomcat.util.threads.ThreadPoolExecutor.runWorker(ThreadPoolExecutor.java:1191)
	at org.apache.tomcat.util.threads.ThreadPoolExecutor$Worker.run(ThreadPoolExecutor.java:659)
	at org.apache.tomcat.util.threads.TaskThread$WrappingRunnable.run(TaskThread.java:61)
	at java.base/java.lang.Thread.run(Thread.java:1583)
2026-04-02 22:34:34 [http-nio-8081-exec-2] DEBUG c.h.h.s.CustomUserDetailsService - Loading user by email: hari@gmail.com
2026-04-02 22:34:34 [http-nio-8081-exec-2] DEBUG c.h.h.config.JWTAuthFilter - Authenticated user: hari@gmail.com for URI: /api/bookings
2026-04-02 22:34:34 [http-nio-8081-exec-2] INFO  c.h.h.controller.BookingController - POST /api/bookings - user: 1
2026-04-02 22:34:34 [http-nio-8081-exec-2] INFO  c.h.h.service.BookingService - Creating booking for user 1 room 3
2026-04-02 22:34:34 [http-nio-8081-exec-2] WARN  c.h.h.e.GlobalExceptionHandler - Business exception: Room is already booked for the selected dates
2026-04-02 22:34:35 [task-3] ERROR o.s.a.i.SimpleAsyncUncaughtExceptionHandler - Unexpected exception occurred invoking async method: public void com.hotel.hotel_backend.service.EmailService.sendBookingConfirmation(java.lang.String,java.lang.String,com.hotel.hotel_backend.entity.Booking)
org.springframework.mail.MailAuthenticationException: Authentication failed
	at org.springframework.mail.javamail.JavaMailSenderImpl.doSend(JavaMailSenderImpl.java:402)
	at org.springframework.mail.javamail.JavaMailSenderImpl.send(JavaMailSenderImpl.java:350)
	at org.springframework.mail.javamail.JavaMailSender.send(JavaMailSender.java:101)
	at com.hotel.hotel_backend.service.EmailService.sendBookingConfirmation(EmailService.java:52)
	at java.base/jdk.internal.reflect.DirectMethodHandleAccessor.invoke(DirectMethodHandleAccessor.java:103)
	at java.base/java.lang.reflect.Method.invoke(Method.java:580)
	at org.springframework.aop.support.AopUtils.invokeJoinpointUsingReflection(AopUtils.java:352)
	at org.springframework.aop.framework.ReflectiveMethodInvocation.invokeJoinpoint(ReflectiveMethodInvocation.java:196)
	at org.springframework.aop.framework.ReflectiveMethodInvocation.proceed(ReflectiveMethodInvocation.java:163)
	at org.springframework.aop.framework.CglibAopProxy$CglibMethodInvocation.proceed(CglibAopProxy.java:765)
	at org.springframework.aop.interceptor.AsyncExecutionInterceptor.lambda$invoke$0(AsyncExecutionInterceptor.java:115)
	at java.base/java.util.concurrent.FutureTask.run(FutureTask.java:317)
	at java.base/java.util.concurrent.ThreadPoolExecutor.runWorker(ThreadPoolExecutor.java:1144)
	at java.base/java.util.concurrent.ThreadPoolExecutor$Worker.run(ThreadPoolExecutor.java:642)
	at java.base/java.lang.Thread.run(Thread.java:1583)
Caused by: jakarta.mail.AuthenticationFailedException: 535-5.7.8 Username and Password not accepted. For more information, go to
535 5.7.8  https://support.google.com/mail/?p=BadCredentials 98e67ed59e1d1-35dbe5e4ba7sm8452319a91.4 - gsmtp

	at org.eclipse.angus.mail.smtp.SMTPTransport$Authenticator.authenticate(SMTPTransport.java:954)
	at org.eclipse.angus.mail.smtp.SMTPTransport.authenticate(SMTPTransport.java:865)
	at org.eclipse.angus.mail.smtp.SMTPTransport.protocolConnect(SMTPTransport.java:769)
	at jakarta.mail.Service.connect(Service.java:345)
	at org.springframework.mail.javamail.JavaMailSenderImpl.connectTransport(JavaMailSenderImpl.java:480)
	at org.springframework.mail.javamail.JavaMailSenderImpl.doSend(JavaMailSenderImpl.java:399)
	... 14 common frames omitted
2026-04-02 22:34:35 [http-nio-8081-exec-3] DEBUG c.h.h.s.CustomUserDetailsService - Loading user by email: hari@gmail.com
2026-04-02 22:34:35 [http-nio-8081-exec-3] DEBUG c.h.h.config.JWTAuthFilter - Authenticated user: hari@gmail.com for URI: /api/bookings
2026-04-02 22:34:35 [http-nio-8081-exec-3] INFO  c.h.h.controller.BookingController - POST /api/bookings - user: 1
2026-04-02 22:34:35 [http-nio-8081-exec-3] INFO  c.h.h.service.BookingService - Creating booking for user 1 room 3
2026-04-02 22:34:35 [http-nio-8081-exec-3] WARN  c.h.h.e.GlobalExceptionHandler - Business exception: Room is already booked for the selected dates
2026-04-02 22:34:47 [http-nio-8081-exec-9] DEBUG c.h.h.s.CustomUserDetailsService - Loading user by email: hari@gmail.com
2026-04-02 22:34:47 [http-nio-8081-exec-9] DEBUG c.h.h.config.JWTAuthFilter - Authenticated user: hari@gmail.com for URI: /api/bookings/my
2026-04-02 22:34:47 [http-nio-8081-exec-9] INFO  c.h.h.controller.BookingController - GET /api/bookings/my - user: 1
2026-04-02 22:34:47 [http-nio-8081-exec-5] DEBUG c.h.h.s.CustomUserDetailsService - Loading user by email: hari@gmail.com
2026-04-02 22:34:47 [http-nio-8081-exec-5] DEBUG c.h.h.config.JWTAuthFilter - Authenticated user: hari@gmail.com for URI: /api/bookings/my
2026-04-02 22:34:47 [http-nio-8081-exec-5] INFO  c.h.h.controller.BookingController - GET /api/bookings/my - user: 1
2026-04-02 22:37:52 [SpringApplicationShutdownHook] INFO  o.s.o.j.LocalContainerEntityManagerFactoryBean - Closing JPA EntityManagerFactory for persistence unit 'default'
2026-04-02 22:37:52 [SpringApplicationShutdownHook] INFO  com.zaxxer.hikari.HikariDataSource - HikariPool-1 - Shutdown initiated...
2026-04-02 22:37:52 [SpringApplicationShutdownHook] INFO  com.zaxxer.hikari.HikariDataSource - HikariPool-1 - Shutdown completed.
2026-04-02 22:38:05 [main] INFO  c.h.h.HotelBackendApplication - Starting HotelBackendApplication using Java 21.0.10 with PID 26736 (C:\Users\girid\Desktop\HotelBooking\hotel-backend\target\classes started by girid in C:\Users\girid\Desktop\HotelBooking\hotel-backend)
2026-04-02 22:38:05 [main] DEBUG c.h.h.HotelBackendApplication - Running with Spring Boot v3.2.0, Spring v6.1.1
2026-04-02 22:38:05 [main] INFO  c.h.h.HotelBackendApplication - No active profile set, falling back to 1 default profile: "default"
2026-04-02 22:38:05 [main] INFO  o.s.d.r.c.RepositoryConfigurationDelegate - Bootstrapping Spring Data JPA repositories in DEFAULT mode.
2026-04-02 22:38:05 [main] INFO  o.s.d.r.c.RepositoryConfigurationDelegate - Finished Spring Data repository scanning in 60 ms. Found 4 JPA repository interfaces.
2026-04-02 22:38:06 [main] INFO  o.s.b.w.e.tomcat.TomcatWebServer - Tomcat initialized with port 8081 (http)
2026-04-02 22:38:06 [main] INFO  o.a.catalina.core.StandardService - Starting service [Tomcat]
2026-04-02 22:38:06 [main] INFO  o.a.catalina.core.StandardEngine - Starting Servlet engine: [Apache Tomcat/10.1.16]
2026-04-02 22:38:06 [main] INFO  o.a.c.c.C.[Tomcat].[localhost].[/] - Initializing Spring embedded WebApplicationContext
2026-04-02 22:38:06 [main] INFO  o.s.b.w.s.c.ServletWebServerApplicationContext - Root WebApplicationContext: initialization completed in 1500 ms
2026-04-02 22:38:06 [main] INFO  o.h.jpa.internal.util.LogHelper - HHH000204: Processing PersistenceUnitInfo [name: default]
2026-04-02 22:38:06 [main] INFO  org.hibernate.Version - HHH000412: Hibernate ORM core version 6.3.1.Final
2026-04-02 22:38:06 [main] INFO  o.h.c.i.RegionFactoryInitiator - HHH000026: Second-level cache disabled
2026-04-02 22:38:07 [main] INFO  o.s.o.j.p.SpringPersistenceUnitInfo - No LoadTimeWeaver setup: ignoring JPA class transformer
2026-04-02 22:38:07 [main] INFO  com.zaxxer.hikari.HikariDataSource - HikariPool-1 - Starting...
2026-04-02 22:38:07 [main] INFO  com.zaxxer.hikari.pool.HikariPool - HikariPool-1 - Added connection com.mysql.cj.jdbc.ConnectionImpl@6451a288
2026-04-02 22:38:07 [main] INFO  com.zaxxer.hikari.HikariDataSource - HikariPool-1 - Start completed.
2026-04-02 22:38:07 [main] WARN  org.hibernate.orm.deprecation - HHH90000025: MySQLDialect does not need to be specified explicitly using 'hibernate.dialect' (remove the property setting and it will be selected by default)
2026-04-02 22:38:08 [main] INFO  o.h.e.t.j.p.i.JtaPlatformInitiator - HHH000489: No JTA platform available (set 'hibernate.transaction.jta.platform' to enable JTA platform integration)
2026-04-02 22:38:08 [main] INFO  o.s.o.j.LocalContainerEntityManagerFactoryBean - Initialized JPA EntityManagerFactory for persistence unit 'default'
2026-04-02 22:38:09 [main] DEBUG c.h.h.config.JWTAuthFilter - Filter 'JWTAuthFilter' configured for use
2026-04-02 22:38:09 [main] INFO  o.s.d.j.r.query.QueryEnhancerFactory - Hibernate is in classpath; If applicable, HQL parser will be used.
2026-04-02 22:38:10 [main] WARN  o.s.b.a.o.j.JpaBaseConfiguration$JpaWebConfiguration - spring.jpa.open-in-view is enabled by default. Therefore, database queries may be performed during view rendering. Explicitly configure spring.jpa.open-in-view to disable this warning
2026-04-02 22:38:10 [main] INFO  o.s.s.web.DefaultSecurityFilterChain - Will secure any request with [org.springframework.security.web.session.DisableEncodeUrlFilter@6d7e973b, org.springframework.security.web.context.request.async.WebAsyncManagerIntegrationFilter@47955046, org.springframework.security.web.context.SecurityContextHolderFilter@7e762feb, org.springframework.security.web.header.HeaderWriterFilter@6b54dbd8, org.springframework.web.filter.CorsFilter@5bcc2416, org.springframework.security.web.authentication.logout.LogoutFilter@55be2608, com.hotel.hotel_backend.config.JWTAuthFilter@3f030217, org.springframework.security.web.savedrequest.RequestCacheAwareFilter@360c25f, org.springframework.security.web.servletapi.SecurityContextHolderAwareRequestFilter@6ac4f76a, org.springframework.security.web.authentication.AnonymousAuthenticationFilter@61b2ca5a, org.springframework.security.web.session.SessionManagementFilter@6c23667e, org.springframework.security.web.access.ExceptionTranslationFilter@57bbf4e5, org.springframework.security.web.access.intercept.AuthorizationFilter@705b4359]
2026-04-02 22:38:10 [main] INFO  o.s.b.w.e.tomcat.TomcatWebServer - Tomcat started on port 8081 (http) with context path ''
2026-04-02 22:38:10 [main] INFO  c.h.h.HotelBackendApplication - Started HotelBackendApplication in 6.161 seconds (process running for 6.572)
2026-04-02 22:38:17 [http-nio-8081-exec-1] INFO  o.a.c.c.C.[Tomcat].[localhost].[/] - Initializing Spring DispatcherServlet 'dispatcherServlet'
2026-04-02 22:38:17 [http-nio-8081-exec-1] INFO  o.s.web.servlet.DispatcherServlet - Initializing Servlet 'dispatcherServlet'
2026-04-02 22:38:17 [http-nio-8081-exec-1] INFO  o.s.web.servlet.DispatcherServlet - Completed initialization in 3 ms
2026-04-02 22:38:18 [http-nio-8081-exec-3] DEBUG c.h.h.s.CustomUserDetailsService - Loading user by email: hari@gmail.com
2026-04-02 22:38:18 [http-nio-8081-exec-1] DEBUG c.h.h.s.CustomUserDetailsService - Loading user by email: hari@gmail.com
2026-04-02 22:38:18 [http-nio-8081-exec-1] DEBUG c.h.h.config.JWTAuthFilter - Authenticated user: hari@gmail.com for URI: /api/hotels
2026-04-02 22:38:18 [http-nio-8081-exec-3] DEBUG c.h.h.config.JWTAuthFilter - Authenticated user: hari@gmail.com for URI: /api/hotels/locations
2026-04-02 22:38:18 [http-nio-8081-exec-3] WARN  o.s.w.s.h.HandlerMappingIntrospector - Cache miss for REQUEST dispatch to '/api/hotels/locations' (previous null). Performing MatchableHandlerMapping lookup. This is logged once only at WARN level, and every time at TRACE.
2026-04-02 22:38:18 [http-nio-8081-exec-1] INFO  c.h.h.controller.HotelController - GET /api/hotels
2026-04-02 22:38:18 [http-nio-8081-exec-1] INFO  c.h.h.service.HotelService - Fetched 50 hotels
2026-04-02 22:38:18 [http-nio-8081-exec-7] DEBUG c.h.h.s.CustomUserDetailsService - Loading user by email: hari@gmail.com
2026-04-02 22:38:18 [http-nio-8081-exec-7] DEBUG c.h.h.config.JWTAuthFilter - Authenticated user: hari@gmail.com for URI: /api/hotels/locations
2026-04-02 22:38:18 [http-nio-8081-exec-4] DEBUG c.h.h.s.CustomUserDetailsService - Loading user by email: hari@gmail.com
2026-04-02 22:38:18 [http-nio-8081-exec-4] DEBUG c.h.h.config.JWTAuthFilter - Authenticated user: hari@gmail.com for URI: /api/hotels
2026-04-02 22:38:18 [http-nio-8081-exec-4] INFO  c.h.h.controller.HotelController - GET /api/hotels
2026-04-02 22:38:18 [http-nio-8081-exec-4] INFO  c.h.h.service.HotelService - Fetched 50 hotels
2026-04-02 22:38:24 [http-nio-8081-exec-2] DEBUG c.h.h.s.CustomUserDetailsService - Loading user by email: hari@gmail.com
2026-04-02 22:38:24 [http-nio-8081-exec-2] DEBUG c.h.h.config.JWTAuthFilter - Authenticated user: hari@gmail.com for URI: /api/hotels/5
2026-04-02 22:38:24 [http-nio-8081-exec-2] INFO  c.h.h.controller.HotelController - GET /api/hotels/5
2026-04-02 22:38:25 [http-nio-8081-exec-9] DEBUG c.h.h.s.CustomUserDetailsService - Loading user by email: hari@gmail.com
2026-04-02 22:38:25 [http-nio-8081-exec-9] DEBUG c.h.h.config.JWTAuthFilter - Authenticated user: hari@gmail.com for URI: /api/hotels/5
2026-04-02 22:38:25 [http-nio-8081-exec-9] INFO  c.h.h.controller.HotelController - GET /api/hotels/5
2026-04-02 22:38:31 [http-nio-8081-exec-8] DEBUG c.h.h.s.CustomUserDetailsService - Loading user by email: hari@gmail.com
2026-04-02 22:38:31 [http-nio-8081-exec-8] DEBUG c.h.h.config.JWTAuthFilter - Authenticated user: hari@gmail.com for URI: /api/bookings
2026-04-02 22:38:31 [http-nio-8081-exec-8] INFO  c.h.h.controller.BookingController - POST /api/bookings - user: 1
2026-04-02 22:38:31 [http-nio-8081-exec-8] INFO  c.h.h.service.BookingService - Creating booking for user 1 room 11
2026-04-02 22:38:31 [http-nio-8081-exec-8] INFO  c.h.h.service.BookingService - Booking created: 3 for user: 1
2026-04-02 22:38:31 [http-nio-8081-exec-3] DEBUG c.h.h.s.CustomUserDetailsService - Loading user by email: hari@gmail.com
2026-04-02 22:38:31 [http-nio-8081-exec-3] DEBUG c.h.h.config.JWTAuthFilter - Authenticated user: hari@gmail.com for URI: /api/payments/checkout/3
2026-04-02 22:38:31 [http-nio-8081-exec-3] INFO  c.h.h.controller.PaymentController - POST /api/payments/checkout/3
2026-04-02 22:38:33 [http-nio-8081-exec-3] ERROR c.h.h.controller.PaymentController - Stripe error: Invalid API Key provided: sk_test_...
2026-04-02 22:38:34 [task-1] ERROR o.s.a.i.SimpleAsyncUncaughtExceptionHandler - Unexpected exception occurred invoking async method: public void com.hotel.hotel_backend.service.EmailService.sendBookingConfirmation(java.lang.String,java.lang.String,com.hotel.hotel_backend.entity.Booking)
org.springframework.mail.MailAuthenticationException: Authentication failed
	at org.springframework.mail.javamail.JavaMailSenderImpl.doSend(JavaMailSenderImpl.java:402)
	at org.springframework.mail.javamail.JavaMailSenderImpl.send(JavaMailSenderImpl.java:350)
	at org.springframework.mail.javamail.JavaMailSender.send(JavaMailSender.java:101)
	at com.hotel.hotel_backend.service.EmailService.sendBookingConfirmation(EmailService.java:52)
	at java.base/jdk.internal.reflect.DirectMethodHandleAccessor.invoke(DirectMethodHandleAccessor.java:103)
	at java.base/java.lang.reflect.Method.invoke(Method.java:580)
	at org.springframework.aop.support.AopUtils.invokeJoinpointUsingReflection(AopUtils.java:352)
	at org.springframework.aop.framework.ReflectiveMethodInvocation.invokeJoinpoint(ReflectiveMethodInvocation.java:196)
	at org.springframework.aop.framework.ReflectiveMethodInvocation.proceed(ReflectiveMethodInvocation.java:163)
	at org.springframework.aop.framework.CglibAopProxy$CglibMethodInvocation.proceed(CglibAopProxy.java:765)
	at org.springframework.aop.interceptor.AsyncExecutionInterceptor.lambda$invoke$0(AsyncExecutionInterceptor.java:115)
	at java.base/java.util.concurrent.FutureTask.run(FutureTask.java:317)
	at java.base/java.util.concurrent.ThreadPoolExecutor.runWorker(ThreadPoolExecutor.java:1144)
	at java.base/java.util.concurrent.ThreadPoolExecutor$Worker.run(ThreadPoolExecutor.java:642)
	at java.base/java.lang.Thread.run(Thread.java:1583)
Caused by: jakarta.mail.AuthenticationFailedException: 535-5.7.8 Username and Password not accepted. For more information, go to
535 5.7.8  https://support.google.com/mail/?p=BadCredentials d9443c01a7336-2b27472d55fsm47449025ad.11 - gsmtp

	at org.eclipse.angus.mail.smtp.SMTPTransport$Authenticator.authenticate(SMTPTransport.java:954)
	at org.eclipse.angus.mail.smtp.SMTPTransport.authenticate(SMTPTransport.java:865)
	at org.eclipse.angus.mail.smtp.SMTPTransport.protocolConnect(SMTPTransport.java:769)
	at jakarta.mail.Service.connect(Service.java:345)
	at org.springframework.mail.javamail.JavaMailSenderImpl.connectTransport(JavaMailSenderImpl.java:480)
	at org.springframework.mail.javamail.JavaMailSenderImpl.doSend(JavaMailSenderImpl.java:399)
	... 14 common frames omitted
2026-04-02 22:39:21 [http-nio-8081-exec-7] DEBUG c.h.h.s.CustomUserDetailsService - Loading user by email: hari@gmail.com
2026-04-02 22:39:21 [http-nio-8081-exec-7] DEBUG c.h.h.config.JWTAuthFilter - Authenticated user: hari@gmail.com for URI: /api/bookings
2026-04-02 22:39:21 [http-nio-8081-exec-7] INFO  c.h.h.controller.BookingController - POST /api/bookings - user: 1
2026-04-02 22:39:21 [http-nio-8081-exec-7] INFO  c.h.h.service.BookingService - Creating booking for user 1 room 11
2026-04-02 22:39:21 [http-nio-8081-exec-7] WARN  c.h.h.e.GlobalExceptionHandler - Business exception: Room is already booked for the selected dates
2026-04-02 22:40:18 [main] INFO  c.h.h.HotelBackendApplication - Starting HotelBackendApplication using Java 21.0.10 with PID 5916 (C:\Users\girid\Desktop\HotelBooking\hotel-backend\target\classes started by girid in C:\Users\girid\Desktop\HotelBooking\hotel-backend)
2026-04-02 22:40:18 [main] DEBUG c.h.h.HotelBackendApplication - Running with Spring Boot v3.2.0, Spring v6.1.1
2026-04-02 22:40:18 [main] INFO  c.h.h.HotelBackendApplication - No active profile set, falling back to 1 default profile: "default"
2026-04-02 22:40:19 [main] INFO  o.s.d.r.c.RepositoryConfigurationDelegate - Bootstrapping Spring Data JPA repositories in DEFAULT mode.
2026-04-02 22:40:19 [main] INFO  o.s.d.r.c.RepositoryConfigurationDelegate - Finished Spring Data repository scanning in 65 ms. Found 4 JPA repository interfaces.
2026-04-02 22:40:19 [main] INFO  o.s.b.w.e.tomcat.TomcatWebServer - Tomcat initialized with port 8081 (http)
2026-04-02 22:40:19 [main] INFO  o.a.catalina.core.StandardService - Starting service [Tomcat]
2026-04-02 22:40:19 [main] INFO  o.a.catalina.core.StandardEngine - Starting Servlet engine: [Apache Tomcat/10.1.16]
2026-04-02 22:40:19 [main] INFO  o.a.c.c.C.[Tomcat].[localhost].[/] - Initializing Spring embedded WebApplicationContext
2026-04-02 22:40:19 [main] INFO  o.s.b.w.s.c.ServletWebServerApplicationContext - Root WebApplicationContext: initialization completed in 1427 ms
2026-04-02 22:40:20 [main] INFO  o.h.jpa.internal.util.LogHelper - HHH000204: Processing PersistenceUnitInfo [name: default]
2026-04-02 22:40:20 [main] INFO  org.hibernate.Version - HHH000412: Hibernate ORM core version 6.3.1.Final
2026-04-02 22:40:20 [main] INFO  o.h.c.i.RegionFactoryInitiator - HHH000026: Second-level cache disabled
2026-04-02 22:40:20 [main] INFO  o.s.o.j.p.SpringPersistenceUnitInfo - No LoadTimeWeaver setup: ignoring JPA class transformer
2026-04-02 22:40:20 [main] INFO  com.zaxxer.hikari.HikariDataSource - HikariPool-1 - Starting...
2026-04-02 22:40:20 [main] INFO  com.zaxxer.hikari.pool.HikariPool - HikariPool-1 - Added connection com.mysql.cj.jdbc.ConnectionImpl@71ad959b
2026-04-02 22:40:20 [main] INFO  com.zaxxer.hikari.HikariDataSource - HikariPool-1 - Start completed.
2026-04-02 22:40:20 [main] WARN  org.hibernate.orm.deprecation - HHH90000025: MySQLDialect does not need to be specified explicitly using 'hibernate.dialect' (remove the property setting and it will be selected by default)
2026-04-02 22:40:21 [main] INFO  o.h.e.t.j.p.i.JtaPlatformInitiator - HHH000489: No JTA platform available (set 'hibernate.transaction.jta.platform' to enable JTA platform integration)
2026-04-02 22:40:21 [main] INFO  o.s.o.j.LocalContainerEntityManagerFactoryBean - Initialized JPA EntityManagerFactory for persistence unit 'default'
2026-04-02 22:40:21 [main] DEBUG c.h.h.config.JWTAuthFilter - Filter 'JWTAuthFilter' configured for use
2026-04-02 22:40:22 [main] INFO  o.s.d.j.r.query.QueryEnhancerFactory - Hibernate is in classpath; If applicable, HQL parser will be used.
2026-04-02 22:40:22 [main] WARN  o.s.b.a.o.j.JpaBaseConfiguration$JpaWebConfiguration - spring.jpa.open-in-view is enabled by default. Therefore, database queries may be performed during view rendering. Explicitly configure spring.jpa.open-in-view to disable this warning
2026-04-02 22:40:22 [main] INFO  o.s.s.web.DefaultSecurityFilterChain - Will secure any request with [org.springframework.security.web.session.DisableEncodeUrlFilter@66b962b4, org.springframework.security.web.context.request.async.WebAsyncManagerIntegrationFilter@5e6dcfa, org.springframework.security.web.context.SecurityContextHolderFilter@7094f0ae, org.springframework.security.web.header.HeaderWriterFilter@127abbbe, org.springframework.web.filter.CorsFilter@705b4359, org.springframework.security.web.authentication.logout.LogoutFilter@76466a5, com.hotel.hotel_backend.config.JWTAuthFilter@3f030217, org.springframework.security.web.savedrequest.RequestCacheAwareFilter@6c23667e, org.springframework.security.web.servletapi.SecurityContextHolderAwareRequestFilter@790e6eae, org.springframework.security.web.authentication.AnonymousAuthenticationFilter@734df10b, org.springframework.security.web.session.SessionManagementFilter@fcaf12a, org.springframework.security.web.access.ExceptionTranslationFilter@4fdc1a37, org.springframework.security.web.access.intercept.AuthorizationFilter@60ca607]
2026-04-02 22:40:23 [main] WARN  o.s.b.w.s.c.AnnotationConfigServletWebServerApplicationContext - Exception encountered during context initialization - cancelling refresh attempt: org.springframework.context.ApplicationContextException: Failed to start bean 'webServerStartStop'
2026-04-02 22:40:23 [main] INFO  o.s.o.j.LocalContainerEntityManagerFactoryBean - Closing JPA EntityManagerFactory for persistence unit 'default'
2026-04-02 22:40:23 [main] INFO  com.zaxxer.hikari.HikariDataSource - HikariPool-1 - Shutdown initiated...
2026-04-02 22:40:23 [main] INFO  com.zaxxer.hikari.HikariDataSource - HikariPool-1 - Shutdown completed.
2026-04-02 22:40:23 [main] INFO  o.s.b.a.l.ConditionEvaluationReportLogger - 

Error starting ApplicationContext. To display the condition evaluation report re-run your application with 'debug' enabled.
2026-04-02 22:40:23 [main] ERROR o.s.b.d.LoggingFailureAnalysisReporter - 

***************************
APPLICATION FAILED TO START
***************************

Description:

Web server failed to start. Port 8081 was already in use.

Action:

Identify and stop the process that's listening on port 8081 or configure this application to listen on another port.

2026-04-02 22:47:19 [SpringApplicationShutdownHook] INFO  o.s.o.j.LocalContainerEntityManagerFactoryBean - Closing JPA EntityManagerFactory for persistence unit 'default'
2026-04-02 22:47:19 [SpringApplicationShutdownHook] INFO  com.zaxxer.hikari.HikariDataSource - HikariPool-1 - Shutdown initiated...
2026-04-02 22:47:19 [SpringApplicationShutdownHook] INFO  com.zaxxer.hikari.HikariDataSource - HikariPool-1 - Shutdown completed.
2026-04-02 22:47:31 [main] INFO  c.h.h.HotelBackendApplication - Starting HotelBackendApplication using Java 21.0.10 with PID 24728 (C:\Users\girid\Desktop\HotelBooking\hotel-backend\target\classes started by girid in C:\Users\girid\Desktop\HotelBooking\hotel-backend)
2026-04-02 22:47:31 [main] DEBUG c.h.h.HotelBackendApplication - Running with Spring Boot v3.2.0, Spring v6.1.1
2026-04-02 22:47:31 [main] INFO  c.h.h.HotelBackendApplication - No active profile set, falling back to 1 default profile: "default"
2026-04-02 22:47:32 [main] INFO  o.s.d.r.c.RepositoryConfigurationDelegate - Bootstrapping Spring Data JPA repositories in DEFAULT mode.
2026-04-02 22:47:32 [main] INFO  o.s.d.r.c.RepositoryConfigurationDelegate - Finished Spring Data repository scanning in 94 ms. Found 4 JPA repository interfaces.
2026-04-02 22:47:33 [main] INFO  o.s.b.w.e.tomcat.TomcatWebServer - Tomcat initialized with port 8081 (http)
2026-04-02 22:47:33 [main] INFO  o.a.catalina.core.StandardService - Starting service [Tomcat]
2026-04-02 22:47:33 [main] INFO  o.a.catalina.core.StandardEngine - Starting Servlet engine: [Apache Tomcat/10.1.16]
2026-04-02 22:47:33 [main] INFO  o.a.c.c.C.[Tomcat].[localhost].[/] - Initializing Spring embedded WebApplicationContext
2026-04-02 22:47:33 [main] INFO  o.s.b.w.s.c.ServletWebServerApplicationContext - Root WebApplicationContext: initialization completed in 2143 ms
2026-04-02 22:47:33 [main] INFO  o.h.jpa.internal.util.LogHelper - HHH000204: Processing PersistenceUnitInfo [name: default]
2026-04-02 22:47:33 [main] INFO  org.hibernate.Version - HHH000412: Hibernate ORM core version 6.3.1.Final
2026-04-02 22:47:33 [main] INFO  o.h.c.i.RegionFactoryInitiator - HHH000026: Second-level cache disabled
2026-04-02 22:47:34 [main] INFO  o.s.o.j.p.SpringPersistenceUnitInfo - No LoadTimeWeaver setup: ignoring JPA class transformer
2026-04-02 22:47:34 [main] INFO  com.zaxxer.hikari.HikariDataSource - HikariPool-1 - Starting...
2026-04-02 22:47:34 [main] INFO  com.zaxxer.hikari.pool.HikariPool - HikariPool-1 - Added connection com.mysql.cj.jdbc.ConnectionImpl@6451a288
2026-04-02 22:47:34 [main] INFO  com.zaxxer.hikari.HikariDataSource - HikariPool-1 - Start completed.
2026-04-02 22:47:34 [main] WARN  org.hibernate.orm.deprecation - HHH90000025: MySQLDialect does not need to be specified explicitly using 'hibernate.dialect' (remove the property setting and it will be selected by default)
2026-04-02 22:47:35 [main] INFO  o.h.e.t.j.p.i.JtaPlatformInitiator - HHH000489: No JTA platform available (set 'hibernate.transaction.jta.platform' to enable JTA platform integration)
2026-04-02 22:47:35 [main] INFO  o.s.o.j.LocalContainerEntityManagerFactoryBean - Initialized JPA EntityManagerFactory for persistence unit 'default'
2026-04-02 22:47:36 [main] DEBUG c.h.h.config.JWTAuthFilter - Filter 'JWTAuthFilter' configured for use
2026-04-02 22:47:36 [main] INFO  o.s.d.j.r.query.QueryEnhancerFactory - Hibernate is in classpath; If applicable, HQL parser will be used.
2026-04-02 22:47:37 [main] WARN  o.s.b.a.o.j.JpaBaseConfiguration$JpaWebConfiguration - spring.jpa.open-in-view is enabled by default. Therefore, database queries may be performed during view rendering. Explicitly configure spring.jpa.open-in-view to disable this warning
2026-04-02 22:47:37 [main] INFO  o.s.s.web.DefaultSecurityFilterChain - Will secure any request with [org.springframework.security.web.session.DisableEncodeUrlFilter@705b4359, org.springframework.security.web.context.request.async.WebAsyncManagerIntegrationFilter@734df10b, org.springframework.security.web.context.SecurityContextHolderFilter@6c23667e, org.springframework.security.web.header.HeaderWriterFilter@13ea4f97, org.springframework.web.filter.CorsFilter@5ecc8114, org.springframework.security.web.authentication.logout.LogoutFilter@1f9c9485, com.hotel.hotel_backend.config.JWTAuthFilter@3f030217, org.springframework.security.web.savedrequest.RequestCacheAwareFilter@2e48f0a1, org.springframework.security.web.servletapi.SecurityContextHolderAwareRequestFilter@7e762feb, org.springframework.security.web.authentication.AnonymousAuthenticationFilter@6d7e973b, org.springframework.security.web.session.SessionManagementFilter@e937569, org.springframework.security.web.access.ExceptionTranslationFilter@127abbbe, org.springframework.security.web.access.intercept.AuthorizationFilter@76dea970]
2026-04-02 22:47:38 [main] INFO  o.s.b.w.e.tomcat.TomcatWebServer - Tomcat started on port 8081 (http) with context path ''
2026-04-02 22:47:38 [main] INFO  c.h.h.HotelBackendApplication - Started HotelBackendApplication in 7.783 seconds (process running for 8.231)
2026-04-02 22:47:41 [http-nio-8081-exec-1] INFO  o.a.c.c.C.[Tomcat].[localhost].[/] - Initializing Spring DispatcherServlet 'dispatcherServlet'
2026-04-02 22:47:41 [http-nio-8081-exec-1] INFO  o.s.web.servlet.DispatcherServlet - Initializing Servlet 'dispatcherServlet'
2026-04-02 22:47:41 [http-nio-8081-exec-1] INFO  o.s.web.servlet.DispatcherServlet - Completed initialization in 5 ms
2026-04-02 22:47:41 [http-nio-8081-exec-2] WARN  o.s.w.s.h.HandlerMappingIntrospector - Cache miss for REQUEST dispatch to '/api/hotels' (previous null). Performing MatchableHandlerMapping lookup. This is logged once only at WARN level, and every time at TRACE.
2026-04-02 22:47:41 [http-nio-8081-exec-2] INFO  c.h.h.controller.HotelController - GET /api/hotels
2026-04-02 22:47:41 [http-nio-8081-exec-2] INFO  c.h.h.service.HotelService - Fetched 50 hotels
2026-04-02 22:47:42 [http-nio-8081-exec-4] INFO  c.h.h.controller.HotelController - GET /api/hotels
2026-04-02 22:47:42 [http-nio-8081-exec-4] INFO  c.h.h.service.HotelService - Fetched 50 hotels
2026-04-02 22:48:12 [http-nio-8081-exec-7] INFO  c.h.h.controller.AuthController - POST /api/auth/register - email: jana@gmail.com
2026-04-02 22:48:12 [http-nio-8081-exec-7] INFO  c.h.h.service.UserService - Registering new user with email: jana@gmail.com
2026-04-02 22:48:12 [http-nio-8081-exec-7] INFO  c.h.h.service.UserService - User registered successfully with id: 2
2026-04-02 22:48:12 [http-nio-8081-exec-6] INFO  c.h.h.controller.AuthController - POST /api/auth/login - email: jana@gmail.com
2026-04-02 22:48:12 [http-nio-8081-exec-6] INFO  c.h.h.service.UserService - Login attempt for email: jana@gmail.com
2026-04-02 22:48:12 [http-nio-8081-exec-6] DEBUG c.h.h.s.CustomUserDetailsService - Loading user by email: jana@gmail.com
2026-04-02 22:48:12 [http-nio-8081-exec-6] INFO  c.h.h.service.UserService - User logged in successfully: jana@gmail.com
2026-04-02 22:48:13 [http-nio-8081-exec-8] DEBUG c.h.h.s.CustomUserDetailsService - Loading user by email: jana@gmail.com
2026-04-02 22:48:13 [http-nio-8081-exec-9] DEBUG c.h.h.s.CustomUserDetailsService - Loading user by email: jana@gmail.com
2026-04-02 22:48:13 [http-nio-8081-exec-8] DEBUG c.h.h.config.JWTAuthFilter - Authenticated user: jana@gmail.com for URI: /api/hotels/locations
2026-04-02 22:48:13 [http-nio-8081-exec-9] DEBUG c.h.h.config.JWTAuthFilter - Authenticated user: jana@gmail.com for URI: /api/hotels
2026-04-02 22:48:13 [http-nio-8081-exec-9] INFO  c.h.h.controller.HotelController - GET /api/hotels
2026-04-02 22:48:13 [http-nio-8081-exec-10] DEBUG c.h.h.s.CustomUserDetailsService - Loading user by email: jana@gmail.com
2026-04-02 22:48:13 [http-nio-8081-exec-10] DEBUG c.h.h.config.JWTAuthFilter - Authenticated user: jana@gmail.com for URI: /api/hotels/locations
2026-04-02 22:48:13 [http-nio-8081-exec-9] INFO  c.h.h.service.HotelService - Fetched 50 hotels
2026-04-02 22:48:13 [http-nio-8081-exec-5] DEBUG c.h.h.s.CustomUserDetailsService - Loading user by email: jana@gmail.com
2026-04-02 22:48:13 [http-nio-8081-exec-5] DEBUG c.h.h.config.JWTAuthFilter - Authenticated user: jana@gmail.com for URI: /api/hotels
2026-04-02 22:48:13 [http-nio-8081-exec-5] INFO  c.h.h.controller.HotelController - GET /api/hotels
2026-04-02 22:48:13 [http-nio-8081-exec-5] INFO  c.h.h.service.HotelService - Fetched 50 hotels
2026-04-02 22:48:15 [task-1] ERROR o.s.a.i.SimpleAsyncUncaughtExceptionHandler - Unexpected exception occurred invoking async method: public void com.hotel.hotel_backend.service.EmailService.sendRegistrationConfirmation(java.lang.String,java.lang.String)
org.springframework.mail.MailAuthenticationException: Authentication failed
	at org.springframework.mail.javamail.JavaMailSenderImpl.doSend(JavaMailSenderImpl.java:402)
	at org.springframework.mail.javamail.JavaMailSenderImpl.send(JavaMailSenderImpl.java:350)
	at org.springframework.mail.javamail.JavaMailSender.send(JavaMailSender.java:101)
	at com.hotel.hotel_backend.service.EmailService.sendRegistrationConfirmation(EmailService.java:36)
	at java.base/jdk.internal.reflect.DirectMethodHandleAccessor.invoke(DirectMethodHandleAccessor.java:103)
	at java.base/java.lang.reflect.Method.invoke(Method.java:580)
	at org.springframework.aop.support.AopUtils.invokeJoinpointUsingReflection(AopUtils.java:352)
	at org.springframework.aop.framework.ReflectiveMethodInvocation.invokeJoinpoint(ReflectiveMethodInvocation.java:196)
	at org.springframework.aop.framework.ReflectiveMethodInvocation.proceed(ReflectiveMethodInvocation.java:163)
	at org.springframework.aop.framework.CglibAopProxy$CglibMethodInvocation.proceed(CglibAopProxy.java:765)
	at org.springframework.aop.interceptor.AsyncExecutionInterceptor.lambda$invoke$0(AsyncExecutionInterceptor.java:115)
	at java.base/java.util.concurrent.FutureTask.run(FutureTask.java:317)
	at java.base/java.util.concurrent.ThreadPoolExecutor.runWorker(ThreadPoolExecutor.java:1144)
	at java.base/java.util.concurrent.ThreadPoolExecutor$Worker.run(ThreadPoolExecutor.java:642)
	at java.base/java.lang.Thread.run(Thread.java:1583)
Caused by: jakarta.mail.AuthenticationFailedException: 535-5.7.8 Username and Password not accepted. For more information, go to
535 5.7.8  https://support.google.com/mail/?p=BadCredentials d2e1a72fcca58-82cf9b2714dsm4770270b3a.1 - gsmtp

	at org.eclipse.angus.mail.smtp.SMTPTransport$Authenticator.authenticate(SMTPTransport.java:954)
	at org.eclipse.angus.mail.smtp.SMTPTransport.authenticate(SMTPTransport.java:865)
	at org.eclipse.angus.mail.smtp.SMTPTransport.protocolConnect(SMTPTransport.java:769)
	at jakarta.mail.Service.connect(Service.java:345)
	at org.springframework.mail.javamail.JavaMailSenderImpl.connectTransport(JavaMailSenderImpl.java:480)
	at org.springframework.mail.javamail.JavaMailSenderImpl.doSend(JavaMailSenderImpl.java:399)
	... 14 common frames omitted
2026-04-02 22:48:20 [http-nio-8081-exec-3] DEBUG c.h.h.s.CustomUserDetailsService - Loading user by email: jana@gmail.com
2026-04-02 22:48:20 [http-nio-8081-exec-3] DEBUG c.h.h.config.JWTAuthFilter - Authenticated user: jana@gmail.com for URI: /api/rooms/search
2026-04-02 22:48:20 [http-nio-8081-exec-3] INFO  c.h.h.controller.HotelController - GET /api/rooms/search?location=Salem&checkIn=2026-04-02&checkOut=2026-04-03
2026-04-02 22:48:20 [http-nio-8081-exec-3] INFO  c.h.h.service.HotelService - Found 7 available rooms in Salem from 2026-04-02 to 2026-04-03
2026-04-02 22:48:26 [http-nio-8081-exec-7] DEBUG c.h.h.s.CustomUserDetailsService - Loading user by email: jana@gmail.com
2026-04-02 22:48:26 [http-nio-8081-exec-7] DEBUG c.h.h.config.JWTAuthFilter - Authenticated user: jana@gmail.com for URI: /api/hotels/4
2026-04-02 22:48:26 [http-nio-8081-exec-7] INFO  c.h.h.controller.HotelController - GET /api/hotels/4
2026-04-02 22:48:26 [http-nio-8081-exec-6] DEBUG c.h.h.s.CustomUserDetailsService - Loading user by email: jana@gmail.com
2026-04-02 22:48:26 [http-nio-8081-exec-6] DEBUG c.h.h.config.JWTAuthFilter - Authenticated user: jana@gmail.com for URI: /api/hotels/4
2026-04-02 22:48:26 [http-nio-8081-exec-6] INFO  c.h.h.controller.HotelController - GET /api/hotels/4
2026-04-02 22:48:32 [http-nio-8081-exec-8] DEBUG c.h.h.s.CustomUserDetailsService - Loading user by email: jana@gmail.com
2026-04-02 22:48:32 [http-nio-8081-exec-8] DEBUG c.h.h.config.JWTAuthFilter - Authenticated user: jana@gmail.com for URI: /api/bookings
2026-04-02 22:48:32 [http-nio-8081-exec-8] INFO  c.h.h.controller.BookingController - POST /api/bookings - user: 2
2026-04-02 22:48:32 [http-nio-8081-exec-8] INFO  c.h.h.service.BookingService - Creating booking for user 2 room 8
2026-04-02 22:48:32 [http-nio-8081-exec-8] INFO  c.h.h.service.BookingService - Booking created: 4 for user: 2
2026-04-02 22:48:32 [http-nio-8081-exec-9] DEBUG c.h.h.s.CustomUserDetailsService - Loading user by email: jana@gmail.com
2026-04-02 22:48:32 [http-nio-8081-exec-9] DEBUG c.h.h.config.JWTAuthFilter - Authenticated user: jana@gmail.com for URI: /api/payments/checkout/4
2026-04-02 22:48:33 [http-nio-8081-exec-9] INFO  c.h.h.controller.PaymentController - POST /api/payments/checkout/4
2026-04-02 22:48:33 [http-nio-8081-exec-9] ERROR c.h.h.controller.PaymentController - Stripe error: Invalid API Key provided: sk_test_...
2026-04-02 22:48:35 [task-2] ERROR o.s.a.i.SimpleAsyncUncaughtExceptionHandler - Unexpected exception occurred invoking async method: public void com.hotel.hotel_backend.service.EmailService.sendBookingConfirmation(java.lang.String,java.lang.String,com.hotel.hotel_backend.entity.Booking)
org.springframework.mail.MailAuthenticationException: Authentication failed
	at org.springframework.mail.javamail.JavaMailSenderImpl.doSend(JavaMailSenderImpl.java:402)
	at org.springframework.mail.javamail.JavaMailSenderImpl.send(JavaMailSenderImpl.java:350)
	at org.springframework.mail.javamail.JavaMailSender.send(JavaMailSender.java:101)
	at com.hotel.hotel_backend.service.EmailService.sendBookingConfirmation(EmailService.java:52)
	at java.base/jdk.internal.reflect.DirectMethodHandleAccessor.invoke(DirectMethodHandleAccessor.java:103)
	at java.base/java.lang.reflect.Method.invoke(Method.java:580)
	at org.springframework.aop.support.AopUtils.invokeJoinpointUsingReflection(AopUtils.java:352)
	at org.springframework.aop.framework.ReflectiveMethodInvocation.invokeJoinpoint(ReflectiveMethodInvocation.java:196)
	at org.springframework.aop.framework.ReflectiveMethodInvocation.proceed(ReflectiveMethodInvocation.java:163)
	at org.springframework.aop.framework.CglibAopProxy$CglibMethodInvocation.proceed(CglibAopProxy.java:765)
	at org.springframework.aop.interceptor.AsyncExecutionInterceptor.lambda$invoke$0(AsyncExecutionInterceptor.java:115)
	at java.base/java.util.concurrent.FutureTask.run(FutureTask.java:317)
	at java.base/java.util.concurrent.ThreadPoolExecutor.runWorker(ThreadPoolExecutor.java:1144)
	at java.base/java.util.concurrent.ThreadPoolExecutor$Worker.run(ThreadPoolExecutor.java:642)
	at java.base/java.lang.Thread.run(Thread.java:1583)
Caused by: jakarta.mail.AuthenticationFailedException: 535-5.7.8 Username and Password not accepted. For more information, go to
535 5.7.8  https://support.google.com/mail/?p=BadCredentials d9443c01a7336-2b27472d1f1sm47635605ad.10 - gsmtp

	at org.eclipse.angus.mail.smtp.SMTPTransport$Authenticator.authenticate(SMTPTransport.java:954)
	at org.eclipse.angus.mail.smtp.SMTPTransport.authenticate(SMTPTransport.java:865)
	at org.eclipse.angus.mail.smtp.SMTPTransport.protocolConnect(SMTPTransport.java:769)
	at jakarta.mail.Service.connect(Service.java:345)
	at org.springframework.mail.javamail.JavaMailSenderImpl.connectTransport(JavaMailSenderImpl.java:480)
	at org.springframework.mail.javamail.JavaMailSenderImpl.doSend(JavaMailSenderImpl.java:399)
	... 14 common frames omitted
2026-04-02 22:59:09 [SpringApplicationShutdownHook] INFO  o.s.o.j.LocalContainerEntityManagerFactoryBean - Closing JPA EntityManagerFactory for persistence unit 'default'
2026-04-02 22:59:09 [SpringApplicationShutdownHook] INFO  com.zaxxer.hikari.HikariDataSource - HikariPool-1 - Shutdown initiated...
2026-04-02 22:59:09 [SpringApplicationShutdownHook] INFO  com.zaxxer.hikari.HikariDataSource - HikariPool-1 - Shutdown completed.
2026-04-02 22:59:18 [main] INFO  c.h.h.HotelBackendApplication - Starting HotelBackendApplication using Java 21.0.10 with PID 19216 (C:\Users\girid\Desktop\HotelBooking\hotel-backend\target\classes started by girid in C:\Users\girid\Desktop\HotelBooking\hotel-backend)
2026-04-02 22:59:18 [main] DEBUG c.h.h.HotelBackendApplication - Running with Spring Boot v3.2.0, Spring v6.1.1
2026-04-02 22:59:18 [main] INFO  c.h.h.HotelBackendApplication - No active profile set, falling back to 1 default profile: "default"
2026-04-02 22:59:19 [main] INFO  o.s.d.r.c.RepositoryConfigurationDelegate - Bootstrapping Spring Data JPA repositories in DEFAULT mode.
2026-04-02 22:59:19 [main] INFO  o.s.d.r.c.RepositoryConfigurationDelegate - Finished Spring Data repository scanning in 100 ms. Found 4 JPA repository interfaces.
2026-04-02 22:59:20 [main] INFO  o.s.b.w.e.tomcat.TomcatWebServer - Tomcat initialized with port 8081 (http)
2026-04-02 22:59:20 [main] INFO  o.a.catalina.core.StandardService - Starting service [Tomcat]
2026-04-02 22:59:20 [main] INFO  o.a.catalina.core.StandardEngine - Starting Servlet engine: [Apache Tomcat/10.1.16]
2026-04-02 22:59:20 [main] INFO  o.a.c.c.C.[Tomcat].[localhost].[/] - Initializing Spring embedded WebApplicationContext
2026-04-02 22:59:20 [main] INFO  o.s.b.w.s.c.ServletWebServerApplicationContext - Root WebApplicationContext: initialization completed in 1947 ms
2026-04-02 22:59:21 [main] INFO  o.h.jpa.internal.util.LogHelper - HHH000204: Processing PersistenceUnitInfo [name: default]
2026-04-02 22:59:21 [main] INFO  org.hibernate.Version - HHH000412: Hibernate ORM core version 6.3.1.Final
2026-04-02 22:59:21 [main] INFO  o.h.c.i.RegionFactoryInitiator - HHH000026: Second-level cache disabled
2026-04-02 22:59:21 [main] INFO  o.s.o.j.p.SpringPersistenceUnitInfo - No LoadTimeWeaver setup: ignoring JPA class transformer
2026-04-02 22:59:21 [main] INFO  com.zaxxer.hikari.HikariDataSource - HikariPool-1 - Starting...
2026-04-02 22:59:21 [main] INFO  com.zaxxer.hikari.pool.HikariPool - HikariPool-1 - Added connection com.mysql.cj.jdbc.ConnectionImpl@71ad959b
2026-04-02 22:59:21 [main] INFO  com.zaxxer.hikari.HikariDataSource - HikariPool-1 - Start completed.
2026-04-02 22:59:21 [main] WARN  org.hibernate.orm.deprecation - HHH90000025: MySQLDialect does not need to be specified explicitly using 'hibernate.dialect' (remove the property setting and it will be selected by default)
2026-04-02 22:59:23 [main] INFO  o.h.e.t.j.p.i.JtaPlatformInitiator - HHH000489: No JTA platform available (set 'hibernate.transaction.jta.platform' to enable JTA platform integration)
2026-04-02 22:59:23 [main] INFO  o.s.o.j.LocalContainerEntityManagerFactoryBean - Initialized JPA EntityManagerFactory for persistence unit 'default'
2026-04-02 22:59:23 [main] DEBUG c.h.h.config.JWTAuthFilter - Filter 'JWTAuthFilter' configured for use
2026-04-02 22:59:23 [main] INFO  o.s.d.j.r.query.QueryEnhancerFactory - Hibernate is in classpath; If applicable, HQL parser will be used.
2026-04-02 22:59:24 [main] WARN  o.s.b.a.o.j.JpaBaseConfiguration$JpaWebConfiguration - spring.jpa.open-in-view is enabled by default. Therefore, database queries may be performed during view rendering. Explicitly configure spring.jpa.open-in-view to disable this warning
2026-04-02 22:59:25 [main] INFO  o.s.s.web.DefaultSecurityFilterChain - Will secure any request with [org.springframework.security.web.session.DisableEncodeUrlFilter@66b962b4, org.springframework.security.web.context.request.async.WebAsyncManagerIntegrationFilter@5e6dcfa, org.springframework.security.web.context.SecurityContextHolderFilter@7094f0ae, org.springframework.security.web.header.HeaderWriterFilter@127abbbe, org.springframework.web.filter.CorsFilter@705b4359, org.springframework.security.web.authentication.logout.LogoutFilter@76466a5, com.hotel.hotel_backend.config.JWTAuthFilter@3f030217, org.springframework.security.web.savedrequest.RequestCacheAwareFilter@6c23667e, org.springframework.security.web.servletapi.SecurityContextHolderAwareRequestFilter@790e6eae, org.springframework.security.web.authentication.AnonymousAuthenticationFilter@734df10b, org.springframework.security.web.session.SessionManagementFilter@fcaf12a, org.springframework.security.web.access.ExceptionTranslationFilter@4fdc1a37, org.springframework.security.web.access.intercept.AuthorizationFilter@60ca607]
2026-04-02 22:59:25 [main] INFO  o.s.b.w.e.tomcat.TomcatWebServer - Tomcat started on port 8081 (http) with context path ''
2026-04-02 22:59:25 [main] INFO  c.h.h.HotelBackendApplication - Started HotelBackendApplication in 7.455 seconds (process running for 7.96)
2026-04-02 23:01:52 [http-nio-8081-exec-2] INFO  o.a.c.c.C.[Tomcat].[localhost].[/] - Initializing Spring DispatcherServlet 'dispatcherServlet'
2026-04-02 23:01:52 [http-nio-8081-exec-2] INFO  o.s.web.servlet.DispatcherServlet - Initializing Servlet 'dispatcherServlet'
2026-04-02 23:01:52 [http-nio-8081-exec-2] INFO  o.s.web.servlet.DispatcherServlet - Completed initialization in 4 ms
2026-04-02 23:01:53 [http-nio-8081-exec-1] DEBUG c.h.h.s.CustomUserDetailsService - Loading user by email: jana@gmail.com
2026-04-02 23:01:53 [http-nio-8081-exec-2] DEBUG c.h.h.s.CustomUserDetailsService - Loading user by email: jana@gmail.com
2026-04-02 23:01:53 [http-nio-8081-exec-2] DEBUG c.h.h.config.JWTAuthFilter - Authenticated user: jana@gmail.com for URI: /api/hotels
2026-04-02 23:01:53 [http-nio-8081-exec-1] DEBUG c.h.h.config.JWTAuthFilter - Authenticated user: jana@gmail.com for URI: /api/hotels/locations
2026-04-02 23:01:53 [http-nio-8081-exec-2] WARN  o.s.w.s.h.HandlerMappingIntrospector - Cache miss for REQUEST dispatch to '/api/hotels' (previous null). Performing MatchableHandlerMapping lookup. This is logged once only at WARN level, and every time at TRACE.
2026-04-02 23:01:53 [http-nio-8081-exec-2] INFO  c.h.h.controller.HotelController - GET /api/hotels
2026-04-02 23:01:53 [http-nio-8081-exec-2] INFO  c.h.h.service.HotelService - Fetched 50 hotels
2026-04-02 23:01:53 [http-nio-8081-exec-3] DEBUG c.h.h.s.CustomUserDetailsService - Loading user by email: jana@gmail.com
2026-04-02 23:01:53 [http-nio-8081-exec-3] DEBUG c.h.h.config.JWTAuthFilter - Authenticated user: jana@gmail.com for URI: /api/hotels/locations
2026-04-02 23:01:53 [http-nio-8081-exec-4] DEBUG c.h.h.s.CustomUserDetailsService - Loading user by email: jana@gmail.com
2026-04-02 23:01:53 [http-nio-8081-exec-4] DEBUG c.h.h.config.JWTAuthFilter - Authenticated user: jana@gmail.com for URI: /api/hotels
2026-04-02 23:01:53 [http-nio-8081-exec-4] INFO  c.h.h.controller.HotelController - GET /api/hotels
2026-04-02 23:01:53 [http-nio-8081-exec-4] INFO  c.h.h.service.HotelService - Fetched 50 hotels
2026-04-02 23:01:57 [http-nio-8081-exec-8] DEBUG c.h.h.s.CustomUserDetailsService - Loading user by email: jana@gmail.com
2026-04-02 23:01:57 [http-nio-8081-exec-8] DEBUG c.h.h.config.JWTAuthFilter - Authenticated user: jana@gmail.com for URI: /api/hotels/2
2026-04-02 23:01:57 [http-nio-8081-exec-8] INFO  c.h.h.controller.HotelController - GET /api/hotels/2
2026-04-02 23:01:57 [http-nio-8081-exec-6] DEBUG c.h.h.s.CustomUserDetailsService - Loading user by email: jana@gmail.com
2026-04-02 23:01:57 [http-nio-8081-exec-6] DEBUG c.h.h.config.JWTAuthFilter - Authenticated user: jana@gmail.com for URI: /api/hotels/2
2026-04-02 23:01:57 [http-nio-8081-exec-6] INFO  c.h.h.controller.HotelController - GET /api/hotels/2
2026-04-02 23:02:03 [http-nio-8081-exec-7] DEBUG c.h.h.s.CustomUserDetailsService - Loading user by email: jana@gmail.com
2026-04-02 23:02:03 [http-nio-8081-exec-7] DEBUG c.h.h.config.JWTAuthFilter - Authenticated user: jana@gmail.com for URI: /api/bookings
2026-04-02 23:02:04 [http-nio-8081-exec-7] INFO  c.h.h.controller.BookingController - POST /api/bookings - user: 2
2026-04-02 23:02:04 [http-nio-8081-exec-7] INFO  c.h.h.service.BookingService - Creating booking for user 2 room 4
2026-04-02 23:02:04 [http-nio-8081-exec-7] INFO  c.h.h.service.BookingService - Booking created: 5 for user: 2
2026-04-02 23:02:04 [http-nio-8081-exec-9] DEBUG c.h.h.s.CustomUserDetailsService - Loading user by email: jana@gmail.com
2026-04-02 23:02:04 [http-nio-8081-exec-9] DEBUG c.h.h.config.JWTAuthFilter - Authenticated user: jana@gmail.com for URI: /api/payments/checkout/5
2026-04-02 23:02:04 [http-nio-8081-exec-9] INFO  c.h.h.controller.PaymentController - POST /api/payments/checkout/5
2026-04-02 23:02:06 [task-1] ERROR o.s.a.i.SimpleAsyncUncaughtExceptionHandler - Unexpected exception occurred invoking async method: public void com.hotel.hotel_backend.service.EmailService.sendBookingConfirmation(java.lang.String,java.lang.String,com.hotel.hotel_backend.entity.Booking)
org.springframework.mail.MailAuthenticationException: Authentication failed
	at org.springframework.mail.javamail.JavaMailSenderImpl.doSend(JavaMailSenderImpl.java:402)
	at org.springframework.mail.javamail.JavaMailSenderImpl.send(JavaMailSenderImpl.java:350)
	at org.springframework.mail.javamail.JavaMailSender.send(JavaMailSender.java:101)
	at com.hotel.hotel_backend.service.EmailService.sendBookingConfirmation(EmailService.java:52)
	at java.base/jdk.internal.reflect.DirectMethodHandleAccessor.invoke(DirectMethodHandleAccessor.java:103)
	at java.base/java.lang.reflect.Method.invoke(Method.java:580)
	at org.springframework.aop.support.AopUtils.invokeJoinpointUsingReflection(AopUtils.java:352)
	at org.springframework.aop.framework.ReflectiveMethodInvocation.invokeJoinpoint(ReflectiveMethodInvocation.java:196)
	at org.springframework.aop.framework.ReflectiveMethodInvocation.proceed(ReflectiveMethodInvocation.java:163)
	at org.springframework.aop.framework.CglibAopProxy$CglibMethodInvocation.proceed(CglibAopProxy.java:765)
	at org.springframework.aop.interceptor.AsyncExecutionInterceptor.lambda$invoke$0(AsyncExecutionInterceptor.java:115)
	at java.base/java.util.concurrent.FutureTask.run(FutureTask.java:317)
	at java.base/java.util.concurrent.ThreadPoolExecutor.runWorker(ThreadPoolExecutor.java:1144)
	at java.base/java.util.concurrent.ThreadPoolExecutor$Worker.run(ThreadPoolExecutor.java:642)
	at java.base/java.lang.Thread.run(Thread.java:1583)
Caused by: jakarta.mail.AuthenticationFailedException: 535-5.7.8 Username and Password not accepted. For more information, go to
535 5.7.8  https://support.google.com/mail/?p=BadCredentials d9443c01a7336-2b27478b658sm37658665ad.31 - gsmtp

	at org.eclipse.angus.mail.smtp.SMTPTransport$Authenticator.authenticate(SMTPTransport.java:954)
	at org.eclipse.angus.mail.smtp.SMTPTransport.authenticate(SMTPTransport.java:865)
	at org.eclipse.angus.mail.smtp.SMTPTransport.protocolConnect(SMTPTransport.java:769)
	at jakarta.mail.Service.connect(Service.java:345)
	at org.springframework.mail.javamail.JavaMailSenderImpl.connectTransport(JavaMailSenderImpl.java:480)
	at org.springframework.mail.javamail.JavaMailSenderImpl.doSend(JavaMailSenderImpl.java:399)
	... 14 common frames omitted
2026-04-02 23:02:07 [http-nio-8081-exec-9] INFO  c.h.h.service.PaymentService - Stripe Session created: cs_test_a18jjEOg4Edx5lutayGCoUseTE1XTnmLtFTkjKyicv9nA54H55fWAkFrv7 for booking ID: 5
2026-04-02 23:03:10 [http-nio-8081-exec-8] DEBUG c.h.h.s.CustomUserDetailsService - Loading user by email: jana@gmail.com
2026-04-02 23:03:10 [http-nio-8081-exec-6] DEBUG c.h.h.s.CustomUserDetailsService - Loading user by email: jana@gmail.com
2026-04-02 23:03:10 [http-nio-8081-exec-6] DEBUG c.h.h.config.JWTAuthFilter - Authenticated user: jana@gmail.com for URI: /api/payments/verify
2026-04-02 23:03:10 [http-nio-8081-exec-8] DEBUG c.h.h.config.JWTAuthFilter - Authenticated user: jana@gmail.com for URI: /api/payments/verify
2026-04-02 23:03:10 [http-nio-8081-exec-8] INFO  c.h.h.controller.PaymentController - POST /api/payments/verify/cs_test_a18jjEOg4Edx5lutayGCoUseTE1XTnmLtFTkjKyicv9nA54H55fWAkFrv7
2026-04-02 23:03:10 [http-nio-8081-exec-6] INFO  c.h.h.controller.PaymentController - POST /api/payments/verify/cs_test_a18jjEOg4Edx5lutayGCoUseTE1XTnmLtFTkjKyicv9nA54H55fWAkFrv7
2026-04-02 23:03:11 [http-nio-8081-exec-6] INFO  c.h.h.service.PaymentService - Booking 5 marked as CONFIRMED after payment.
2026-04-02 23:03:11 [http-nio-8081-exec-8] INFO  c.h.h.service.PaymentService - Booking 5 marked as CONFIRMED after payment.
2026-04-02 23:03:11 [http-nio-8081-exec-7] DEBUG c.h.h.s.CustomUserDetailsService - Loading user by email: jana@gmail.com
2026-04-02 23:03:11 [http-nio-8081-exec-7] DEBUG c.h.h.config.JWTAuthFilter - Authenticated user: jana@gmail.com for URI: /api/bookings/my
2026-04-02 23:03:11 [http-nio-8081-exec-7] INFO  c.h.h.controller.BookingController - GET /api/bookings/my - user: 2
2026-04-02 23:03:11 [http-nio-8081-exec-5] DEBUG c.h.h.s.CustomUserDetailsService - Loading user by email: jana@gmail.com
2026-04-02 23:03:11 [http-nio-8081-exec-5] DEBUG c.h.h.config.JWTAuthFilter - Authenticated user: jana@gmail.com for URI: /api/bookings/my
2026-04-02 23:03:11 [http-nio-8081-exec-5] INFO  c.h.h.controller.BookingController - GET /api/bookings/my - user: 2
2026-04-02 23:03:43 [http-nio-8081-exec-10] DEBUG c.h.h.s.CustomUserDetailsService - Loading user by email: jana@gmail.com
2026-04-02 23:03:43 [http-nio-8081-exec-9] DEBUG c.h.h.s.CustomUserDetailsService - Loading user by email: jana@gmail.com
2026-04-02 23:03:43 [http-nio-8081-exec-10] DEBUG c.h.h.config.JWTAuthFilter - Authenticated user: jana@gmail.com for URI: /api/hotels/locations
2026-04-02 23:03:43 [http-nio-8081-exec-9] DEBUG c.h.h.config.JWTAuthFilter - Authenticated user: jana@gmail.com for URI: /api/hotels
2026-04-02 23:03:43 [http-nio-8081-exec-9] INFO  c.h.h.controller.HotelController - GET /api/hotels
2026-04-02 23:03:43 [http-nio-8081-exec-1] DEBUG c.h.h.s.CustomUserDetailsService - Loading user by email: jana@gmail.com
2026-04-02 23:03:43 [http-nio-8081-exec-1] DEBUG c.h.h.config.JWTAuthFilter - Authenticated user: jana@gmail.com for URI: /api/hotels/locations
2026-04-02 23:03:43 [http-nio-8081-exec-9] INFO  c.h.h.service.HotelService - Fetched 50 hotels
2026-04-02 23:03:43 [http-nio-8081-exec-2] DEBUG c.h.h.s.CustomUserDetailsService - Loading user by email: jana@gmail.com
2026-04-02 23:03:43 [http-nio-8081-exec-2] DEBUG c.h.h.config.JWTAuthFilter - Authenticated user: jana@gmail.com for URI: /api/hotels
2026-04-02 23:03:43 [http-nio-8081-exec-2] INFO  c.h.h.controller.HotelController - GET /api/hotels
2026-04-02 23:03:43 [http-nio-8081-exec-2] INFO  c.h.h.service.HotelService - Fetched 50 hotels
2026-04-02 23:10:56 [SpringApplicationShutdownHook] INFO  o.s.o.j.LocalContainerEntityManagerFactoryBean - Closing JPA EntityManagerFactory for persistence unit 'default'
2026-04-02 23:10:56 [SpringApplicationShutdownHook] INFO  com.zaxxer.hikari.HikariDataSource - HikariPool-1 - Shutdown initiated...
2026-04-02 23:10:57 [SpringApplicationShutdownHook] INFO  com.zaxxer.hikari.HikariDataSource - HikariPool-1 - Shutdown completed.
2026-04-02 23:11:07 [main] INFO  c.h.h.HotelBackendApplication - Starting HotelBackendApplication using Java 21.0.10 with PID 18344 (C:\Users\girid\Desktop\HotelBooking\hotel-backend\target\classes started by girid in C:\Users\girid\Desktop\HotelBooking\hotel-backend)
2026-04-02 23:11:07 [main] DEBUG c.h.h.HotelBackendApplication - Running with Spring Boot v3.2.0, Spring v6.1.1
2026-04-02 23:11:07 [main] INFO  c.h.h.HotelBackendApplication - No active profile set, falling back to 1 default profile: "default"
2026-04-02 23:11:08 [main] INFO  o.s.d.r.c.RepositoryConfigurationDelegate - Bootstrapping Spring Data JPA repositories in DEFAULT mode.
2026-04-02 23:11:08 [main] INFO  o.s.d.r.c.RepositoryConfigurationDelegate - Finished Spring Data repository scanning in 102 ms. Found 4 JPA repository interfaces.
2026-04-02 23:11:09 [main] INFO  o.s.b.w.e.tomcat.TomcatWebServer - Tomcat initialized with port 8081 (http)
2026-04-02 23:11:09 [main] INFO  o.a.catalina.core.StandardService - Starting service [Tomcat]
2026-04-02 23:11:09 [main] INFO  o.a.catalina.core.StandardEngine - Starting Servlet engine: [Apache Tomcat/10.1.16]
2026-04-02 23:11:09 [main] INFO  o.a.c.c.C.[Tomcat].[localhost].[/] - Initializing Spring embedded WebApplicationContext
2026-04-02 23:11:09 [main] INFO  o.s.b.w.s.c.ServletWebServerApplicationContext - Root WebApplicationContext: initialization completed in 1939 ms
2026-04-02 23:11:10 [main] INFO  o.h.jpa.internal.util.LogHelper - HHH000204: Processing PersistenceUnitInfo [name: default]
2026-04-02 23:11:10 [main] INFO  org.hibernate.Version - HHH000412: Hibernate ORM core version 6.3.1.Final
2026-04-02 23:11:10 [main] INFO  o.h.c.i.RegionFactoryInitiator - HHH000026: Second-level cache disabled
2026-04-02 23:11:10 [main] INFO  o.s.o.j.p.SpringPersistenceUnitInfo - No LoadTimeWeaver setup: ignoring JPA class transformer
2026-04-02 23:11:10 [main] INFO  com.zaxxer.hikari.HikariDataSource - HikariPool-1 - Starting...
2026-04-02 23:11:10 [main] INFO  com.zaxxer.hikari.pool.HikariPool - HikariPool-1 - Added connection com.mysql.cj.jdbc.ConnectionImpl@6451a288
2026-04-02 23:11:10 [main] INFO  com.zaxxer.hikari.HikariDataSource - HikariPool-1 - Start completed.
2026-04-02 23:11:10 [main] WARN  org.hibernate.orm.deprecation - HHH90000025: MySQLDialect does not need to be specified explicitly using 'hibernate.dialect' (remove the property setting and it will be selected by default)
2026-04-02 23:11:12 [main] INFO  o.h.e.t.j.p.i.JtaPlatformInitiator - HHH000489: No JTA platform available (set 'hibernate.transaction.jta.platform' to enable JTA platform integration)
2026-04-02 23:11:12 [main] INFO  o.s.o.j.LocalContainerEntityManagerFactoryBean - Initialized JPA EntityManagerFactory for persistence unit 'default'
2026-04-02 23:11:12 [main] DEBUG c.h.h.config.JWTAuthFilter - Filter 'JWTAuthFilter' configured for use
2026-04-02 23:11:13 [main] INFO  o.s.d.j.r.query.QueryEnhancerFactory - Hibernate is in classpath; If applicable, HQL parser will be used.
2026-04-02 23:11:13 [main] WARN  o.s.b.a.o.j.JpaBaseConfiguration$JpaWebConfiguration - spring.jpa.open-in-view is enabled by default. Therefore, database queries may be performed during view rendering. Explicitly configure spring.jpa.open-in-view to disable this warning
2026-04-02 23:11:14 [main] INFO  o.s.s.web.DefaultSecurityFilterChain - Will secure any request with [org.springframework.security.web.session.DisableEncodeUrlFilter@734df10b, org.springframework.security.web.context.request.async.WebAsyncManagerIntegrationFilter@5ecc8114, org.springframework.security.web.context.SecurityContextHolderFilter@790e6eae, org.springframework.security.web.header.HeaderWriterFilter@57bbf4e5, org.springframework.web.filter.CorsFilter@6d7e973b, org.springframework.security.web.authentication.logout.LogoutFilter@5deae5ef, com.hotel.hotel_backend.config.JWTAuthFilter@3f030217, org.springframework.security.web.savedrequest.RequestCacheAwareFilter@7e762feb, org.springframework.security.web.servletapi.SecurityContextHolderAwareRequestFilter@911a6cd, org.springframework.security.web.authentication.AnonymousAuthenticationFilter@47955046, org.springframework.security.web.session.SessionManagementFilter@7094f0ae, org.springframework.security.web.access.ExceptionTranslationFilter@3c48e78b, org.springframework.security.web.access.intercept.AuthorizationFilter@66b962b4]
2026-04-02 23:11:14 [main] INFO  o.s.b.w.e.tomcat.TomcatWebServer - Tomcat started on port 8081 (http) with context path ''
2026-04-02 23:11:14 [main] INFO  c.h.h.HotelBackendApplication - Started HotelBackendApplication in 7.72 seconds (process running for 8.214)
2026-04-02 23:12:22 [SpringApplicationShutdownHook] INFO  o.s.o.j.LocalContainerEntityManagerFactoryBean - Closing JPA EntityManagerFactory for persistence unit 'default'
2026-04-02 23:12:22 [SpringApplicationShutdownHook] INFO  com.zaxxer.hikari.HikariDataSource - HikariPool-1 - Shutdown initiated...
2026-04-02 23:12:22 [SpringApplicationShutdownHook] INFO  com.zaxxer.hikari.HikariDataSource - HikariPool-1 - Shutdown completed.
2026-04-02 23:13:20 [main] INFO  c.h.h.HotelBackendApplication - Starting HotelBackendApplication using Java 21.0.10 with PID 13396 (C:\Users\girid\Desktop\HotelBooking\hotel-backend\target\classes started by girid in C:\Users\girid\Desktop\HotelBooking\hotel-backend)
2026-04-02 23:13:20 [main] DEBUG c.h.h.HotelBackendApplication - Running with Spring Boot v3.2.0, Spring v6.1.1
2026-04-02 23:13:20 [main] INFO  c.h.h.HotelBackendApplication - No active profile set, falling back to 1 default profile: "default"
2026-04-02 23:13:21 [main] INFO  o.s.d.r.c.RepositoryConfigurationDelegate - Bootstrapping Spring Data JPA repositories in DEFAULT mode.
2026-04-02 23:13:21 [main] INFO  o.s.d.r.c.RepositoryConfigurationDelegate - Finished Spring Data repository scanning in 95 ms. Found 4 JPA repository interfaces.
2026-04-02 23:13:22 [main] INFO  o.s.b.w.e.tomcat.TomcatWebServer - Tomcat initialized with port 8081 (http)
2026-04-02 23:13:22 [main] INFO  o.a.catalina.core.StandardService - Starting service [Tomcat]
2026-04-02 23:13:22 [main] INFO  o.a.catalina.core.StandardEngine - Starting Servlet engine: [Apache Tomcat/10.1.16]
2026-04-02 23:13:22 [main] INFO  o.a.c.c.C.[Tomcat].[localhost].[/] - Initializing Spring embedded WebApplicationContext
2026-04-02 23:13:22 [main] INFO  o.s.b.w.s.c.ServletWebServerApplicationContext - Root WebApplicationContext: initialization completed in 1960 ms
2026-04-02 23:13:22 [main] INFO  o.h.jpa.internal.util.LogHelper - HHH000204: Processing PersistenceUnitInfo [name: default]
2026-04-02 23:13:22 [main] INFO  org.hibernate.Version - HHH000412: Hibernate ORM core version 6.3.1.Final
2026-04-02 23:13:22 [main] INFO  o.h.c.i.RegionFactoryInitiator - HHH000026: Second-level cache disabled
2026-04-02 23:13:23 [main] INFO  o.s.o.j.p.SpringPersistenceUnitInfo - No LoadTimeWeaver setup: ignoring JPA class transformer
2026-04-02 23:13:23 [main] INFO  com.zaxxer.hikari.HikariDataSource - HikariPool-1 - Starting...
2026-04-02 23:13:23 [main] INFO  com.zaxxer.hikari.pool.HikariPool - HikariPool-1 - Added connection com.mysql.cj.jdbc.ConnectionImpl@5fde1d64
2026-04-02 23:13:23 [main] INFO  com.zaxxer.hikari.HikariDataSource - HikariPool-1 - Start completed.
2026-04-02 23:13:23 [main] WARN  org.hibernate.orm.deprecation - HHH90000025: MySQLDialect does not need to be specified explicitly using 'hibernate.dialect' (remove the property setting and it will be selected by default)
2026-04-02 23:13:24 [main] INFO  o.h.e.t.j.p.i.JtaPlatformInitiator - HHH000489: No JTA platform available (set 'hibernate.transaction.jta.platform' to enable JTA platform integration)
2026-04-02 23:13:24 [main] INFO  o.s.o.j.LocalContainerEntityManagerFactoryBean - Initialized JPA EntityManagerFactory for persistence unit 'default'
2026-04-02 23:13:25 [main] DEBUG c.h.h.config.JWTAuthFilter - Filter 'JWTAuthFilter' configured for use
2026-04-02 23:13:25 [main] INFO  o.s.d.j.r.query.QueryEnhancerFactory - Hibernate is in classpath; If applicable, HQL parser will be used.
2026-04-02 23:13:26 [main] WARN  o.s.b.a.o.j.JpaBaseConfiguration$JpaWebConfiguration - spring.jpa.open-in-view is enabled by default. Therefore, database queries may be performed during view rendering. Explicitly configure spring.jpa.open-in-view to disable this warning
2026-04-02 23:13:27 [main] INFO  o.s.s.web.DefaultSecurityFilterChain - Will secure any request with [org.springframework.security.web.session.DisableEncodeUrlFilter@17e77d57, org.springframework.security.web.context.request.async.WebAsyncManagerIntegrationFilter@1f9c9485, org.springframework.security.web.context.SecurityContextHolderFilter@27d40ca5, org.springframework.security.web.header.HeaderWriterFilter@1eacc589, org.springframework.web.filter.CorsFilter@5deae5ef, org.springframework.security.web.authentication.logout.LogoutFilter@7560ca1d, com.hotel.hotel_backend.config.JWTAuthFilter@4844e24b, org.springframework.security.web.savedrequest.RequestCacheAwareFilter@9c53820, org.springframework.security.web.servletapi.SecurityContextHolderAwareRequestFilter@7f218b0c, org.springframework.security.web.authentication.AnonymousAuthenticationFilter@791ff1b9, org.springframework.security.web.session.SessionManagementFilter@2a03b7d2, org.springframework.security.web.access.ExceptionTranslationFilter@73c7a727, org.springframework.security.web.access.intercept.AuthorizationFilter@19323826]
2026-04-02 23:13:27 [main] INFO  o.s.b.w.e.tomcat.TomcatWebServer - Tomcat started on port 8081 (http) with context path ''
2026-04-02 23:13:27 [main] INFO  c.h.h.HotelBackendApplication - Started HotelBackendApplication in 7.571 seconds (process running for 8.048)
2026-04-02 23:13:44 [http-nio-8081-exec-1] INFO  o.a.c.c.C.[Tomcat].[localhost].[/] - Initializing Spring DispatcherServlet 'dispatcherServlet'
2026-04-02 23:13:44 [http-nio-8081-exec-1] INFO  o.s.web.servlet.DispatcherServlet - Initializing Servlet 'dispatcherServlet'
2026-04-02 23:13:44 [http-nio-8081-exec-1] INFO  o.s.web.servlet.DispatcherServlet - Completed initialization in 0 ms
2026-04-02 23:13:45 [http-nio-8081-exec-2] DEBUG c.h.h.s.CustomUserDetailsService - Loading user by email: jana@gmail.com
2026-04-02 23:13:45 [http-nio-8081-exec-2] DEBUG c.h.h.config.JWTAuthFilter - Authenticated user: jana@gmail.com for URI: /api/rooms/search
2026-04-02 23:13:45 [http-nio-8081-exec-2] WARN  o.s.w.s.h.HandlerMappingIntrospector - Cache miss for REQUEST dispatch to '/api/rooms/search' (previous null). Performing MatchableHandlerMapping lookup. This is logged once only at WARN level, and every time at TRACE.
2026-04-02 23:13:45 [http-nio-8081-exec-2] INFO  c.h.h.controller.HotelController - GET /api/rooms/search?location=Erode&checkIn=2026-04-02&checkOut=2026-04-03
2026-04-02 23:13:45 [http-nio-8081-exec-2] INFO  c.h.h.service.HotelService - Found 12 available rooms in Erode from 2026-04-02 to 2026-04-03
2026-04-02 23:14:01 [http-nio-8081-exec-4] DEBUG c.h.h.s.CustomUserDetailsService - Loading user by email: jana@gmail.com
2026-04-02 23:14:01 [http-nio-8081-exec-4] DEBUG c.h.h.config.JWTAuthFilter - Authenticated user: jana@gmail.com for URI: /api/hotels/40
2026-04-02 23:14:01 [http-nio-8081-exec-4] INFO  c.h.h.controller.HotelController - GET /api/hotels/40
2026-04-02 23:14:02 [http-nio-8081-exec-7] DEBUG c.h.h.s.CustomUserDetailsService - Loading user by email: jana@gmail.com
2026-04-02 23:14:02 [http-nio-8081-exec-7] DEBUG c.h.h.config.JWTAuthFilter - Authenticated user: jana@gmail.com for URI: /api/hotels/40
2026-04-02 23:14:02 [http-nio-8081-exec-7] INFO  c.h.h.controller.HotelController - GET /api/hotels/40
2026-04-02 23:14:06 [http-nio-8081-exec-6] DEBUG c.h.h.s.CustomUserDetailsService - Loading user by email: jana@gmail.com
2026-04-02 23:14:06 [http-nio-8081-exec-6] DEBUG c.h.h.config.JWTAuthFilter - Authenticated user: jana@gmail.com for URI: /api/bookings
2026-04-02 23:14:06 [http-nio-8081-exec-6] INFO  c.h.h.controller.BookingController - POST /api/bookings - user: 2
2026-04-02 23:14:06 [http-nio-8081-exec-6] INFO  c.h.h.service.BookingService - Creating booking for user 2 room 94
2026-04-02 23:14:07 [http-nio-8081-exec-6] INFO  c.h.h.service.BookingService - Booking created: 6 for user: 2
2026-04-02 23:14:07 [http-nio-8081-exec-9] DEBUG c.h.h.s.CustomUserDetailsService - Loading user by email: jana@gmail.com
2026-04-02 23:14:07 [http-nio-8081-exec-9] DEBUG c.h.h.config.JWTAuthFilter - Authenticated user: jana@gmail.com for URI: /api/payments/checkout/6
2026-04-02 23:14:07 [http-nio-8081-exec-9] INFO  c.h.h.controller.PaymentController - POST /api/payments/checkout/6
2026-04-02 23:14:08 [http-nio-8081-exec-9] INFO  c.h.h.service.PaymentService - Stripe Session created: cs_test_a1ihnT7RjetHHomXgalrwn4o2ySywsMNG94q8ALN5eXJFNDmoEt5EQo3TN for booking ID: 6
2026-04-02 23:16:18 [http-nio-8081-exec-2] DEBUG c.h.h.s.CustomUserDetailsService - Loading user by email: jana@gmail.com
2026-04-02 23:16:18 [http-nio-8081-exec-3] DEBUG c.h.h.s.CustomUserDetailsService - Loading user by email: jana@gmail.com
2026-04-02 23:16:18 [http-nio-8081-exec-3] DEBUG c.h.h.config.JWTAuthFilter - Authenticated user: jana@gmail.com for URI: /api/payments/verify
2026-04-02 23:16:18 [http-nio-8081-exec-2] DEBUG c.h.h.config.JWTAuthFilter - Authenticated user: jana@gmail.com for URI: /api/payments/verify
2026-04-02 23:16:18 [http-nio-8081-exec-3] INFO  c.h.h.controller.PaymentController - POST /api/payments/verify/cs_test_a1ihnT7RjetHHomXgalrwn4o2ySywsMNG94q8ALN5eXJFNDmoEt5EQo3TN
2026-04-02 23:16:18 [http-nio-8081-exec-2] INFO  c.h.h.controller.PaymentController - POST /api/payments/verify/cs_test_a1ihnT7RjetHHomXgalrwn4o2ySywsMNG94q8ALN5eXJFNDmoEt5EQo3TN
2026-04-02 23:16:19 [http-nio-8081-exec-3] INFO  c.h.h.service.PaymentService - Booking 6 marked as CONFIRMED after payment. Email sent.
2026-04-02 23:16:19 [http-nio-8081-exec-5] DEBUG c.h.h.s.CustomUserDetailsService - Loading user by email: jana@gmail.com
2026-04-02 23:16:19 [http-nio-8081-exec-5] DEBUG c.h.h.config.JWTAuthFilter - Authenticated user: jana@gmail.com for URI: /api/bookings/my
2026-04-02 23:16:19 [http-nio-8081-exec-5] INFO  c.h.h.controller.BookingController - GET /api/bookings/my - user: 2
2026-04-02 23:16:19 [http-nio-8081-exec-4] DEBUG c.h.h.s.CustomUserDetailsService - Loading user by email: jana@gmail.com
2026-04-02 23:16:19 [http-nio-8081-exec-4] DEBUG c.h.h.config.JWTAuthFilter - Authenticated user: jana@gmail.com for URI: /api/bookings/my
2026-04-02 23:16:19 [http-nio-8081-exec-4] INFO  c.h.h.controller.BookingController - GET /api/bookings/my - user: 2
2026-04-02 23:16:19 [task-1] ERROR o.s.a.i.SimpleAsyncUncaughtExceptionHandler - Unexpected exception occurred invoking async method: public void com.hotel.hotel_backend.service.EmailService.sendBookingConfirmation(java.lang.String,java.lang.String,com.hotel.hotel_backend.entity.Booking)
org.hibernate.LazyInitializationException: could not initialize proxy [com.hotel.hotel_backend.entity.Hotel#40] - no Session
	at org.hibernate.proxy.AbstractLazyInitializer.initialize(AbstractLazyInitializer.java:164)
	at org.hibernate.proxy.AbstractLazyInitializer.getImplementation(AbstractLazyInitializer.java:310)
	at org.hibernate.proxy.pojo.bytebuddy.ByteBuddyInterceptor.intercept(ByteBuddyInterceptor.java:44)
	at org.hibernate.proxy.ProxyConfiguration$InterceptorDispatcher.intercept(ProxyConfiguration.java:102)
	at com.hotel.hotel_backend.entity.Hotel$HibernateProxy$xTLVp4MK.getName(Unknown Source)
	at com.hotel.hotel_backend.service.EmailService.buildBookingConfirmationHtml(EmailService.java:125)
	at com.hotel.hotel_backend.service.EmailService.sendBookingConfirmation(EmailService.java:51)
	at java.base/jdk.internal.reflect.DirectMethodHandleAccessor.invoke(DirectMethodHandleAccessor.java:103)
	at java.base/java.lang.reflect.Method.invoke(Method.java:580)
	at org.springframework.aop.support.AopUtils.invokeJoinpointUsingReflection(AopUtils.java:352)
	at org.springframework.aop.framework.ReflectiveMethodInvocation.invokeJoinpoint(ReflectiveMethodInvocation.java:196)
	at org.springframework.aop.framework.ReflectiveMethodInvocation.proceed(ReflectiveMethodInvocation.java:163)
	at org.springframework.aop.framework.CglibAopProxy$CglibMethodInvocation.proceed(CglibAopProxy.java:765)
	at org.springframework.aop.interceptor.AsyncExecutionInterceptor.lambda$invoke$0(AsyncExecutionInterceptor.java:115)
	at java.base/java.util.concurrent.FutureTask.run(FutureTask.java:317)
	at java.base/java.util.concurrent.ThreadPoolExecutor.runWorker(ThreadPoolExecutor.java:1144)
	at java.base/java.util.concurrent.ThreadPoolExecutor$Worker.run(ThreadPoolExecutor.java:642)
	at java.base/java.lang.Thread.run(Thread.java:1583)
2026-04-02 23:16:59 [SpringApplicationShutdownHook] INFO  o.s.o.j.LocalContainerEntityManagerFactoryBean - Closing JPA EntityManagerFactory for persistence unit 'default'
2026-04-02 23:16:59 [SpringApplicationShutdownHook] INFO  com.zaxxer.hikari.HikariDataSource - HikariPool-1 - Shutdown initiated...
2026-04-02 23:16:59 [SpringApplicationShutdownHook] INFO  com.zaxxer.hikari.HikariDataSource - HikariPool-1 - Shutdown completed.
2026-04-02 23:17:08 [main] INFO  c.h.h.HotelBackendApplication - Starting HotelBackendApplication using Java 21.0.10 with PID 3532 (C:\Users\girid\Desktop\HotelBooking\hotel-backend\target\classes started by girid in C:\Users\girid\Desktop\HotelBooking\hotel-backend)
2026-04-02 23:17:08 [main] DEBUG c.h.h.HotelBackendApplication - Running with Spring Boot v3.2.0, Spring v6.1.1
2026-04-02 23:17:08 [main] INFO  c.h.h.HotelBackendApplication - No active profile set, falling back to 1 default profile: "default"
2026-04-02 23:17:10 [main] INFO  o.s.d.r.c.RepositoryConfigurationDelegate - Bootstrapping Spring Data JPA repositories in DEFAULT mode.
2026-04-02 23:17:10 [main] INFO  o.s.d.r.c.RepositoryConfigurationDelegate - Finished Spring Data repository scanning in 112 ms. Found 4 JPA repository interfaces.
2026-04-02 23:17:11 [main] INFO  o.s.b.w.e.tomcat.TomcatWebServer - Tomcat initialized with port 8081 (http)
2026-04-02 23:17:11 [main] INFO  o.a.catalina.core.StandardService - Starting service [Tomcat]
2026-04-02 23:17:11 [main] INFO  o.a.catalina.core.StandardEngine - Starting Servlet engine: [Apache Tomcat/10.1.16]
2026-04-02 23:17:11 [main] INFO  o.a.c.c.C.[Tomcat].[localhost].[/] - Initializing Spring embedded WebApplicationContext
2026-04-02 23:17:11 [main] INFO  o.s.b.w.s.c.ServletWebServerApplicationContext - Root WebApplicationContext: initialization completed in 2210 ms
2026-04-02 23:17:11 [main] INFO  o.h.jpa.internal.util.LogHelper - HHH000204: Processing PersistenceUnitInfo [name: default]
2026-04-02 23:17:11 [main] INFO  org.hibernate.Version - HHH000412: Hibernate ORM core version 6.3.1.Final
2026-04-02 23:17:11 [main] INFO  o.h.c.i.RegionFactoryInitiator - HHH000026: Second-level cache disabled
2026-04-02 23:17:11 [main] INFO  o.s.o.j.p.SpringPersistenceUnitInfo - No LoadTimeWeaver setup: ignoring JPA class transformer
2026-04-02 23:17:11 [main] INFO  com.zaxxer.hikari.HikariDataSource - HikariPool-1 - Starting...
2026-04-02 23:17:12 [main] INFO  com.zaxxer.hikari.pool.HikariPool - HikariPool-1 - Added connection com.mysql.cj.jdbc.ConnectionImpl@6451a288
2026-04-02 23:17:12 [main] INFO  com.zaxxer.hikari.HikariDataSource - HikariPool-1 - Start completed.
2026-04-02 23:17:12 [main] WARN  org.hibernate.orm.deprecation - HHH90000025: MySQLDialect does not need to be specified explicitly using 'hibernate.dialect' (remove the property setting and it will be selected by default)
2026-04-02 23:17:13 [main] INFO  o.h.e.t.j.p.i.JtaPlatformInitiator - HHH000489: No JTA platform available (set 'hibernate.transaction.jta.platform' to enable JTA platform integration)
2026-04-02 23:17:13 [main] INFO  o.s.o.j.LocalContainerEntityManagerFactoryBean - Initialized JPA EntityManagerFactory for persistence unit 'default'
2026-04-02 23:17:13 [main] DEBUG c.h.h.config.JWTAuthFilter - Filter 'JWTAuthFilter' configured for use
2026-04-02 23:17:14 [main] INFO  o.s.d.j.r.query.QueryEnhancerFactory - Hibernate is in classpath; If applicable, HQL parser will be used.
2026-04-02 23:17:15 [main] WARN  o.s.b.a.o.j.JpaBaseConfiguration$JpaWebConfiguration - spring.jpa.open-in-view is enabled by default. Therefore, database queries may be performed during view rendering. Explicitly configure spring.jpa.open-in-view to disable this warning
2026-04-02 23:17:15 [main] INFO  o.s.s.web.DefaultSecurityFilterChain - Will secure any request with [org.springframework.security.web.session.DisableEncodeUrlFilter@705b4359, org.springframework.security.web.context.request.async.WebAsyncManagerIntegrationFilter@734df10b, org.springframework.security.web.context.SecurityContextHolderFilter@6c23667e, org.springframework.security.web.header.HeaderWriterFilter@13ea4f97, org.springframework.web.filter.CorsFilter@5ecc8114, org.springframework.security.web.authentication.logout.LogoutFilter@1f9c9485, com.hotel.hotel_backend.config.JWTAuthFilter@3f030217, org.springframework.security.web.savedrequest.RequestCacheAwareFilter@2e48f0a1, org.springframework.security.web.servletapi.SecurityContextHolderAwareRequestFilter@7e762feb, org.springframework.security.web.authentication.AnonymousAuthenticationFilter@6d7e973b, org.springframework.security.web.session.SessionManagementFilter@e937569, org.springframework.security.web.access.ExceptionTranslationFilter@127abbbe, org.springframework.security.web.access.intercept.AuthorizationFilter@76dea970]
2026-04-02 23:17:15 [main] INFO  o.s.b.w.e.tomcat.TomcatWebServer - Tomcat started on port 8081 (http) with context path ''
2026-04-02 23:17:15 [main] INFO  c.h.h.HotelBackendApplication - Started HotelBackendApplication in 7.88 seconds (process running for 8.351)
2026-04-02 23:17:26 [http-nio-8081-exec-1] INFO  o.a.c.c.C.[Tomcat].[localhost].[/] - Initializing Spring DispatcherServlet 'dispatcherServlet'
2026-04-02 23:17:26 [http-nio-8081-exec-1] INFO  o.s.web.servlet.DispatcherServlet - Initializing Servlet 'dispatcherServlet'
2026-04-02 23:17:26 [http-nio-8081-exec-1] INFO  o.s.web.servlet.DispatcherServlet - Completed initialization in 3 ms
2026-04-02 23:17:26 [http-nio-8081-exec-1] DEBUG c.h.h.s.CustomUserDetailsService - Loading user by email: jana@gmail.com
2026-04-02 23:17:26 [http-nio-8081-exec-2] DEBUG c.h.h.s.CustomUserDetailsService - Loading user by email: jana@gmail.com
2026-04-02 23:17:27 [http-nio-8081-exec-2] DEBUG c.h.h.config.JWTAuthFilter - Authenticated user: jana@gmail.com for URI: /api/hotels/locations
2026-04-02 23:17:27 [http-nio-8081-exec-1] DEBUG c.h.h.config.JWTAuthFilter - Authenticated user: jana@gmail.com for URI: /api/hotels
2026-04-02 23:17:27 [http-nio-8081-exec-1] WARN  o.s.w.s.h.HandlerMappingIntrospector - Cache miss for REQUEST dispatch to '/api/hotels' (previous null). Performing MatchableHandlerMapping lookup. This is logged once only at WARN level, and every time at TRACE.
2026-04-02 23:17:27 [http-nio-8081-exec-1] INFO  c.h.h.controller.HotelController - GET /api/hotels
2026-04-02 23:17:27 [http-nio-8081-exec-1] INFO  c.h.h.service.HotelService - Fetched 50 hotels
2026-04-02 23:17:27 [http-nio-8081-exec-3] DEBUG c.h.h.s.CustomUserDetailsService - Loading user by email: jana@gmail.com
2026-04-02 23:17:27 [http-nio-8081-exec-3] DEBUG c.h.h.config.JWTAuthFilter - Authenticated user: jana@gmail.com for URI: /api/hotels/locations
2026-04-02 23:17:27 [http-nio-8081-exec-4] DEBUG c.h.h.s.CustomUserDetailsService - Loading user by email: jana@gmail.com
2026-04-02 23:17:27 [http-nio-8081-exec-4] DEBUG c.h.h.config.JWTAuthFilter - Authenticated user: jana@gmail.com for URI: /api/hotels
2026-04-02 23:17:27 [http-nio-8081-exec-4] INFO  c.h.h.controller.HotelController - GET /api/hotels
2026-04-02 23:17:27 [http-nio-8081-exec-4] INFO  c.h.h.service.HotelService - Fetched 50 hotels
2026-04-02 23:17:31 [http-nio-8081-exec-7] DEBUG c.h.h.s.CustomUserDetailsService - Loading user by email: jana@gmail.com
2026-04-02 23:17:31 [http-nio-8081-exec-7] DEBUG c.h.h.config.JWTAuthFilter - Authenticated user: jana@gmail.com for URI: /api/hotels/3
2026-04-02 23:17:31 [http-nio-8081-exec-7] INFO  c.h.h.controller.HotelController - GET /api/hotels/3
2026-04-02 23:17:31 [http-nio-8081-exec-8] DEBUG c.h.h.s.CustomUserDetailsService - Loading user by email: jana@gmail.com
2026-04-02 23:17:31 [http-nio-8081-exec-8] DEBUG c.h.h.config.JWTAuthFilter - Authenticated user: jana@gmail.com for URI: /api/hotels/3
2026-04-02 23:17:31 [http-nio-8081-exec-8] INFO  c.h.h.controller.HotelController - GET /api/hotels/3
2026-04-02 23:17:36 [http-nio-8081-exec-9] DEBUG c.h.h.s.CustomUserDetailsService - Loading user by email: jana@gmail.com
2026-04-02 23:17:36 [http-nio-8081-exec-9] DEBUG c.h.h.config.JWTAuthFilter - Authenticated user: jana@gmail.com for URI: /api/bookings
2026-04-02 23:17:36 [http-nio-8081-exec-9] INFO  c.h.h.controller.BookingController - POST /api/bookings - user: 2
2026-04-02 23:17:36 [http-nio-8081-exec-9] INFO  c.h.h.service.BookingService - Creating booking for user 2 room 6
2026-04-02 23:17:36 [http-nio-8081-exec-9] INFO  c.h.h.service.BookingService - Booking created: 7 for user: 2
2026-04-02 23:17:36 [http-nio-8081-exec-2] DEBUG c.h.h.s.CustomUserDetailsService - Loading user by email: jana@gmail.com
2026-04-02 23:17:36 [http-nio-8081-exec-2] DEBUG c.h.h.config.JWTAuthFilter - Authenticated user: jana@gmail.com for URI: /api/payments/checkout/7
2026-04-02 23:17:36 [http-nio-8081-exec-2] INFO  c.h.h.controller.PaymentController - POST /api/payments/checkout/7
2026-04-02 23:17:38 [http-nio-8081-exec-2] INFO  c.h.h.service.PaymentService - Stripe Session created: cs_test_a1azrTuuXhf5WF35lacbggBqZooOrz8ZCWHx40MOmgkcxeTPIC2qS4XLmy for booking ID: 7
2026-04-02 23:17:42 [task-1] INFO  c.h.h.service.EmailService - Booking confirmation email sent to: jana@gmail.com for booking: 7
2026-04-02 23:18:19 [http-nio-8081-exec-1] DEBUG c.h.h.s.CustomUserDetailsService - Loading user by email: jana@gmail.com
2026-04-02 23:18:19 [http-nio-8081-exec-1] DEBUG c.h.h.config.JWTAuthFilter - Authenticated user: jana@gmail.com for URI: /api/hotels/3
2026-04-02 23:18:19 [http-nio-8081-exec-1] INFO  c.h.h.controller.HotelController - GET /api/hotels/3
2026-04-02 23:18:19 [http-nio-8081-exec-3] DEBUG c.h.h.s.CustomUserDetailsService - Loading user by email: jana@gmail.com
2026-04-02 23:18:19 [http-nio-8081-exec-3] DEBUG c.h.h.config.JWTAuthFilter - Authenticated user: jana@gmail.com for URI: /api/hotels/3
2026-04-02 23:18:19 [http-nio-8081-exec-3] INFO  c.h.h.controller.HotelController - GET /api/hotels/3
2026-04-02 23:22:03 [SpringApplicationShutdownHook] INFO  o.s.o.j.LocalContainerEntityManagerFactoryBean - Closing JPA EntityManagerFactory for persistence unit 'default'
2026-04-02 23:22:03 [SpringApplicationShutdownHook] INFO  com.zaxxer.hikari.HikariDataSource - HikariPool-1 - Shutdown initiated...
2026-04-02 23:22:03 [SpringApplicationShutdownHook] INFO  com.zaxxer.hikari.HikariDataSource - HikariPool-1 - Shutdown completed.
2026-04-02 23:23:20 [main] INFO  c.h.h.HotelBackendApplication - Starting HotelBackendApplication using Java 21.0.10 with PID 10008 (C:\Users\girid\Desktop\HotelBooking\hotel-backend\target\classes started by girid in C:\Users\girid\Desktop\HotelBooking\hotel-backend)
2026-04-02 23:23:20 [main] DEBUG c.h.h.HotelBackendApplication - Running with Spring Boot v3.2.0, Spring v6.1.1
2026-04-02 23:23:20 [main] INFO  c.h.h.HotelBackendApplication - No active profile set, falling back to 1 default profile: "default"
2026-04-02 23:23:20 [main] INFO  o.s.d.r.c.RepositoryConfigurationDelegate - Bootstrapping Spring Data JPA repositories in DEFAULT mode.
2026-04-02 23:23:20 [main] INFO  o.s.d.r.c.RepositoryConfigurationDelegate - Finished Spring Data repository scanning in 82 ms. Found 4 JPA repository interfaces.
2026-04-02 23:23:21 [main] INFO  o.s.b.w.e.tomcat.TomcatWebServer - Tomcat initialized with port 8081 (http)
2026-04-02 23:23:21 [main] INFO  o.a.catalina.core.StandardService - Starting service [Tomcat]
2026-04-02 23:23:21 [main] INFO  o.a.catalina.core.StandardEngine - Starting Servlet engine: [Apache Tomcat/10.1.16]
2026-04-02 23:23:22 [main] INFO  o.a.c.c.C.[Tomcat].[localhost].[/] - Initializing Spring embedded WebApplicationContext
2026-04-02 23:23:22 [main] INFO  o.s.b.w.s.c.ServletWebServerApplicationContext - Root WebApplicationContext: initialization completed in 1984 ms
2026-04-02 23:23:22 [main] INFO  o.h.jpa.internal.util.LogHelper - HHH000204: Processing PersistenceUnitInfo [name: default]
2026-04-02 23:23:22 [main] INFO  org.hibernate.Version - HHH000412: Hibernate ORM core version 6.3.1.Final
2026-04-02 23:23:22 [main] INFO  o.h.c.i.RegionFactoryInitiator - HHH000026: Second-level cache disabled
2026-04-02 23:23:22 [main] INFO  o.s.o.j.p.SpringPersistenceUnitInfo - No LoadTimeWeaver setup: ignoring JPA class transformer
2026-04-02 23:23:22 [main] INFO  com.zaxxer.hikari.HikariDataSource - HikariPool-1 - Starting...
2026-04-02 23:23:22 [main] INFO  com.zaxxer.hikari.pool.HikariPool - HikariPool-1 - Added connection com.mysql.cj.jdbc.ConnectionImpl@6451a288
2026-04-02 23:23:22 [main] INFO  com.zaxxer.hikari.HikariDataSource - HikariPool-1 - Start completed.
2026-04-02 23:23:23 [main] WARN  org.hibernate.orm.deprecation - HHH90000025: MySQLDialect does not need to be specified explicitly using 'hibernate.dialect' (remove the property setting and it will be selected by default)
2026-04-02 23:23:24 [main] INFO  o.h.e.t.j.p.i.JtaPlatformInitiator - HHH000489: No JTA platform available (set 'hibernate.transaction.jta.platform' to enable JTA platform integration)
2026-04-02 23:23:24 [main] INFO  o.s.o.j.LocalContainerEntityManagerFactoryBean - Initialized JPA EntityManagerFactory for persistence unit 'default'
2026-04-02 23:23:24 [main] DEBUG c.h.h.config.JWTAuthFilter - Filter 'JWTAuthFilter' configured for use
2026-04-02 23:23:25 [main] INFO  o.s.d.j.r.query.QueryEnhancerFactory - Hibernate is in classpath; If applicable, HQL parser will be used.
2026-04-02 23:23:25 [main] WARN  o.s.b.a.o.j.JpaBaseConfiguration$JpaWebConfiguration - spring.jpa.open-in-view is enabled by default. Therefore, database queries may be performed during view rendering. Explicitly configure spring.jpa.open-in-view to disable this warning
2026-04-02 23:23:26 [main] INFO  o.s.s.web.DefaultSecurityFilterChain - Will secure any request with [org.springframework.security.web.session.DisableEncodeUrlFilter@6d7e973b, org.springframework.security.web.context.request.async.WebAsyncManagerIntegrationFilter@47955046, org.springframework.security.web.context.SecurityContextHolderFilter@7e762feb, org.springframework.security.web.header.HeaderWriterFilter@6b54dbd8, org.springframework.web.filter.CorsFilter@5bcc2416, org.springframework.security.web.authentication.logout.LogoutFilter@55be2608, com.hotel.hotel_backend.config.JWTAuthFilter@3f030217, org.springframework.security.web.savedrequest.RequestCacheAwareFilter@360c25f, org.springframework.security.web.servletapi.SecurityContextHolderAwareRequestFilter@6ac4f76a, org.springframework.security.web.authentication.AnonymousAuthenticationFilter@61b2ca5a, org.springframework.security.web.session.SessionManagementFilter@6c23667e, org.springframework.security.web.access.ExceptionTranslationFilter@57bbf4e5, org.springframework.security.web.access.intercept.AuthorizationFilter@705b4359]
2026-04-02 23:23:26 [main] INFO  o.s.b.w.e.tomcat.TomcatWebServer - Tomcat started on port 8081 (http) with context path ''
2026-04-02 23:23:26 [main] INFO  c.h.h.HotelBackendApplication - Started HotelBackendApplication in 7.519 seconds (process running for 8.044)
2026-04-02 23:23:30 [http-nio-8081-exec-1] INFO  o.a.c.c.C.[Tomcat].[localhost].[/] - Initializing Spring DispatcherServlet 'dispatcherServlet'
2026-04-02 23:23:30 [http-nio-8081-exec-1] INFO  o.s.web.servlet.DispatcherServlet - Initializing Servlet 'dispatcherServlet'
2026-04-02 23:23:30 [http-nio-8081-exec-1] INFO  o.s.web.servlet.DispatcherServlet - Completed initialization in 0 ms
2026-04-02 23:23:30 [http-nio-8081-exec-1] DEBUG c.h.h.s.CustomUserDetailsService - Loading user by email: jana@gmail.com
2026-04-02 23:23:31 [http-nio-8081-exec-1] DEBUG c.h.h.config.JWTAuthFilter - Authenticated user: jana@gmail.com for URI: /api/bookings
2026-04-02 23:23:31 [http-nio-8081-exec-1] WARN  o.s.w.s.h.HandlerMappingIntrospector - Cache miss for REQUEST dispatch to '/api/bookings' (previous null). Performing MatchableHandlerMapping lookup. This is logged once only at WARN level, and every time at TRACE.
2026-04-02 23:23:31 [http-nio-8081-exec-1] INFO  c.h.h.controller.BookingController - POST /api/bookings - user: 2
2026-04-02 23:23:31 [http-nio-8081-exec-1] INFO  c.h.h.service.BookingService - Creating booking for user 2 room 5
2026-04-02 23:23:31 [http-nio-8081-exec-1] INFO  c.h.h.service.BookingService - Booking created in PENDING_PAYMENT: 8 for user: 2
2026-04-02 23:23:31 [http-nio-8081-exec-5] DEBUG c.h.h.s.CustomUserDetailsService - Loading user by email: jana@gmail.com
2026-04-02 23:23:31 [http-nio-8081-exec-5] DEBUG c.h.h.config.JWTAuthFilter - Authenticated user: jana@gmail.com for URI: /api/payments/checkout/8
2026-04-02 23:23:31 [http-nio-8081-exec-5] INFO  c.h.h.controller.PaymentController - POST /api/payments/checkout/8
2026-04-02 23:23:33 [http-nio-8081-exec-5] INFO  c.h.h.service.PaymentService - Stripe Session created: cs_test_a1qp0aUcHeB9gDIBcgb66Q1kBf8MBtMRU2M0BOMJF14bBOQZ4QSaqE9fyh for booking ID: 8
2026-04-02 23:23:49 [http-nio-8081-exec-4] DEBUG c.h.h.s.CustomUserDetailsService - Loading user by email: jana@gmail.com
2026-04-02 23:23:49 [http-nio-8081-exec-10] DEBUG c.h.h.s.CustomUserDetailsService - Loading user by email: jana@gmail.com
2026-04-02 23:23:49 [http-nio-8081-exec-10] DEBUG c.h.h.config.JWTAuthFilter - Authenticated user: jana@gmail.com for URI: /api/payments/verify
2026-04-02 23:23:49 [http-nio-8081-exec-4] DEBUG c.h.h.config.JWTAuthFilter - Authenticated user: jana@gmail.com for URI: /api/payments/verify
2026-04-02 23:23:49 [http-nio-8081-exec-10] INFO  c.h.h.controller.PaymentController - POST /api/payments/verify/cs_test_a1qp0aUcHeB9gDIBcgb66Q1kBf8MBtMRU2M0BOMJF14bBOQZ4QSaqE9fyh
2026-04-02 23:23:49 [http-nio-8081-exec-4] INFO  c.h.h.controller.PaymentController - POST /api/payments/verify/cs_test_a1qp0aUcHeB9gDIBcgb66Q1kBf8MBtMRU2M0BOMJF14bBOQZ4QSaqE9fyh
2026-04-02 23:23:50 [http-nio-8081-exec-4] INFO  c.h.h.service.PaymentService - Booking 8 marked as CONFIRMED after payment. Sending email...
2026-04-02 23:23:50 [http-nio-8081-exec-10] INFO  c.h.h.service.PaymentService - Booking 8 marked as CONFIRMED after payment. Sending email...
2026-04-02 23:23:50 [http-nio-8081-exec-3] DEBUG c.h.h.s.CustomUserDetailsService - Loading user by email: jana@gmail.com
2026-04-02 23:23:50 [http-nio-8081-exec-3] DEBUG c.h.h.config.JWTAuthFilter - Authenticated user: jana@gmail.com for URI: /api/bookings/my
2026-04-02 23:23:50 [http-nio-8081-exec-3] INFO  c.h.h.controller.BookingController - GET /api/bookings/my - user: 2
2026-04-02 23:23:50 [http-nio-8081-exec-7] DEBUG c.h.h.s.CustomUserDetailsService - Loading user by email: jana@gmail.com
2026-04-02 23:23:50 [http-nio-8081-exec-7] DEBUG c.h.h.config.JWTAuthFilter - Authenticated user: jana@gmail.com for URI: /api/bookings/my
2026-04-02 23:23:50 [http-nio-8081-exec-7] INFO  c.h.h.controller.BookingController - GET /api/bookings/my - user: 2
2026-04-02 23:23:50 [task-2] ERROR o.s.a.i.SimpleAsyncUncaughtExceptionHandler - Unexpected exception occurred invoking async method: public void com.hotel.hotel_backend.service.EmailService.sendBookingConfirmation(java.lang.String,java.lang.String,com.hotel.hotel_backend.entity.Booking)
org.hibernate.LazyInitializationException: could not initialize proxy [com.hotel.hotel_backend.entity.Hotel#3] - no Session
	at org.hibernate.proxy.AbstractLazyInitializer.initialize(AbstractLazyInitializer.java:164)
	at org.hibernate.proxy.AbstractLazyInitializer.getImplementation(AbstractLazyInitializer.java:310)
	at org.hibernate.proxy.pojo.bytebuddy.ByteBuddyInterceptor.intercept(ByteBuddyInterceptor.java:44)
	at org.hibernate.proxy.ProxyConfiguration$InterceptorDispatcher.intercept(ProxyConfiguration.java:102)
	at com.hotel.hotel_backend.entity.Hotel$HibernateProxy$ZgMy5DtX.getName(Unknown Source)
	at com.hotel.hotel_backend.service.EmailService.buildBookingConfirmationHtml(EmailService.java:125)
	at com.hotel.hotel_backend.service.EmailService.sendBookingConfirmation(EmailService.java:51)
	at java.base/jdk.internal.reflect.DirectMethodHandleAccessor.invoke(DirectMethodHandleAccessor.java:103)
	at java.base/java.lang.reflect.Method.invoke(Method.java:580)
	at org.springframework.aop.support.AopUtils.invokeJoinpointUsingReflection(AopUtils.java:352)
	at org.springframework.aop.framework.ReflectiveMethodInvocation.invokeJoinpoint(ReflectiveMethodInvocation.java:196)
	at org.springframework.aop.framework.ReflectiveMethodInvocation.proceed(ReflectiveMethodInvocation.java:163)
	at org.springframework.aop.framework.CglibAopProxy$CglibMethodInvocation.proceed(CglibAopProxy.java:765)
	at org.springframework.aop.interceptor.AsyncExecutionInterceptor.lambda$invoke$0(AsyncExecutionInterceptor.java:115)
	at java.base/java.util.concurrent.FutureTask.run(FutureTask.java:317)
	at java.base/java.util.concurrent.ThreadPoolExecutor.runWorker(ThreadPoolExecutor.java:1144)
	at java.base/java.util.concurrent.ThreadPoolExecutor$Worker.run(ThreadPoolExecutor.java:642)
	at java.base/java.lang.Thread.run(Thread.java:1583)
2026-04-02 23:23:50 [task-1] ERROR o.s.a.i.SimpleAsyncUncaughtExceptionHandler - Unexpected exception occurred invoking async method: public void com.hotel.hotel_backend.service.EmailService.sendBookingConfirmation(java.lang.String,java.lang.String,com.hotel.hotel_backend.entity.Booking)
org.hibernate.LazyInitializationException: could not initialize proxy [com.hotel.hotel_backend.entity.Hotel#3] - no Session
	at org.hibernate.proxy.AbstractLazyInitializer.initialize(AbstractLazyInitializer.java:164)
	at org.hibernate.proxy.AbstractLazyInitializer.getImplementation(AbstractLazyInitializer.java:310)
	at org.hibernate.proxy.pojo.bytebuddy.ByteBuddyInterceptor.intercept(ByteBuddyInterceptor.java:44)
	at org.hibernate.proxy.ProxyConfiguration$InterceptorDispatcher.intercept(ProxyConfiguration.java:102)
	at com.hotel.hotel_backend.entity.Hotel$HibernateProxy$ZgMy5DtX.getName(Unknown Source)
	at com.hotel.hotel_backend.service.EmailService.buildBookingConfirmationHtml(EmailService.java:125)
	at com.hotel.hotel_backend.service.EmailService.sendBookingConfirmation(EmailService.java:51)
	at java.base/jdk.internal.reflect.DirectMethodHandleAccessor.invoke(DirectMethodHandleAccessor.java:103)
	at java.base/java.lang.reflect.Method.invoke(Method.java:580)
	at org.springframework.aop.support.AopUtils.invokeJoinpointUsingReflection(AopUtils.java:352)
	at org.springframework.aop.framework.ReflectiveMethodInvocation.invokeJoinpoint(ReflectiveMethodInvocation.java:196)
	at org.springframework.aop.framework.ReflectiveMethodInvocation.proceed(ReflectiveMethodInvocation.java:163)
	at org.springframework.aop.framework.CglibAopProxy$CglibMethodInvocation.proceed(CglibAopProxy.java:765)
	at org.springframework.aop.interceptor.AsyncExecutionInterceptor.lambda$invoke$0(AsyncExecutionInterceptor.java:115)
	at java.base/java.util.concurrent.FutureTask.run(FutureTask.java:317)
	at java.base/java.util.concurrent.ThreadPoolExecutor.runWorker(ThreadPoolExecutor.java:1144)
	at java.base/java.util.concurrent.ThreadPoolExecutor$Worker.run(ThreadPoolExecutor.java:642)
	at java.base/java.lang.Thread.run(Thread.java:1583)
2026-04-02 23:24:55 [http-nio-8081-exec-6] DEBUG c.h.h.s.CustomUserDetailsService - Loading user by email: jana@gmail.com
2026-04-02 23:24:55 [http-nio-8081-exec-1] DEBUG c.h.h.s.CustomUserDetailsService - Loading user by email: jana@gmail.com
2026-04-02 23:24:55 [http-nio-8081-exec-1] DEBUG c.h.h.config.JWTAuthFilter - Authenticated user: jana@gmail.com for URI: /api/payments/verify
2026-04-02 23:24:55 [http-nio-8081-exec-6] DEBUG c.h.h.config.JWTAuthFilter - Authenticated user: jana@gmail.com for URI: /api/payments/verify
2026-04-02 23:24:55 [http-nio-8081-exec-1] INFO  c.h.h.controller.PaymentController - POST /api/payments/verify/cs_test_a1qp0aUcHeB9gDIBcgb66Q1kBf8MBtMRU2M0BOMJF14bBOQZ4QSaqE9fyh
2026-04-02 23:24:55 [http-nio-8081-exec-6] INFO  c.h.h.controller.PaymentController - POST /api/payments/verify/cs_test_a1qp0aUcHeB9gDIBcgb66Q1kBf8MBtMRU2M0BOMJF14bBOQZ4QSaqE9fyh
2026-04-02 23:24:57 [http-nio-8081-exec-2] DEBUG c.h.h.s.CustomUserDetailsService - Loading user by email: jana@gmail.com
2026-04-02 23:24:57 [http-nio-8081-exec-2] DEBUG c.h.h.config.JWTAuthFilter - Authenticated user: jana@gmail.com for URI: /api/bookings/my
2026-04-02 23:24:57 [http-nio-8081-exec-2] INFO  c.h.h.controller.BookingController - GET /api/bookings/my - user: 2
2026-04-02 23:24:57 [http-nio-8081-exec-5] DEBUG c.h.h.s.CustomUserDetailsService - Loading user by email: jana@gmail.com
2026-04-02 23:24:57 [http-nio-8081-exec-5] DEBUG c.h.h.config.JWTAuthFilter - Authenticated user: jana@gmail.com for URI: /api/bookings/my
2026-04-02 23:24:57 [http-nio-8081-exec-5] INFO  c.h.h.controller.BookingController - GET /api/bookings/my - user: 2
2026-04-02 23:26:07 [SpringApplicationShutdownHook] INFO  o.s.o.j.LocalContainerEntityManagerFactoryBean - Closing JPA EntityManagerFactory for persistence unit 'default'
2026-04-02 23:26:07 [SpringApplicationShutdownHook] INFO  com.zaxxer.hikari.HikariDataSource - HikariPool-1 - Shutdown initiated...
2026-04-02 23:26:07 [SpringApplicationShutdownHook] INFO  com.zaxxer.hikari.HikariDataSource - HikariPool-1 - Shutdown completed.
2026-04-02 23:26:17 [main] INFO  c.h.h.HotelBackendApplication - Starting HotelBackendApplication using Java 21.0.10 with PID 15928 (C:\Users\girid\Desktop\HotelBooking\hotel-backend\target\classes started by girid in C:\Users\girid\Desktop\HotelBooking\hotel-backend)
2026-04-02 23:26:17 [main] DEBUG c.h.h.HotelBackendApplication - Running with Spring Boot v3.2.0, Spring v6.1.1
2026-04-02 23:26:17 [main] INFO  c.h.h.HotelBackendApplication - No active profile set, falling back to 1 default profile: "default"
2026-04-02 23:26:18 [main] INFO  o.s.d.r.c.RepositoryConfigurationDelegate - Bootstrapping Spring Data JPA repositories in DEFAULT mode.
2026-04-02 23:26:18 [main] INFO  o.s.d.r.c.RepositoryConfigurationDelegate - Finished Spring Data repository scanning in 101 ms. Found 4 JPA repository interfaces.
2026-04-02 23:26:19 [main] INFO  o.s.b.w.e.tomcat.TomcatWebServer - Tomcat initialized with port 8081 (http)
2026-04-02 23:26:19 [main] INFO  o.a.catalina.core.StandardService - Starting service [Tomcat]
2026-04-02 23:26:19 [main] INFO  o.a.catalina.core.StandardEngine - Starting Servlet engine: [Apache Tomcat/10.1.16]
2026-04-02 23:26:19 [main] INFO  o.a.c.c.C.[Tomcat].[localhost].[/] - Initializing Spring embedded WebApplicationContext
2026-04-02 23:26:19 [main] INFO  o.s.b.w.s.c.ServletWebServerApplicationContext - Root WebApplicationContext: initialization completed in 1866 ms
2026-04-02 23:26:19 [main] INFO  o.h.jpa.internal.util.LogHelper - HHH000204: Processing PersistenceUnitInfo [name: default]
2026-04-02 23:26:19 [main] INFO  org.hibernate.Version - HHH000412: Hibernate ORM core version 6.3.1.Final
2026-04-02 23:26:19 [main] INFO  o.h.c.i.RegionFactoryInitiator - HHH000026: Second-level cache disabled
2026-04-02 23:26:19 [main] INFO  o.s.o.j.p.SpringPersistenceUnitInfo - No LoadTimeWeaver setup: ignoring JPA class transformer
2026-04-02 23:26:19 [main] INFO  com.zaxxer.hikari.HikariDataSource - HikariPool-1 - Starting...
2026-04-02 23:26:19 [main] INFO  com.zaxxer.hikari.pool.HikariPool - HikariPool-1 - Added connection com.mysql.cj.jdbc.ConnectionImpl@5fde1d64
2026-04-02 23:26:19 [main] INFO  com.zaxxer.hikari.HikariDataSource - HikariPool-1 - Start completed.
2026-04-02 23:26:20 [main] WARN  org.hibernate.orm.deprecation - HHH90000025: MySQLDialect does not need to be specified explicitly using 'hibernate.dialect' (remove the property setting and it will be selected by default)
2026-04-02 23:26:21 [main] INFO  o.h.e.t.j.p.i.JtaPlatformInitiator - HHH000489: No JTA platform available (set 'hibernate.transaction.jta.platform' to enable JTA platform integration)
2026-04-02 23:26:21 [main] INFO  o.s.o.j.LocalContainerEntityManagerFactoryBean - Initialized JPA EntityManagerFactory for persistence unit 'default'
2026-04-02 23:26:21 [main] DEBUG c.h.h.config.JWTAuthFilter - Filter 'JWTAuthFilter' configured for use
2026-04-02 23:26:22 [main] INFO  o.s.d.j.r.query.QueryEnhancerFactory - Hibernate is in classpath; If applicable, HQL parser will be used.
2026-04-02 23:26:22 [main] WARN  o.s.b.a.o.j.JpaBaseConfiguration$JpaWebConfiguration - spring.jpa.open-in-view is enabled by default. Therefore, database queries may be performed during view rendering. Explicitly configure spring.jpa.open-in-view to disable this warning
2026-04-02 23:26:23 [main] INFO  o.s.s.web.DefaultSecurityFilterChain - Will secure any request with [org.springframework.security.web.session.DisableEncodeUrlFilter@17e77d57, org.springframework.security.web.context.request.async.WebAsyncManagerIntegrationFilter@1f9c9485, org.springframework.security.web.context.SecurityContextHolderFilter@27d40ca5, org.springframework.security.web.header.HeaderWriterFilter@1eacc589, org.springframework.web.filter.CorsFilter@5deae5ef, org.springframework.security.web.authentication.logout.LogoutFilter@7560ca1d, com.hotel.hotel_backend.config.JWTAuthFilter@4844e24b, org.springframework.security.web.savedrequest.RequestCacheAwareFilter@9c53820, org.springframework.security.web.servletapi.SecurityContextHolderAwareRequestFilter@7f218b0c, org.springframework.security.web.authentication.AnonymousAuthenticationFilter@791ff1b9, org.springframework.security.web.session.SessionManagementFilter@2a03b7d2, org.springframework.security.web.access.ExceptionTranslationFilter@73c7a727, org.springframework.security.web.access.intercept.AuthorizationFilter@19323826]
2026-04-02 23:26:23 [main] INFO  o.s.b.w.e.tomcat.TomcatWebServer - Tomcat started on port 8081 (http) with context path ''
2026-04-02 23:26:23 [main] INFO  c.h.h.HotelBackendApplication - Started HotelBackendApplication in 7.404 seconds (process running for 7.805)
2026-04-02 23:26:29 [http-nio-8081-exec-1] INFO  o.a.c.c.C.[Tomcat].[localhost].[/] - Initializing Spring DispatcherServlet 'dispatcherServlet'
2026-04-02 23:26:29 [http-nio-8081-exec-1] INFO  o.s.web.servlet.DispatcherServlet - Initializing Servlet 'dispatcherServlet'
2026-04-02 23:26:29 [http-nio-8081-exec-1] INFO  o.s.web.servlet.DispatcherServlet - Completed initialization in 0 ms
2026-04-02 23:26:30 [http-nio-8081-exec-1] DEBUG c.h.h.s.CustomUserDetailsService - Loading user by email: jana@gmail.com
2026-04-02 23:26:30 [http-nio-8081-exec-1] DEBUG c.h.h.config.JWTAuthFilter - Authenticated user: jana@gmail.com for URI: /api/payments/checkout/7
2026-04-02 23:26:30 [http-nio-8081-exec-1] WARN  o.s.w.s.h.HandlerMappingIntrospector - Cache miss for REQUEST dispatch to '/api/payments/checkout/7' (previous null). Performing MatchableHandlerMapping lookup. This is logged once only at WARN level, and every time at TRACE.
2026-04-02 23:26:30 [http-nio-8081-exec-1] INFO  c.h.h.controller.PaymentController - POST /api/payments/checkout/7
2026-04-02 23:26:32 [http-nio-8081-exec-3] DEBUG c.h.h.s.CustomUserDetailsService - Loading user by email: jana@gmail.com
2026-04-02 23:26:32 [http-nio-8081-exec-3] DEBUG c.h.h.config.JWTAuthFilter - Authenticated user: jana@gmail.com for URI: /api/payments/checkout/7
2026-04-02 23:26:32 [http-nio-8081-exec-3] INFO  c.h.h.controller.PaymentController - POST /api/payments/checkout/7
2026-04-02 23:26:32 [http-nio-8081-exec-1] INFO  c.h.h.service.PaymentService - Stripe Session created: cs_test_a1vOPz7mlmgmRrktr1yvPBINVAVKfITN96yOZ5IcMHFommy10hgnCSxqWw for booking ID: 7
2026-04-02 23:26:32 [http-nio-8081-exec-2] DEBUG c.h.h.s.CustomUserDetailsService - Loading user by email: jana@gmail.com
2026-04-02 23:26:32 [http-nio-8081-exec-2] DEBUG c.h.h.config.JWTAuthFilter - Authenticated user: jana@gmail.com for URI: /api/payments/checkout/7
2026-04-02 23:26:32 [http-nio-8081-exec-2] INFO  c.h.h.controller.PaymentController - POST /api/payments/checkout/7
2026-04-02 23:26:33 [http-nio-8081-exec-3] INFO  c.h.h.service.PaymentService - Stripe Session created: cs_test_a17keFOlokD05BbRQHvOgFQxZe7NAhP8K8NM0UMQSQxhYpi0U7Phkp7YB4 for booking ID: 7
2026-04-02 23:26:33 [http-nio-8081-exec-2] INFO  c.h.h.service.PaymentService - Stripe Session created: cs_test_a16A9tsoQFyrH59l0VT8eJV5qohtv3SwjGtdRMoMXUMizKt3n6oZEXKAb2 for booking ID: 7
2026-04-02 23:26:55 [http-nio-8081-exec-4] DEBUG c.h.h.s.CustomUserDetailsService - Loading user by email: jana@gmail.com
2026-04-02 23:26:55 [http-nio-8081-exec-5] DEBUG c.h.h.s.CustomUserDetailsService - Loading user by email: jana@gmail.com
2026-04-02 23:26:55 [http-nio-8081-exec-4] DEBUG c.h.h.config.JWTAuthFilter - Authenticated user: jana@gmail.com for URI: /api/payments/verify
2026-04-02 23:26:55 [http-nio-8081-exec-5] DEBUG c.h.h.config.JWTAuthFilter - Authenticated user: jana@gmail.com for URI: /api/payments/verify
2026-04-02 23:26:55 [http-nio-8081-exec-4] INFO  c.h.h.controller.PaymentController - POST /api/payments/verify/cs_test_a1vOPz7mlmgmRrktr1yvPBINVAVKfITN96yOZ5IcMHFommy10hgnCSxqWw
2026-04-02 23:26:55 [http-nio-8081-exec-5] INFO  c.h.h.controller.PaymentController - POST /api/payments/verify/cs_test_a1vOPz7mlmgmRrktr1yvPBINVAVKfITN96yOZ5IcMHFommy10hgnCSxqWw
2026-04-02 23:26:56 [http-nio-8081-exec-4] INFO  c.h.h.service.PaymentService - Booking 7 marked as CONFIRMED after payment. Sending email...
2026-04-02 23:26:56 [http-nio-8081-exec-5] INFO  c.h.h.service.PaymentService - Booking 7 marked as CONFIRMED after payment. Sending email...
2026-04-02 23:26:56 [http-nio-8081-exec-7] DEBUG c.h.h.s.CustomUserDetailsService - Loading user by email: jana@gmail.com
2026-04-02 23:26:56 [http-nio-8081-exec-7] DEBUG c.h.h.config.JWTAuthFilter - Authenticated user: jana@gmail.com for URI: /api/bookings/my
2026-04-02 23:26:56 [http-nio-8081-exec-7] INFO  c.h.h.controller.BookingController - GET /api/bookings/my - user: 2
2026-04-02 23:26:56 [task-1] ERROR o.s.a.i.SimpleAsyncUncaughtExceptionHandler - Unexpected exception occurred invoking async method: public void com.hotel.hotel_backend.service.EmailService.sendBookingConfirmation(java.lang.String,java.lang.String,com.hotel.hotel_backend.entity.Booking)
org.hibernate.LazyInitializationException: could not initialize proxy [com.hotel.hotel_backend.entity.Hotel#3] - no Session
	at org.hibernate.proxy.AbstractLazyInitializer.initialize(AbstractLazyInitializer.java:164)
	at org.hibernate.proxy.AbstractLazyInitializer.getImplementation(AbstractLazyInitializer.java:310)
	at org.hibernate.proxy.pojo.bytebuddy.ByteBuddyInterceptor.intercept(ByteBuddyInterceptor.java:44)
	at org.hibernate.proxy.ProxyConfiguration$InterceptorDispatcher.intercept(ProxyConfiguration.java:102)
	at com.hotel.hotel_backend.entity.Hotel$HibernateProxy$OKxebSfi.getName(Unknown Source)
	at com.hotel.hotel_backend.service.EmailService.buildBookingConfirmationHtml(EmailService.java:125)
	at com.hotel.hotel_backend.service.EmailService.sendBookingConfirmation(EmailService.java:51)
	at java.base/jdk.internal.reflect.DirectMethodHandleAccessor.invoke(DirectMethodHandleAccessor.java:103)
	at java.base/java.lang.reflect.Method.invoke(Method.java:580)
	at org.springframework.aop.support.AopUtils.invokeJoinpointUsingReflection(AopUtils.java:352)
	at org.springframework.aop.framework.ReflectiveMethodInvocation.invokeJoinpoint(ReflectiveMethodInvocation.java:196)
	at org.springframework.aop.framework.ReflectiveMethodInvocation.proceed(ReflectiveMethodInvocation.java:163)
	at org.springframework.aop.framework.CglibAopProxy$CglibMethodInvocation.proceed(CglibAopProxy.java:765)
	at org.springframework.aop.interceptor.AsyncExecutionInterceptor.lambda$invoke$0(AsyncExecutionInterceptor.java:115)
	at java.base/java.util.concurrent.FutureTask.run(FutureTask.java:317)
	at java.base/java.util.concurrent.ThreadPoolExecutor.runWorker(ThreadPoolExecutor.java:1144)
	at java.base/java.util.concurrent.ThreadPoolExecutor$Worker.run(ThreadPoolExecutor.java:642)
	at java.base/java.lang.Thread.run(Thread.java:1583)
2026-04-02 23:26:56 [task-2] ERROR o.s.a.i.SimpleAsyncUncaughtExceptionHandler - Unexpected exception occurred invoking async method: public void com.hotel.hotel_backend.service.EmailService.sendBookingConfirmation(java.lang.String,java.lang.String,com.hotel.hotel_backend.entity.Booking)
org.hibernate.LazyInitializationException: could not initialize proxy [com.hotel.hotel_backend.entity.Hotel#3] - no Session
	at org.hibernate.proxy.AbstractLazyInitializer.initialize(AbstractLazyInitializer.java:164)
	at org.hibernate.proxy.AbstractLazyInitializer.getImplementation(AbstractLazyInitializer.java:310)
	at org.hibernate.proxy.pojo.bytebuddy.ByteBuddyInterceptor.intercept(ByteBuddyInterceptor.java:44)
	at org.hibernate.proxy.ProxyConfiguration$InterceptorDispatcher.intercept(ProxyConfiguration.java:102)
	at com.hotel.hotel_backend.entity.Hotel$HibernateProxy$OKxebSfi.getName(Unknown Source)
	at com.hotel.hotel_backend.service.EmailService.buildBookingConfirmationHtml(EmailService.java:125)
	at com.hotel.hotel_backend.service.EmailService.sendBookingConfirmation(EmailService.java:51)
	at java.base/jdk.internal.reflect.DirectMethodHandleAccessor.invoke(DirectMethodHandleAccessor.java:103)
	at java.base/java.lang.reflect.Method.invoke(Method.java:580)
	at org.springframework.aop.support.AopUtils.invokeJoinpointUsingReflection(AopUtils.java:352)
	at org.springframework.aop.framework.ReflectiveMethodInvocation.invokeJoinpoint(ReflectiveMethodInvocation.java:196)
	at org.springframework.aop.framework.ReflectiveMethodInvocation.proceed(ReflectiveMethodInvocation.java:163)
	at org.springframework.aop.framework.CglibAopProxy$CglibMethodInvocation.proceed(CglibAopProxy.java:765)
	at org.springframework.aop.interceptor.AsyncExecutionInterceptor.lambda$invoke$0(AsyncExecutionInterceptor.java:115)
	at java.base/java.util.concurrent.FutureTask.run(FutureTask.java:317)
	at java.base/java.util.concurrent.ThreadPoolExecutor.runWorker(ThreadPoolExecutor.java:1144)
	at java.base/java.util.concurrent.ThreadPoolExecutor$Worker.run(ThreadPoolExecutor.java:642)
	at java.base/java.lang.Thread.run(Thread.java:1583)
2026-04-02 23:26:56 [http-nio-8081-exec-9] DEBUG c.h.h.s.CustomUserDetailsService - Loading user by email: jana@gmail.com
2026-04-02 23:26:56 [http-nio-8081-exec-9] DEBUG c.h.h.config.JWTAuthFilter - Authenticated user: jana@gmail.com for URI: /api/bookings/my
2026-04-02 23:26:56 [http-nio-8081-exec-9] INFO  c.h.h.controller.BookingController - GET /api/bookings/my - user: 2
2026-04-02 23:30:09 [SpringApplicationShutdownHook] INFO  o.s.o.j.LocalContainerEntityManagerFactoryBean - Closing JPA EntityManagerFactory for persistence unit 'default'
2026-04-02 23:30:09 [SpringApplicationShutdownHook] INFO  com.zaxxer.hikari.HikariDataSource - HikariPool-1 - Shutdown initiated...
2026-04-02 23:30:09 [SpringApplicationShutdownHook] INFO  com.zaxxer.hikari.HikariDataSource - HikariPool-1 - Shutdown completed.
2026-04-02 23:30:20 [main] INFO  c.h.h.HotelBackendApplication - Starting HotelBackendApplication using Java 21.0.10 with PID 21304 (C:\Users\girid\Desktop\HotelBooking\hotel-backend\target\classes started by girid in C:\Users\girid\Desktop\HotelBooking\hotel-backend)
2026-04-02 23:30:20 [main] DEBUG c.h.h.HotelBackendApplication - Running with Spring Boot v3.2.0, Spring v6.1.1
2026-04-02 23:30:20 [main] INFO  c.h.h.HotelBackendApplication - No active profile set, falling back to 1 default profile: "default"
2026-04-02 23:30:21 [main] INFO  o.s.d.r.c.RepositoryConfigurationDelegate - Bootstrapping Spring Data JPA repositories in DEFAULT mode.
2026-04-02 23:30:21 [main] INFO  o.s.d.r.c.RepositoryConfigurationDelegate - Finished Spring Data repository scanning in 112 ms. Found 4 JPA repository interfaces.
2026-04-02 23:30:22 [main] INFO  o.s.b.w.e.tomcat.TomcatWebServer - Tomcat initialized with port 8081 (http)
2026-04-02 23:30:22 [main] INFO  o.a.catalina.core.StandardService - Starting service [Tomcat]
2026-04-02 23:30:22 [main] INFO  o.a.catalina.core.StandardEngine - Starting Servlet engine: [Apache Tomcat/10.1.16]
2026-04-02 23:30:22 [main] INFO  o.a.c.c.C.[Tomcat].[localhost].[/] - Initializing Spring embedded WebApplicationContext
2026-04-02 23:30:22 [main] INFO  o.s.b.w.s.c.ServletWebServerApplicationContext - Root WebApplicationContext: initialization completed in 1885 ms
2026-04-02 23:30:23 [main] INFO  o.h.jpa.internal.util.LogHelper - HHH000204: Processing PersistenceUnitInfo [name: default]
2026-04-02 23:30:23 [main] INFO  org.hibernate.Version - HHH000412: Hibernate ORM core version 6.3.1.Final
2026-04-02 23:30:23 [main] INFO  o.h.c.i.RegionFactoryInitiator - HHH000026: Second-level cache disabled
2026-04-02 23:30:23 [main] INFO  o.s.o.j.p.SpringPersistenceUnitInfo - No LoadTimeWeaver setup: ignoring JPA class transformer
2026-04-02 23:30:23 [main] INFO  com.zaxxer.hikari.HikariDataSource - HikariPool-1 - Starting...
2026-04-02 23:30:23 [main] INFO  com.zaxxer.hikari.pool.HikariPool - HikariPool-1 - Added connection com.mysql.cj.jdbc.ConnectionImpl@6e46891d
2026-04-02 23:30:23 [main] INFO  com.zaxxer.hikari.HikariDataSource - HikariPool-1 - Start completed.
2026-04-02 23:30:23 [main] WARN  org.hibernate.orm.deprecation - HHH90000025: MySQLDialect does not need to be specified explicitly using 'hibernate.dialect' (remove the property setting and it will be selected by default)
2026-04-02 23:30:24 [main] INFO  o.h.e.t.j.p.i.JtaPlatformInitiator - HHH000489: No JTA platform available (set 'hibernate.transaction.jta.platform' to enable JTA platform integration)
2026-04-02 23:30:25 [main] INFO  o.s.o.j.LocalContainerEntityManagerFactoryBean - Initialized JPA EntityManagerFactory for persistence unit 'default'
2026-04-02 23:30:25 [main] DEBUG c.h.h.config.JWTAuthFilter - Filter 'JWTAuthFilter' configured for use
2026-04-02 23:30:25 [main] INFO  o.s.d.j.r.query.QueryEnhancerFactory - Hibernate is in classpath; If applicable, HQL parser will be used.
2026-04-02 23:30:26 [main] WARN  o.s.b.a.o.j.JpaBaseConfiguration$JpaWebConfiguration - spring.jpa.open-in-view is enabled by default. Therefore, database queries may be performed during view rendering. Explicitly configure spring.jpa.open-in-view to disable this warning
2026-04-02 23:30:27 [main] INFO  o.s.s.web.DefaultSecurityFilterChain - Will secure any request with [org.springframework.security.web.session.DisableEncodeUrlFilter@791ff1b9, org.springframework.security.web.context.request.async.WebAsyncManagerIntegrationFilter@55be2608, org.springframework.security.web.context.SecurityContextHolderFilter@7f218b0c, org.springframework.security.web.header.HeaderWriterFilter@6fd14e7c, org.springframework.web.filter.CorsFilter@2e7da886, org.springframework.security.web.authentication.logout.LogoutFilter@f04b315, com.hotel.hotel_backend.config.JWTAuthFilter@7e5e7753, org.springframework.security.web.savedrequest.RequestCacheAwareFilter@1c388703, org.springframework.security.web.servletapi.SecurityContextHolderAwareRequestFilter@3c1ca89c, org.springframework.security.web.authentication.AnonymousAuthenticationFilter@24b2e53b, org.springframework.security.web.session.SessionManagementFilter@27d40ca5, org.springframework.security.web.access.ExceptionTranslationFilter@174cd1a4, org.springframework.security.web.access.intercept.AuthorizationFilter@17e77d57]
2026-04-02 23:30:27 [main] INFO  o.s.b.w.e.tomcat.TomcatWebServer - Tomcat started on port 8081 (http) with context path ''
2026-04-02 23:30:27 [main] INFO  c.h.h.HotelBackendApplication - Started HotelBackendApplication in 7.26 seconds (process running for 7.702)
2026-04-02 23:31:00 [http-nio-8081-exec-1] INFO  o.a.c.c.C.[Tomcat].[localhost].[/] - Initializing Spring DispatcherServlet 'dispatcherServlet'
2026-04-02 23:31:00 [http-nio-8081-exec-1] INFO  o.s.web.servlet.DispatcherServlet - Initializing Servlet 'dispatcherServlet'
2026-04-02 23:31:00 [http-nio-8081-exec-1] INFO  o.s.web.servlet.DispatcherServlet - Completed initialization in 5 ms
2026-04-02 23:31:01 [http-nio-8081-exec-2] WARN  o.s.w.s.h.HandlerMappingIntrospector - Cache miss for REQUEST dispatch to '/api/auth/login' (previous null). Performing MatchableHandlerMapping lookup. This is logged once only at WARN level, and every time at TRACE.
2026-04-02 23:31:01 [http-nio-8081-exec-2] INFO  c.h.h.controller.AuthController - POST /api/auth/login - email: user@demo.com
2026-04-02 23:31:01 [http-nio-8081-exec-2] INFO  c.h.h.service.UserService - Login attempt for email: user@demo.com
2026-04-02 23:31:01 [http-nio-8081-exec-2] DEBUG c.h.h.s.CustomUserDetailsService - Loading user by email: user@demo.com
2026-04-02 23:31:01 [http-nio-8081-exec-2] WARN  c.h.h.e.GlobalExceptionHandler - Bad credentials attempt
2026-04-02 23:31:42 [http-nio-8081-exec-4] INFO  c.h.h.controller.AuthController - POST /api/auth/register - email: krish@gmail.com
2026-04-02 23:31:42 [http-nio-8081-exec-4] INFO  c.h.h.service.UserService - Registering new user with email: krish@gmail.com
2026-04-02 23:31:42 [http-nio-8081-exec-4] INFO  c.h.h.service.UserService - User registered successfully with id: 3
2026-04-02 23:31:42 [http-nio-8081-exec-5] INFO  c.h.h.controller.AuthController - POST /api/auth/login - email: krish@gmail.com
2026-04-02 23:31:42 [http-nio-8081-exec-5] INFO  c.h.h.service.UserService - Login attempt for email: krish@gmail.com
2026-04-02 23:31:42 [http-nio-8081-exec-5] DEBUG c.h.h.s.CustomUserDetailsService - Loading user by email: krish@gmail.com
2026-04-02 23:31:43 [http-nio-8081-exec-5] INFO  c.h.h.service.UserService - User logged in successfully: krish@gmail.com
2026-04-02 23:31:43 [http-nio-8081-exec-1] DEBUG c.h.h.s.CustomUserDetailsService - Loading user by email: krish@gmail.com
2026-04-02 23:31:43 [http-nio-8081-exec-9] DEBUG c.h.h.s.CustomUserDetailsService - Loading user by email: krish@gmail.com
2026-04-02 23:31:43 [http-nio-8081-exec-1] DEBUG c.h.h.config.JWTAuthFilter - Authenticated user: krish@gmail.com for URI: /api/hotels
2026-04-02 23:31:43 [http-nio-8081-exec-9] DEBUG c.h.h.config.JWTAuthFilter - Authenticated user: krish@gmail.com for URI: /api/hotels/locations
2026-04-02 23:31:43 [http-nio-8081-exec-1] INFO  c.h.h.controller.HotelController - GET /api/hotels
2026-04-02 23:31:43 [http-nio-8081-exec-2] DEBUG c.h.h.s.CustomUserDetailsService - Loading user by email: krish@gmail.com
2026-04-02 23:31:43 [http-nio-8081-exec-2] DEBUG c.h.h.config.JWTAuthFilter - Authenticated user: krish@gmail.com for URI: /api/hotels/locations
2026-04-02 23:31:43 [http-nio-8081-exec-1] INFO  c.h.h.service.HotelService - Fetched 50 hotels
2026-04-02 23:31:43 [http-nio-8081-exec-3] DEBUG c.h.h.s.CustomUserDetailsService - Loading user by email: krish@gmail.com
2026-04-02 23:31:43 [http-nio-8081-exec-3] DEBUG c.h.h.config.JWTAuthFilter - Authenticated user: krish@gmail.com for URI: /api/hotels
2026-04-02 23:31:43 [http-nio-8081-exec-3] INFO  c.h.h.controller.HotelController - GET /api/hotels
2026-04-02 23:31:43 [http-nio-8081-exec-3] INFO  c.h.h.service.HotelService - Fetched 50 hotels
2026-04-02 23:31:51 [http-nio-8081-exec-4] DEBUG c.h.h.s.CustomUserDetailsService - Loading user by email: krish@gmail.com
2026-04-02 23:31:51 [http-nio-8081-exec-4] DEBUG c.h.h.config.JWTAuthFilter - Authenticated user: krish@gmail.com for URI: /api/rooms/search
2026-04-02 23:31:51 [http-nio-8081-exec-4] INFO  c.h.h.controller.HotelController - GET /api/rooms/search?location=Erode&checkIn=2026-04-02&checkOut=2026-04-03
2026-04-02 23:31:51 [http-nio-8081-exec-4] INFO  c.h.h.service.HotelService - Found 11 available rooms in Erode from 2026-04-02 to 2026-04-03
2026-04-02 23:31:51 [task-1] INFO  c.h.h.service.EmailService - Registration confirmation email sent to: krish@gmail.com
2026-04-02 23:31:57 [http-nio-8081-exec-10] DEBUG c.h.h.s.CustomUserDetailsService - Loading user by email: krish@gmail.com
2026-04-02 23:31:57 [http-nio-8081-exec-10] DEBUG c.h.h.config.JWTAuthFilter - Authenticated user: krish@gmail.com for URI: /api/hotels/32
2026-04-02 23:31:57 [http-nio-8081-exec-10] INFO  c.h.h.controller.HotelController - GET /api/hotels/32
2026-04-02 23:31:57 [http-nio-8081-exec-8] DEBUG c.h.h.s.CustomUserDetailsService - Loading user by email: krish@gmail.com
2026-04-02 23:31:57 [http-nio-8081-exec-8] DEBUG c.h.h.config.JWTAuthFilter - Authenticated user: krish@gmail.com for URI: /api/hotels/32
2026-04-02 23:31:57 [http-nio-8081-exec-8] INFO  c.h.h.controller.HotelController - GET /api/hotels/32
2026-04-02 23:31:59 [http-nio-8081-exec-9] DEBUG c.h.h.s.CustomUserDetailsService - Loading user by email: krish@gmail.com
2026-04-02 23:31:59 [http-nio-8081-exec-9] DEBUG c.h.h.config.JWTAuthFilter - Authenticated user: krish@gmail.com for URI: /api/bookings
2026-04-02 23:31:59 [http-nio-8081-exec-9] INFO  c.h.h.controller.BookingController - POST /api/bookings - user: 3
2026-04-02 23:31:59 [http-nio-8081-exec-9] INFO  c.h.h.service.BookingService - Creating booking for user 3 room 74
2026-04-02 23:31:59 [http-nio-8081-exec-9] INFO  c.h.h.service.BookingService - Booking created in PENDING_PAYMENT: 9 for user: 3
2026-04-02 23:31:59 [http-nio-8081-exec-1] DEBUG c.h.h.s.CustomUserDetailsService - Loading user by email: krish@gmail.com
2026-04-02 23:31:59 [http-nio-8081-exec-1] DEBUG c.h.h.config.JWTAuthFilter - Authenticated user: krish@gmail.com for URI: /api/payments/checkout/9
2026-04-02 23:31:59 [http-nio-8081-exec-1] INFO  c.h.h.controller.PaymentController - POST /api/payments/checkout/9
2026-04-02 23:32:00 [http-nio-8081-exec-1] INFO  c.h.h.service.PaymentService - Stripe Session created: cs_test_a16M2i7DHecNl4VkQbYpymwyK8g3xcXfphvhdiBPMHs9m0TqTPSgTmyRNt for booking ID: 9
2026-04-02 23:32:19 [http-nio-8081-exec-3] DEBUG c.h.h.s.CustomUserDetailsService - Loading user by email: krish@gmail.com
2026-04-02 23:32:19 [http-nio-8081-exec-4] DEBUG c.h.h.s.CustomUserDetailsService - Loading user by email: krish@gmail.com
2026-04-02 23:32:19 [http-nio-8081-exec-3] DEBUG c.h.h.config.JWTAuthFilter - Authenticated user: krish@gmail.com for URI: /api/payments/verify
2026-04-02 23:32:19 [http-nio-8081-exec-4] DEBUG c.h.h.config.JWTAuthFilter - Authenticated user: krish@gmail.com for URI: /api/payments/verify
2026-04-02 23:32:19 [http-nio-8081-exec-3] INFO  c.h.h.controller.PaymentController - POST /api/payments/verify/cs_test_a16M2i7DHecNl4VkQbYpymwyK8g3xcXfphvhdiBPMHs9m0TqTPSgTmyRNt
2026-04-02 23:32:19 [http-nio-8081-exec-4] INFO  c.h.h.controller.PaymentController - POST /api/payments/verify/cs_test_a16M2i7DHecNl4VkQbYpymwyK8g3xcXfphvhdiBPMHs9m0TqTPSgTmyRNt
2026-04-02 23:32:19 [http-nio-8081-exec-3] INFO  c.h.h.service.PaymentService - Booking 9 marked as CONFIRMED after payment. Sending email...
2026-04-02 23:32:19 [http-nio-8081-exec-4] INFO  c.h.h.service.PaymentService - Booking 9 marked as CONFIRMED after payment. Sending email...
2026-04-02 23:32:19 [http-nio-8081-exec-5] DEBUG c.h.h.s.CustomUserDetailsService - Loading user by email: krish@gmail.com
2026-04-02 23:32:19 [task-3] ERROR o.s.a.i.SimpleAsyncUncaughtExceptionHandler - Unexpected exception occurred invoking async method: public void com.hotel.hotel_backend.service.EmailService.sendBookingConfirmation(java.lang.String,java.lang.String,com.hotel.hotel_backend.entity.Booking)
org.hibernate.LazyInitializationException: could not initialize proxy [com.hotel.hotel_backend.entity.Hotel#32] - no Session
	at org.hibernate.proxy.AbstractLazyInitializer.initialize(AbstractLazyInitializer.java:164)
	at org.hibernate.proxy.AbstractLazyInitializer.getImplementation(AbstractLazyInitializer.java:310)
	at org.hibernate.proxy.pojo.bytebuddy.ByteBuddyInterceptor.intercept(ByteBuddyInterceptor.java:44)
	at org.hibernate.proxy.ProxyConfiguration$InterceptorDispatcher.intercept(ProxyConfiguration.java:102)
	at com.hotel.hotel_backend.entity.Hotel$HibernateProxy$sOQ2CqJ2.getName(Unknown Source)
	at com.hotel.hotel_backend.service.EmailService.buildBookingConfirmationHtml(EmailService.java:125)
	at com.hotel.hotel_backend.service.EmailService.sendBookingConfirmation(EmailService.java:51)
	at java.base/jdk.internal.reflect.DirectMethodHandleAccessor.invoke(DirectMethodHandleAccessor.java:103)
	at java.base/java.lang.reflect.Method.invoke(Method.java:580)
	at org.springframework.aop.support.AopUtils.invokeJoinpointUsingReflection(AopUtils.java:352)
	at org.springframework.aop.framework.ReflectiveMethodInvocation.invokeJoinpoint(ReflectiveMethodInvocation.java:196)
	at org.springframework.aop.framework.ReflectiveMethodInvocation.proceed(ReflectiveMethodInvocation.java:163)
	at org.springframework.aop.framework.CglibAopProxy$CglibMethodInvocation.proceed(CglibAopProxy.java:765)
	at org.springframework.aop.interceptor.AsyncExecutionInterceptor.lambda$invoke$0(AsyncExecutionInterceptor.java:115)
	at java.base/java.util.concurrent.FutureTask.run(FutureTask.java:317)
	at java.base/java.util.concurrent.ThreadPoolExecutor.runWorker(ThreadPoolExecutor.java:1144)
	at java.base/java.util.concurrent.ThreadPoolExecutor$Worker.run(ThreadPoolExecutor.java:642)
	at java.base/java.lang.Thread.run(Thread.java:1583)
2026-04-02 23:32:19 [task-2] ERROR o.s.a.i.SimpleAsyncUncaughtExceptionHandler - Unexpected exception occurred invoking async method: public void com.hotel.hotel_backend.service.EmailService.sendBookingConfirmation(java.lang.String,java.lang.String,com.hotel.hotel_backend.entity.Booking)
org.hibernate.LazyInitializationException: could not initialize proxy [com.hotel.hotel_backend.entity.Hotel#32] - no Session
	at org.hibernate.proxy.AbstractLazyInitializer.initialize(AbstractLazyInitializer.java:164)
	at org.hibernate.proxy.AbstractLazyInitializer.getImplementation(AbstractLazyInitializer.java:310)
	at org.hibernate.proxy.pojo.bytebuddy.ByteBuddyInterceptor.intercept(ByteBuddyInterceptor.java:44)
	at org.hibernate.proxy.ProxyConfiguration$InterceptorDispatcher.intercept(ProxyConfiguration.java:102)
	at com.hotel.hotel_backend.entity.Hotel$HibernateProxy$sOQ2CqJ2.getName(Unknown Source)
	at com.hotel.hotel_backend.service.EmailService.buildBookingConfirmationHtml(EmailService.java:125)
	at com.hotel.hotel_backend.service.EmailService.sendBookingConfirmation(EmailService.java:51)
	at java.base/jdk.internal.reflect.DirectMethodHandleAccessor.invoke(DirectMethodHandleAccessor.java:103)
	at java.base/java.lang.reflect.Method.invoke(Method.java:580)
	at org.springframework.aop.support.AopUtils.invokeJoinpointUsingReflection(AopUtils.java:352)
	at org.springframework.aop.framework.ReflectiveMethodInvocation.invokeJoinpoint(ReflectiveMethodInvocation.java:196)
	at org.springframework.aop.framework.ReflectiveMethodInvocation.proceed(ReflectiveMethodInvocation.java:163)
	at org.springframework.aop.framework.CglibAopProxy$CglibMethodInvocation.proceed(CglibAopProxy.java:765)
	at org.springframework.aop.interceptor.AsyncExecutionInterceptor.lambda$invoke$0(AsyncExecutionInterceptor.java:115)
	at java.base/java.util.concurrent.FutureTask.run(FutureTask.java:317)
	at java.base/java.util.concurrent.ThreadPoolExecutor.runWorker(ThreadPoolExecutor.java:1144)
	at java.base/java.util.concurrent.ThreadPoolExecutor$Worker.run(ThreadPoolExecutor.java:642)
	at java.base/java.lang.Thread.run(Thread.java:1583)
2026-04-02 23:32:19 [http-nio-8081-exec-5] DEBUG c.h.h.config.JWTAuthFilter - Authenticated user: krish@gmail.com for URI: /api/bookings/my
2026-04-02 23:32:19 [http-nio-8081-exec-5] INFO  c.h.h.controller.BookingController - GET /api/bookings/my - user: 3
2026-04-02 23:32:19 [http-nio-8081-exec-6] DEBUG c.h.h.s.CustomUserDetailsService - Loading user by email: krish@gmail.com
2026-04-02 23:32:20 [http-nio-8081-exec-6] DEBUG c.h.h.config.JWTAuthFilter - Authenticated user: krish@gmail.com for URI: /api/bookings/my
2026-04-02 23:32:20 [http-nio-8081-exec-6] INFO  c.h.h.controller.BookingController - GET /api/bookings/my - user: 3
2026-04-02 23:32:47 [http-nio-8081-exec-7] INFO  c.h.h.controller.HotelController - GET /api/hotels
2026-04-02 23:32:47 [http-nio-8081-exec-7] INFO  c.h.h.service.HotelService - Fetched 50 hotels
2026-04-02 23:32:47 [http-nio-8081-exec-1] INFO  c.h.h.controller.HotelController - GET /api/hotels
2026-04-02 23:32:47 [http-nio-8081-exec-1] INFO  c.h.h.service.HotelService - Fetched 50 hotels
2026-04-02 23:36:43 [SpringApplicationShutdownHook] INFO  o.s.o.j.LocalContainerEntityManagerFactoryBean - Closing JPA EntityManagerFactory for persistence unit 'default'
2026-04-02 23:36:43 [SpringApplicationShutdownHook] INFO  com.zaxxer.hikari.HikariDataSource - HikariPool-1 - Shutdown initiated...
2026-04-02 23:36:43 [SpringApplicationShutdownHook] INFO  com.zaxxer.hikari.HikariDataSource - HikariPool-1 - Shutdown completed.
2026-04-02 23:36:54 [main] INFO  c.h.h.HotelBackendApplication - Starting HotelBackendApplication using Java 21.0.10 with PID 14392 (C:\Users\girid\Desktop\HotelBooking\hotel-backend\target\classes started by girid in C:\Users\girid\Desktop\HotelBooking\hotel-backend)
2026-04-02 23:36:54 [main] DEBUG c.h.h.HotelBackendApplication - Running with Spring Boot v3.2.0, Spring v6.1.1
2026-04-02 23:36:54 [main] INFO  c.h.h.HotelBackendApplication - No active profile set, falling back to 1 default profile: "default"
2026-04-02 23:36:55 [main] INFO  o.s.d.r.c.RepositoryConfigurationDelegate - Bootstrapping Spring Data JPA repositories in DEFAULT mode.
2026-04-02 23:36:55 [main] INFO  o.s.d.r.c.RepositoryConfigurationDelegate - Finished Spring Data repository scanning in 120 ms. Found 4 JPA repository interfaces.
2026-04-02 23:36:56 [main] INFO  o.s.b.w.e.tomcat.TomcatWebServer - Tomcat initialized with port 8081 (http)
2026-04-02 23:36:56 [main] INFO  o.a.catalina.core.StandardService - Starting service [Tomcat]
2026-04-02 23:36:56 [main] INFO  o.a.catalina.core.StandardEngine - Starting Servlet engine: [Apache Tomcat/10.1.16]
2026-04-02 23:36:56 [main] INFO  o.a.c.c.C.[Tomcat].[localhost].[/] - Initializing Spring embedded WebApplicationContext
2026-04-02 23:36:56 [main] INFO  o.s.b.w.s.c.ServletWebServerApplicationContext - Root WebApplicationContext: initialization completed in 2020 ms
2026-04-02 23:36:57 [main] INFO  o.h.jpa.internal.util.LogHelper - HHH000204: Processing PersistenceUnitInfo [name: default]
2026-04-02 23:36:57 [main] INFO  org.hibernate.Version - HHH000412: Hibernate ORM core version 6.3.1.Final
2026-04-02 23:36:57 [main] INFO  o.h.c.i.RegionFactoryInitiator - HHH000026: Second-level cache disabled
2026-04-02 23:36:58 [main] INFO  o.s.o.j.p.SpringPersistenceUnitInfo - No LoadTimeWeaver setup: ignoring JPA class transformer
2026-04-02 23:36:58 [main] INFO  com.zaxxer.hikari.HikariDataSource - HikariPool-1 - Starting...
2026-04-02 23:36:58 [main] INFO  com.zaxxer.hikari.pool.HikariPool - HikariPool-1 - Added connection com.mysql.cj.jdbc.ConnectionImpl@6451a288
2026-04-02 23:36:58 [main] INFO  com.zaxxer.hikari.HikariDataSource - HikariPool-1 - Start completed.
2026-04-02 23:36:58 [main] WARN  org.hibernate.orm.deprecation - HHH90000025: MySQLDialect does not need to be specified explicitly using 'hibernate.dialect' (remove the property setting and it will be selected by default)
2026-04-02 23:37:01 [main] INFO  o.h.e.t.j.p.i.JtaPlatformInitiator - HHH000489: No JTA platform available (set 'hibernate.transaction.jta.platform' to enable JTA platform integration)
2026-04-02 23:37:01 [main] INFO  o.s.o.j.LocalContainerEntityManagerFactoryBean - Initialized JPA EntityManagerFactory for persistence unit 'default'
2026-04-02 23:37:03 [main] DEBUG c.h.h.config.JWTAuthFilter - Filter 'JWTAuthFilter' configured for use
2026-04-02 23:37:03 [main] INFO  o.s.d.j.r.query.QueryEnhancerFactory - Hibernate is in classpath; If applicable, HQL parser will be used.
2026-04-02 23:37:05 [main] WARN  o.s.b.a.o.j.JpaBaseConfiguration$JpaWebConfiguration - spring.jpa.open-in-view is enabled by default. Therefore, database queries may be performed during view rendering. Explicitly configure spring.jpa.open-in-view to disable this warning
2026-04-02 23:37:06 [main] INFO  o.s.s.web.DefaultSecurityFilterChain - Will secure any request with [org.springframework.security.web.session.DisableEncodeUrlFilter@6d7e973b, org.springframework.security.web.context.request.async.WebAsyncManagerIntegrationFilter@47955046, org.springframework.security.web.context.SecurityContextHolderFilter@7e762feb, org.springframework.security.web.header.HeaderWriterFilter@6b54dbd8, org.springframework.web.filter.CorsFilter@5bcc2416, org.springframework.security.web.authentication.logout.LogoutFilter@55be2608, com.hotel.hotel_backend.config.JWTAuthFilter@3f030217, org.springframework.security.web.savedrequest.RequestCacheAwareFilter@360c25f, org.springframework.security.web.servletapi.SecurityContextHolderAwareRequestFilter@6ac4f76a, org.springframework.security.web.authentication.AnonymousAuthenticationFilter@61b2ca5a, org.springframework.security.web.session.SessionManagementFilter@6c23667e, org.springframework.security.web.access.ExceptionTranslationFilter@57bbf4e5, org.springframework.security.web.access.intercept.AuthorizationFilter@705b4359]
2026-04-02 23:37:06 [main] INFO  o.s.b.w.e.tomcat.TomcatWebServer - Tomcat started on port 8081 (http) with context path ''
2026-04-02 23:37:06 [main] INFO  c.h.h.HotelBackendApplication - Started HotelBackendApplication in 12.774 seconds (process running for 13.249)
2026-04-02 23:37:30 [http-nio-8081-exec-1] INFO  o.a.c.c.C.[Tomcat].[localhost].[/] - Initializing Spring DispatcherServlet 'dispatcherServlet'
2026-04-02 23:37:30 [http-nio-8081-exec-1] INFO  o.s.web.servlet.DispatcherServlet - Initializing Servlet 'dispatcherServlet'
2026-04-02 23:37:30 [http-nio-8081-exec-1] INFO  o.s.web.servlet.DispatcherServlet - Completed initialization in 3 ms
2026-04-02 23:37:31 [http-nio-8081-exec-2] WARN  o.s.w.s.h.HandlerMappingIntrospector - Cache miss for REQUEST dispatch to '/api/auth/login' (previous null). Performing MatchableHandlerMapping lookup. This is logged once only at WARN level, and every time at TRACE.
2026-04-02 23:37:31 [http-nio-8081-exec-2] INFO  c.h.h.controller.AuthController - POST /api/auth/login - email: krish@gmail.com
2026-04-02 23:37:31 [http-nio-8081-exec-2] INFO  c.h.h.service.UserService - Login attempt for email: krish@gmail.com
2026-04-02 23:37:31 [http-nio-8081-exec-2] DEBUG c.h.h.s.CustomUserDetailsService - Loading user by email: krish@gmail.com
2026-04-02 23:37:32 [http-nio-8081-exec-2] INFO  c.h.h.service.UserService - User logged in successfully: krish@gmail.com
2026-04-02 23:37:32 [http-nio-8081-exec-7] DEBUG c.h.h.s.CustomUserDetailsService - Loading user by email: krish@gmail.com
2026-04-02 23:37:32 [http-nio-8081-exec-8] DEBUG c.h.h.s.CustomUserDetailsService - Loading user by email: krish@gmail.com
2026-04-02 23:37:32 [http-nio-8081-exec-7] DEBUG c.h.h.config.JWTAuthFilter - Authenticated user: krish@gmail.com for URI: /api/hotels
2026-04-02 23:37:32 [http-nio-8081-exec-8] DEBUG c.h.h.config.JWTAuthFilter - Authenticated user: krish@gmail.com for URI: /api/hotels/locations
2026-04-02 23:37:32 [http-nio-8081-exec-7] INFO  c.h.h.controller.HotelController - GET /api/hotels
2026-04-02 23:37:32 [http-nio-8081-exec-8] DEBUG c.h.h.s.CustomUserDetailsService - Loading user by email: krish@gmail.com
2026-04-02 23:37:32 [http-nio-8081-exec-8] DEBUG c.h.h.config.JWTAuthFilter - Authenticated user: krish@gmail.com for URI: /api/hotels/locations
2026-04-02 23:37:32 [http-nio-8081-exec-7] INFO  c.h.h.service.HotelService - Fetched 50 hotels
2026-04-02 23:37:32 [http-nio-8081-exec-10] DEBUG c.h.h.s.CustomUserDetailsService - Loading user by email: krish@gmail.com
2026-04-02 23:37:32 [http-nio-8081-exec-10] DEBUG c.h.h.config.JWTAuthFilter - Authenticated user: krish@gmail.com for URI: /api/hotels
2026-04-02 23:37:32 [http-nio-8081-exec-10] INFO  c.h.h.controller.HotelController - GET /api/hotels
2026-04-02 23:37:32 [http-nio-8081-exec-10] INFO  c.h.h.service.HotelService - Fetched 50 hotels
2026-04-02 23:37:45 [http-nio-8081-exec-2] DEBUG c.h.h.s.CustomUserDetailsService - Loading user by email: krish@gmail.com
2026-04-02 23:37:45 [http-nio-8081-exec-2] DEBUG c.h.h.config.JWTAuthFilter - Authenticated user: krish@gmail.com for URI: /api/rooms/search
2026-04-02 23:37:45 [http-nio-8081-exec-2] INFO  c.h.h.controller.HotelController - GET /api/rooms/search?location=Chennai&checkIn=2026-04-02&checkOut=2026-04-03
2026-04-02 23:37:46 [http-nio-8081-exec-2] INFO  c.h.h.service.HotelService - Found 6 available rooms in Chennai from 2026-04-02 to 2026-04-03
2026-04-02 23:37:51 [http-nio-8081-exec-6] DEBUG c.h.h.s.CustomUserDetailsService - Loading user by email: krish@gmail.com
2026-04-02 23:37:51 [http-nio-8081-exec-6] DEBUG c.h.h.config.JWTAuthFilter - Authenticated user: krish@gmail.com for URI: /api/hotels/49
2026-04-02 23:37:51 [http-nio-8081-exec-6] INFO  c.h.h.controller.HotelController - GET /api/hotels/49
2026-04-02 23:37:51 [http-nio-8081-exec-5] DEBUG c.h.h.s.CustomUserDetailsService - Loading user by email: krish@gmail.com
2026-04-02 23:37:51 [http-nio-8081-exec-5] DEBUG c.h.h.config.JWTAuthFilter - Authenticated user: krish@gmail.com for URI: /api/hotels/49
2026-04-02 23:37:51 [http-nio-8081-exec-5] INFO  c.h.h.controller.HotelController - GET /api/hotels/49
2026-04-02 23:37:54 [http-nio-8081-exec-8] DEBUG c.h.h.s.CustomUserDetailsService - Loading user by email: krish@gmail.com
2026-04-02 23:37:54 [http-nio-8081-exec-8] DEBUG c.h.h.config.JWTAuthFilter - Authenticated user: krish@gmail.com for URI: /api/bookings
2026-04-02 23:37:54 [http-nio-8081-exec-8] INFO  c.h.h.controller.BookingController - POST /api/bookings - user: 3
2026-04-02 23:37:54 [http-nio-8081-exec-8] INFO  c.h.h.service.BookingService - Creating booking for user 3 room 116
2026-04-02 23:37:54 [http-nio-8081-exec-8] INFO  c.h.h.service.BookingService - Booking created in PENDING_PAYMENT: 10 for user: 3
2026-04-02 23:37:54 [http-nio-8081-exec-10] DEBUG c.h.h.s.CustomUserDetailsService - Loading user by email: krish@gmail.com
2026-04-02 23:37:54 [http-nio-8081-exec-10] DEBUG c.h.h.config.JWTAuthFilter - Authenticated user: krish@gmail.com for URI: /api/payments/checkout/10
2026-04-02 23:37:54 [http-nio-8081-exec-10] INFO  c.h.h.controller.PaymentController - POST /api/payments/checkout/10
2026-04-02 23:37:55 [http-nio-8081-exec-10] INFO  c.h.h.service.PaymentService - Stripe Session created: cs_test_a1SWwCbEZ7e23ankLkC0xs0sY0GUnunNY7X2hkIypR7uYg0nIFyQMqni0P for booking ID: 10
2026-04-02 23:39:07 [http-nio-8081-exec-9] DEBUG c.h.h.s.CustomUserDetailsService - Loading user by email: krish@gmail.com
2026-04-02 23:39:07 [http-nio-8081-exec-8] DEBUG c.h.h.s.CustomUserDetailsService - Loading user by email: krish@gmail.com
2026-04-02 23:39:07 [http-nio-8081-exec-9] DEBUG c.h.h.config.JWTAuthFilter - Authenticated user: krish@gmail.com for URI: /api/payments/verify
2026-04-02 23:39:07 [http-nio-8081-exec-8] DEBUG c.h.h.config.JWTAuthFilter - Authenticated user: krish@gmail.com for URI: /api/payments/verify
2026-04-02 23:39:07 [http-nio-8081-exec-8] INFO  c.h.h.controller.PaymentController - POST /api/payments/verify/cs_test_a1SWwCbEZ7e23ankLkC0xs0sY0GUnunNY7X2hkIypR7uYg0nIFyQMqni0P
2026-04-02 23:39:07 [http-nio-8081-exec-9] INFO  c.h.h.controller.PaymentController - POST /api/payments/verify/cs_test_a1SWwCbEZ7e23ankLkC0xs0sY0GUnunNY7X2hkIypR7uYg0nIFyQMqni0P
2026-04-02 23:39:07 [http-nio-8081-exec-9] INFO  c.h.h.service.PaymentService - Booking 10 marked as CONFIRMED after payment. Sending email...
2026-04-02 23:39:07 [http-nio-8081-exec-8] INFO  c.h.h.service.PaymentService - Booking 10 marked as CONFIRMED after payment. Sending email...
2026-04-02 23:39:07 [http-nio-8081-exec-1] DEBUG c.h.h.s.CustomUserDetailsService - Loading user by email: krish@gmail.com
2026-04-02 23:39:08 [http-nio-8081-exec-1] DEBUG c.h.h.config.JWTAuthFilter - Authenticated user: krish@gmail.com for URI: /api/bookings/my
2026-04-02 23:39:08 [http-nio-8081-exec-1] INFO  c.h.h.controller.BookingController - GET /api/bookings/my - user: 3
2026-04-02 23:39:08 [http-nio-8081-exec-2] DEBUG c.h.h.s.CustomUserDetailsService - Loading user by email: krish@gmail.com
2026-04-02 23:39:08 [http-nio-8081-exec-2] DEBUG c.h.h.config.JWTAuthFilter - Authenticated user: krish@gmail.com for URI: /api/bookings/my
2026-04-02 23:39:08 [http-nio-8081-exec-2] INFO  c.h.h.controller.BookingController - GET /api/bookings/my - user: 3
2026-04-02 23:39:08 [task-2] ERROR o.s.a.i.SimpleAsyncUncaughtExceptionHandler - Unexpected exception occurred invoking async method: public void com.hotel.hotel_backend.service.EmailService.sendBookingConfirmation(java.lang.String,java.lang.String,com.hotel.hotel_backend.entity.Booking)
org.hibernate.LazyInitializationException: could not initialize proxy [com.hotel.hotel_backend.entity.Hotel#49] - no Session
	at org.hibernate.proxy.AbstractLazyInitializer.initialize(AbstractLazyInitializer.java:164)
	at org.hibernate.proxy.AbstractLazyInitializer.getImplementation(AbstractLazyInitializer.java:310)
	at org.hibernate.proxy.pojo.bytebuddy.ByteBuddyInterceptor.intercept(ByteBuddyInterceptor.java:44)
	at org.hibernate.proxy.ProxyConfiguration$InterceptorDispatcher.intercept(ProxyConfiguration.java:102)
	at com.hotel.hotel_backend.entity.Hotel$HibernateProxy$tlD1BBFp.getName(Unknown Source)
	at com.hotel.hotel_backend.service.EmailService.buildBookingConfirmationHtml(EmailService.java:125)
	at com.hotel.hotel_backend.service.EmailService.sendBookingConfirmation(EmailService.java:51)
	at java.base/jdk.internal.reflect.DirectMethodHandleAccessor.invoke(DirectMethodHandleAccessor.java:103)
	at java.base/java.lang.reflect.Method.invoke(Method.java:580)
	at org.springframework.aop.support.AopUtils.invokeJoinpointUsingReflection(AopUtils.java:352)
	at org.springframework.aop.framework.ReflectiveMethodInvocation.invokeJoinpoint(ReflectiveMethodInvocation.java:196)
	at org.springframework.aop.framework.ReflectiveMethodInvocation.proceed(ReflectiveMethodInvocation.java:163)
	at org.springframework.aop.framework.CglibAopProxy$CglibMethodInvocation.proceed(CglibAopProxy.java:765)
	at org.springframework.aop.interceptor.AsyncExecutionInterceptor.lambda$invoke$0(AsyncExecutionInterceptor.java:115)
	at java.base/java.util.concurrent.FutureTask.run(FutureTask.java:317)
	at java.base/java.util.concurrent.ThreadPoolExecutor.runWorker(ThreadPoolExecutor.java:1144)
	at java.base/java.util.concurrent.ThreadPoolExecutor$Worker.run(ThreadPoolExecutor.java:642)
	at java.base/java.lang.Thread.run(Thread.java:1583)
2026-04-02 23:39:08 [task-1] ERROR o.s.a.i.SimpleAsyncUncaughtExceptionHandler - Unexpected exception occurred invoking async method: public void com.hotel.hotel_backend.service.EmailService.sendBookingConfirmation(java.lang.String,java.lang.String,com.hotel.hotel_backend.entity.Booking)
org.hibernate.LazyInitializationException: could not initialize proxy [com.hotel.hotel_backend.entity.Hotel#49] - no Session
	at org.hibernate.proxy.AbstractLazyInitializer.initialize(AbstractLazyInitializer.java:164)
	at org.hibernate.proxy.AbstractLazyInitializer.getImplementation(AbstractLazyInitializer.java:310)
	at org.hibernate.proxy.pojo.bytebuddy.ByteBuddyInterceptor.intercept(ByteBuddyInterceptor.java:44)
	at org.hibernate.proxy.ProxyConfiguration$InterceptorDispatcher.intercept(ProxyConfiguration.java:102)
	at com.hotel.hotel_backend.entity.Hotel$HibernateProxy$tlD1BBFp.getName(Unknown Source)
	at com.hotel.hotel_backend.service.EmailService.buildBookingConfirmationHtml(EmailService.java:125)
	at com.hotel.hotel_backend.service.EmailService.sendBookingConfirmation(EmailService.java:51)
	at java.base/jdk.internal.reflect.DirectMethodHandleAccessor.invoke(DirectMethodHandleAccessor.java:103)
	at java.base/java.lang.reflect.Method.invoke(Method.java:580)
	at org.springframework.aop.support.AopUtils.invokeJoinpointUsingReflection(AopUtils.java:352)
	at org.springframework.aop.framework.ReflectiveMethodInvocation.invokeJoinpoint(ReflectiveMethodInvocation.java:196)
	at org.springframework.aop.framework.ReflectiveMethodInvocation.proceed(ReflectiveMethodInvocation.java:163)
	at org.springframework.aop.framework.CglibAopProxy$CglibMethodInvocation.proceed(CglibAopProxy.java:765)
	at org.springframework.aop.interceptor.AsyncExecutionInterceptor.lambda$invoke$0(AsyncExecutionInterceptor.java:115)
	at java.base/java.util.concurrent.FutureTask.run(FutureTask.java:317)
	at java.base/java.util.concurrent.ThreadPoolExecutor.runWorker(ThreadPoolExecutor.java:1144)
	at java.base/java.util.concurrent.ThreadPoolExecutor$Worker.run(ThreadPoolExecutor.java:642)
	at java.base/java.lang.Thread.run(Thread.java:1583)
2026-04-02 23:39:38 [http-nio-8081-exec-4] DEBUG c.h.h.s.CustomUserDetailsService - Loading user by email: krish@gmail.com
2026-04-02 23:39:38 [http-nio-8081-exec-4] DEBUG c.h.h.config.JWTAuthFilter - Authenticated user: krish@gmail.com for URI: /api/hotels/49
2026-04-02 23:39:38 [http-nio-8081-exec-4] INFO  c.h.h.controller.HotelController - GET /api/hotels/49
2026-04-02 23:39:38 [http-nio-8081-exec-3] DEBUG c.h.h.s.CustomUserDetailsService - Loading user by email: krish@gmail.com
2026-04-02 23:39:38 [http-nio-8081-exec-3] DEBUG c.h.h.config.JWTAuthFilter - Authenticated user: krish@gmail.com for URI: /api/hotels/49
2026-04-02 23:39:38 [http-nio-8081-exec-3] INFO  c.h.h.controller.HotelController - GET /api/hotels/49
2026-04-02 23:39:45 [http-nio-8081-exec-5] DEBUG c.h.h.s.CustomUserDetailsService - Loading user by email: krish@gmail.com
2026-04-02 23:39:45 [http-nio-8081-exec-6] DEBUG c.h.h.s.CustomUserDetailsService - Loading user by email: krish@gmail.com
2026-04-02 23:39:45 [http-nio-8081-exec-6] DEBUG c.h.h.config.JWTAuthFilter - Authenticated user: krish@gmail.com for URI: /api/payments/verify
2026-04-02 23:39:45 [http-nio-8081-exec-5] DEBUG c.h.h.config.JWTAuthFilter - Authenticated user: krish@gmail.com for URI: /api/payments/verify
2026-04-02 23:39:45 [http-nio-8081-exec-6] INFO  c.h.h.controller.PaymentController - POST /api/payments/verify/cs_test_a1SWwCbEZ7e23ankLkC0xs0sY0GUnunNY7X2hkIypR7uYg0nIFyQMqni0P
2026-04-02 23:39:45 [http-nio-8081-exec-5] INFO  c.h.h.controller.PaymentController - POST /api/payments/verify/cs_test_a1SWwCbEZ7e23ankLkC0xs0sY0GUnunNY7X2hkIypR7uYg0nIFyQMqni0P
2026-04-02 23:39:45 [http-nio-8081-exec-8] DEBUG c.h.h.s.CustomUserDetailsService - Loading user by email: krish@gmail.com
2026-04-02 23:39:45 [http-nio-8081-exec-8] DEBUG c.h.h.config.JWTAuthFilter - Authenticated user: krish@gmail.com for URI: /api/bookings/my
2026-04-02 23:39:45 [http-nio-8081-exec-8] INFO  c.h.h.controller.BookingController - GET /api/bookings/my - user: 3
2026-04-02 23:39:45 [http-nio-8081-exec-9] DEBUG c.h.h.s.CustomUserDetailsService - Loading user by email: krish@gmail.com
2026-04-02 23:39:45 [http-nio-8081-exec-9] DEBUG c.h.h.config.JWTAuthFilter - Authenticated user: krish@gmail.com for URI: /api/bookings/my
2026-04-02 23:39:45 [http-nio-8081-exec-9] INFO  c.h.h.controller.BookingController - GET /api/bookings/my - user: 3
2026-04-02 23:43:29 [http-nio-8081-exec-2] INFO  c.h.h.controller.AuthController - POST /api/auth/register - email: girideveloper07@gmail.com
2026-04-02 23:43:29 [http-nio-8081-exec-2] INFO  c.h.h.service.UserService - Registering new user with email: girideveloper07@gmail.com
2026-04-02 23:43:30 [http-nio-8081-exec-2] INFO  c.h.h.service.UserService - User registered successfully with id: 4
2026-04-02 23:43:30 [http-nio-8081-exec-4] INFO  c.h.h.controller.AuthController - POST /api/auth/login - email: girideveloper07@gmail.com
2026-04-02 23:43:30 [http-nio-8081-exec-4] INFO  c.h.h.service.UserService - Login attempt for email: girideveloper07@gmail.com
2026-04-02 23:43:30 [http-nio-8081-exec-4] DEBUG c.h.h.s.CustomUserDetailsService - Loading user by email: girideveloper07@gmail.com
2026-04-02 23:43:30 [http-nio-8081-exec-4] INFO  c.h.h.service.UserService - User logged in successfully: girideveloper07@gmail.com
2026-04-02 23:43:30 [http-nio-8081-exec-3] DEBUG c.h.h.s.CustomUserDetailsService - Loading user by email: girideveloper07@gmail.com
2026-04-02 23:43:30 [http-nio-8081-exec-5] DEBUG c.h.h.s.CustomUserDetailsService - Loading user by email: girideveloper07@gmail.com
2026-04-02 23:43:30 [http-nio-8081-exec-3] DEBUG c.h.h.config.JWTAuthFilter - Authenticated user: girideveloper07@gmail.com for URI: /api/hotels
2026-04-02 23:43:30 [http-nio-8081-exec-3] INFO  c.h.h.controller.HotelController - GET /api/hotels
2026-04-02 23:43:30 [http-nio-8081-exec-5] DEBUG c.h.h.config.JWTAuthFilter - Authenticated user: girideveloper07@gmail.com for URI: /api/hotels/locations
2026-04-02 23:43:30 [http-nio-8081-exec-6] DEBUG c.h.h.s.CustomUserDetailsService - Loading user by email: girideveloper07@gmail.com
2026-04-02 23:43:30 [http-nio-8081-exec-3] INFO  c.h.h.service.HotelService - Fetched 50 hotels
2026-04-02 23:43:30 [http-nio-8081-exec-6] DEBUG c.h.h.config.JWTAuthFilter - Authenticated user: girideveloper07@gmail.com for URI: /api/hotels/locations
2026-04-02 23:43:30 [http-nio-8081-exec-8] DEBUG c.h.h.s.CustomUserDetailsService - Loading user by email: girideveloper07@gmail.com
2026-04-02 23:43:30 [http-nio-8081-exec-8] DEBUG c.h.h.config.JWTAuthFilter - Authenticated user: girideveloper07@gmail.com for URI: /api/hotels
2026-04-02 23:43:30 [http-nio-8081-exec-8] INFO  c.h.h.controller.HotelController - GET /api/hotels
2026-04-02 23:43:30 [http-nio-8081-exec-8] INFO  c.h.h.service.HotelService - Fetched 50 hotels
2026-04-02 23:43:35 [task-3] INFO  c.h.h.service.EmailService - Registration confirmation email sent to: girideveloper07@gmail.com
2026-04-02 23:43:37 [http-nio-8081-exec-10] DEBUG c.h.h.s.CustomUserDetailsService - Loading user by email: girideveloper07@gmail.com
2026-04-02 23:43:37 [http-nio-8081-exec-10] DEBUG c.h.h.config.JWTAuthFilter - Authenticated user: girideveloper07@gmail.com for URI: /api/rooms/search
2026-04-02 23:43:37 [http-nio-8081-exec-10] INFO  c.h.h.controller.HotelController - GET /api/rooms/search?location=Trichy&checkIn=2026-04-02&checkOut=2026-04-03
2026-04-02 23:43:37 [http-nio-8081-exec-10] INFO  c.h.h.service.HotelService - Found 4 available rooms in Trichy from 2026-04-02 to 2026-04-03
2026-04-02 23:43:41 [http-nio-8081-exec-2] DEBUG c.h.h.s.CustomUserDetailsService - Loading user by email: girideveloper07@gmail.com
2026-04-02 23:43:41 [http-nio-8081-exec-2] DEBUG c.h.h.config.JWTAuthFilter - Authenticated user: girideveloper07@gmail.com for URI: /api/hotels/17
2026-04-02 23:43:41 [http-nio-8081-exec-2] INFO  c.h.h.controller.HotelController - GET /api/hotels/17
2026-04-02 23:43:41 [http-nio-8081-exec-4] DEBUG c.h.h.s.CustomUserDetailsService - Loading user by email: girideveloper07@gmail.com
2026-04-02 23:43:41 [http-nio-8081-exec-4] DEBUG c.h.h.config.JWTAuthFilter - Authenticated user: girideveloper07@gmail.com for URI: /api/hotels/17
2026-04-02 23:43:41 [http-nio-8081-exec-4] INFO  c.h.h.controller.HotelController - GET /api/hotels/17
2026-04-02 23:43:42 [http-nio-8081-exec-5] DEBUG c.h.h.s.CustomUserDetailsService - Loading user by email: girideveloper07@gmail.com
2026-04-02 23:43:42 [http-nio-8081-exec-5] DEBUG c.h.h.config.JWTAuthFilter - Authenticated user: girideveloper07@gmail.com for URI: /api/bookings
2026-04-02 23:43:42 [http-nio-8081-exec-5] INFO  c.h.h.controller.BookingController - POST /api/bookings - user: 4
2026-04-02 23:43:42 [http-nio-8081-exec-5] INFO  c.h.h.service.BookingService - Creating booking for user 4 room 39
2026-04-02 23:43:42 [http-nio-8081-exec-5] INFO  c.h.h.service.BookingService - Booking created in PENDING_PAYMENT: 11 for user: 4
2026-04-02 23:43:42 [http-nio-8081-exec-6] DEBUG c.h.h.s.CustomUserDetailsService - Loading user by email: girideveloper07@gmail.com
2026-04-02 23:43:42 [http-nio-8081-exec-6] DEBUG c.h.h.config.JWTAuthFilter - Authenticated user: girideveloper07@gmail.com for URI: /api/payments/checkout/11
2026-04-02 23:43:42 [http-nio-8081-exec-6] INFO  c.h.h.controller.PaymentController - POST /api/payments/checkout/11
2026-04-02 23:43:43 [http-nio-8081-exec-6] INFO  c.h.h.service.PaymentService - Stripe Session created: cs_test_a118a2Mcwoq6WayfxEYnF98Apnzm84L1mTY3w3BEYDB99jfUDB78YFzqYp for booking ID: 11
2026-04-02 23:44:05 [http-nio-8081-exec-9] DEBUG c.h.h.s.CustomUserDetailsService - Loading user by email: girideveloper07@gmail.com
2026-04-02 23:44:05 [http-nio-8081-exec-8] DEBUG c.h.h.s.CustomUserDetailsService - Loading user by email: girideveloper07@gmail.com
2026-04-02 23:44:05 [http-nio-8081-exec-9] DEBUG c.h.h.config.JWTAuthFilter - Authenticated user: girideveloper07@gmail.com for URI: /api/payments/verify
2026-04-02 23:44:05 [http-nio-8081-exec-8] DEBUG c.h.h.config.JWTAuthFilter - Authenticated user: girideveloper07@gmail.com for URI: /api/payments/verify
2026-04-02 23:44:05 [http-nio-8081-exec-9] INFO  c.h.h.controller.PaymentController - POST /api/payments/verify/cs_test_a118a2Mcwoq6WayfxEYnF98Apnzm84L1mTY3w3BEYDB99jfUDB78YFzqYp
2026-04-02 23:44:05 [http-nio-8081-exec-8] INFO  c.h.h.controller.PaymentController - POST /api/payments/verify/cs_test_a118a2Mcwoq6WayfxEYnF98Apnzm84L1mTY3w3BEYDB99jfUDB78YFzqYp
2026-04-02 23:44:06 [http-nio-8081-exec-8] INFO  c.h.h.service.PaymentService - Booking 11 marked as CONFIRMED after payment. Sending email...
2026-04-02 23:44:06 [task-4] ERROR o.s.a.i.SimpleAsyncUncaughtExceptionHandler - Unexpected exception occurred invoking async method: public void com.hotel.hotel_backend.service.EmailService.sendBookingConfirmation(java.lang.String,java.lang.String,com.hotel.hotel_backend.entity.Booking)
org.hibernate.LazyInitializationException: could not initialize proxy [com.hotel.hotel_backend.entity.Hotel#17] - no Session
	at org.hibernate.proxy.AbstractLazyInitializer.initialize(AbstractLazyInitializer.java:164)
	at org.hibernate.proxy.AbstractLazyInitializer.getImplementation(AbstractLazyInitializer.java:310)
	at org.hibernate.proxy.pojo.bytebuddy.ByteBuddyInterceptor.intercept(ByteBuddyInterceptor.java:44)
	at org.hibernate.proxy.ProxyConfiguration$InterceptorDispatcher.intercept(ProxyConfiguration.java:102)
	at com.hotel.hotel_backend.entity.Hotel$HibernateProxy$tlD1BBFp.getName(Unknown Source)
	at com.hotel.hotel_backend.service.EmailService.buildBookingConfirmationHtml(EmailService.java:125)
	at com.hotel.hotel_backend.service.EmailService.sendBookingConfirmation(EmailService.java:51)
	at java.base/jdk.internal.reflect.DirectMethodHandleAccessor.invoke(DirectMethodHandleAccessor.java:103)
	at java.base/java.lang.reflect.Method.invoke(Method.java:580)
	at org.springframework.aop.support.AopUtils.invokeJoinpointUsingReflection(AopUtils.java:352)
	at org.springframework.aop.framework.ReflectiveMethodInvocation.invokeJoinpoint(ReflectiveMethodInvocation.java:196)
	at org.springframework.aop.framework.ReflectiveMethodInvocation.proceed(ReflectiveMethodInvocation.java:163)
	at org.springframework.aop.framework.CglibAopProxy$CglibMethodInvocation.proceed(CglibAopProxy.java:765)
	at org.springframework.aop.interceptor.AsyncExecutionInterceptor.lambda$invoke$0(AsyncExecutionInterceptor.java:115)
	at java.base/java.util.concurrent.FutureTask.run(FutureTask.java:317)
	at java.base/java.util.concurrent.ThreadPoolExecutor.runWorker(ThreadPoolExecutor.java:1144)
	at java.base/java.util.concurrent.ThreadPoolExecutor$Worker.run(ThreadPoolExecutor.java:642)
	at java.base/java.lang.Thread.run(Thread.java:1583)
2026-04-02 23:44:06 [http-nio-8081-exec-10] DEBUG c.h.h.s.CustomUserDetailsService - Loading user by email: girideveloper07@gmail.com
2026-04-02 23:44:06 [http-nio-8081-exec-10] DEBUG c.h.h.config.JWTAuthFilter - Authenticated user: girideveloper07@gmail.com for URI: /api/bookings/my
2026-04-02 23:44:06 [http-nio-8081-exec-10] INFO  c.h.h.controller.BookingController - GET /api/bookings/my - user: 4
2026-04-02 23:44:06 [http-nio-8081-exec-1] DEBUG c.h.h.s.CustomUserDetailsService - Loading user by email: girideveloper07@gmail.com
2026-04-02 23:44:06 [http-nio-8081-exec-1] DEBUG c.h.h.config.JWTAuthFilter - Authenticated user: girideveloper07@gmail.com for URI: /api/bookings/my
2026-04-02 23:44:06 [http-nio-8081-exec-1] INFO  c.h.h.controller.BookingController - GET /api/bookings/my - user: 4
2026-04-02 23:45:13 [SpringApplicationShutdownHook] INFO  o.s.o.j.LocalContainerEntityManagerFactoryBean - Closing JPA EntityManagerFactory for persistence unit 'default'
2026-04-02 23:45:13 [SpringApplicationShutdownHook] INFO  com.zaxxer.hikari.HikariDataSource - HikariPool-1 - Shutdown initiated...
2026-04-02 23:45:13 [SpringApplicationShutdownHook] INFO  com.zaxxer.hikari.HikariDataSource - HikariPool-1 - Shutdown completed.
2026-04-02 23:46:46 [main] INFO  c.h.h.HotelBackendApplication - Starting HotelBackendApplication using Java 21.0.10 with PID 19216 (C:\Users\girid\Desktop\HotelBooking\hotel-backend\target\classes started by girid in C:\Users\girid\Desktop\HotelBooking\hotel-backend)
2026-04-02 23:46:46 [main] DEBUG c.h.h.HotelBackendApplication - Running with Spring Boot v3.2.0, Spring v6.1.1
2026-04-02 23:46:46 [main] INFO  c.h.h.HotelBackendApplication - No active profile set, falling back to 1 default profile: "default"
2026-04-02 23:46:47 [main] INFO  o.s.d.r.c.RepositoryConfigurationDelegate - Bootstrapping Spring Data JPA repositories in DEFAULT mode.
2026-04-02 23:46:47 [main] INFO  o.s.d.r.c.RepositoryConfigurationDelegate - Finished Spring Data repository scanning in 103 ms. Found 4 JPA repository interfaces.
2026-04-02 23:46:48 [main] INFO  o.s.b.w.e.tomcat.TomcatWebServer - Tomcat initialized with port 8081 (http)
2026-04-02 23:46:48 [main] INFO  o.a.catalina.core.StandardService - Starting service [Tomcat]
2026-04-02 23:46:48 [main] INFO  o.a.catalina.core.StandardEngine - Starting Servlet engine: [Apache Tomcat/10.1.16]
2026-04-02 23:46:48 [main] INFO  o.a.c.c.C.[Tomcat].[localhost].[/] - Initializing Spring embedded WebApplicationContext
2026-04-02 23:46:48 [main] INFO  o.s.b.w.s.c.ServletWebServerApplicationContext - Root WebApplicationContext: initialization completed in 2050 ms
2026-04-02 23:46:48 [main] INFO  o.h.jpa.internal.util.LogHelper - HHH000204: Processing PersistenceUnitInfo [name: default]
2026-04-02 23:46:48 [main] INFO  org.hibernate.Version - HHH000412: Hibernate ORM core version 6.3.1.Final
2026-04-02 23:46:48 [main] INFO  o.h.c.i.RegionFactoryInitiator - HHH000026: Second-level cache disabled
2026-04-02 23:46:48 [main] INFO  o.s.o.j.p.SpringPersistenceUnitInfo - No LoadTimeWeaver setup: ignoring JPA class transformer
2026-04-02 23:46:48 [main] INFO  com.zaxxer.hikari.HikariDataSource - HikariPool-1 - Starting...
2026-04-02 23:46:49 [main] INFO  com.zaxxer.hikari.pool.HikariPool - HikariPool-1 - Added connection com.mysql.cj.jdbc.ConnectionImpl@6451a288
2026-04-02 23:46:49 [main] INFO  com.zaxxer.hikari.HikariDataSource - HikariPool-1 - Start completed.
2026-04-02 23:46:49 [main] WARN  org.hibernate.orm.deprecation - HHH90000025: MySQLDialect does not need to be specified explicitly using 'hibernate.dialect' (remove the property setting and it will be selected by default)
2026-04-02 23:46:50 [main] INFO  o.h.e.t.j.p.i.JtaPlatformInitiator - HHH000489: No JTA platform available (set 'hibernate.transaction.jta.platform' to enable JTA platform integration)
2026-04-02 23:46:50 [main] INFO  o.s.o.j.LocalContainerEntityManagerFactoryBean - Initialized JPA EntityManagerFactory for persistence unit 'default'
2026-04-02 23:46:51 [main] DEBUG c.h.h.config.JWTAuthFilter - Filter 'JWTAuthFilter' configured for use
2026-04-02 23:46:51 [main] INFO  o.s.d.j.r.query.QueryEnhancerFactory - Hibernate is in classpath; If applicable, HQL parser will be used.
2026-04-02 23:46:52 [main] WARN  o.s.b.a.o.j.JpaBaseConfiguration$JpaWebConfiguration - spring.jpa.open-in-view is enabled by default. Therefore, database queries may be performed during view rendering. Explicitly configure spring.jpa.open-in-view to disable this warning
2026-04-02 23:46:52 [main] INFO  o.s.s.web.DefaultSecurityFilterChain - Will secure any request with [org.springframework.security.web.session.DisableEncodeUrlFilter@734df10b, org.springframework.security.web.context.request.async.WebAsyncManagerIntegrationFilter@5ecc8114, org.springframework.security.web.context.SecurityContextHolderFilter@790e6eae, org.springframework.security.web.header.HeaderWriterFilter@57bbf4e5, org.springframework.web.filter.CorsFilter@6d7e973b, org.springframework.security.web.authentication.logout.LogoutFilter@5deae5ef, com.hotel.hotel_backend.config.JWTAuthFilter@3f030217, org.springframework.security.web.savedrequest.RequestCacheAwareFilter@7e762feb, org.springframework.security.web.servletapi.SecurityContextHolderAwareRequestFilter@911a6cd, org.springframework.security.web.authentication.AnonymousAuthenticationFilter@47955046, org.springframework.security.web.session.SessionManagementFilter@7094f0ae, org.springframework.security.web.access.ExceptionTranslationFilter@3c48e78b, org.springframework.security.web.access.intercept.AuthorizationFilter@66b962b4]
2026-04-02 23:46:53 [main] INFO  o.s.b.w.e.tomcat.TomcatWebServer - Tomcat started on port 8081 (http) with context path ''
2026-04-02 23:46:53 [main] INFO  c.h.h.HotelBackendApplication - Started HotelBackendApplication in 7.842 seconds (process running for 8.365)
2026-04-02 23:47:09 [http-nio-8081-exec-1] INFO  o.a.c.c.C.[Tomcat].[localhost].[/] - Initializing Spring DispatcherServlet 'dispatcherServlet'
2026-04-02 23:47:09 [http-nio-8081-exec-1] INFO  o.s.web.servlet.DispatcherServlet - Initializing Servlet 'dispatcherServlet'
2026-04-02 23:47:09 [http-nio-8081-exec-1] INFO  o.s.web.servlet.DispatcherServlet - Completed initialization in 5 ms
2026-04-02 23:47:09 [http-nio-8081-exec-1] DEBUG c.h.h.s.CustomUserDetailsService - Loading user by email: krish@gmail.com
2026-04-02 23:47:09 [http-nio-8081-exec-1] DEBUG c.h.h.config.JWTAuthFilter - Authenticated user: krish@gmail.com for URI: /api/hotels/32
2026-04-02 23:47:09 [http-nio-8081-exec-1] WARN  o.s.w.s.h.HandlerMappingIntrospector - Cache miss for REQUEST dispatch to '/api/hotels/32' (previous null). Performing MatchableHandlerMapping lookup. This is logged once only at WARN level, and every time at TRACE.
2026-04-02 23:47:09 [http-nio-8081-exec-1] INFO  c.h.h.controller.HotelController - GET /api/hotels/32
2026-04-02 23:47:09 [http-nio-8081-exec-5] DEBUG c.h.h.s.CustomUserDetailsService - Loading user by email: krish@gmail.com
2026-04-02 23:47:09 [http-nio-8081-exec-5] DEBUG c.h.h.config.JWTAuthFilter - Authenticated user: krish@gmail.com for URI: /api/hotels/32
2026-04-02 23:47:09 [http-nio-8081-exec-5] INFO  c.h.h.controller.HotelController - GET /api/hotels/32
2026-04-02 23:47:24 [http-nio-8081-exec-3] DEBUG c.h.h.s.CustomUserDetailsService - Loading user by email: girideveloper07@gmail.com
2026-04-02 23:47:24 [http-nio-8081-exec-7] DEBUG c.h.h.s.CustomUserDetailsService - Loading user by email: girideveloper07@gmail.com
2026-04-02 23:47:24 [http-nio-8081-exec-3] DEBUG c.h.h.config.JWTAuthFilter - Authenticated user: girideveloper07@gmail.com for URI: /api/hotels/locations
2026-04-02 23:47:24 [http-nio-8081-exec-7] DEBUG c.h.h.config.JWTAuthFilter - Authenticated user: girideveloper07@gmail.com for URI: /api/hotels
2026-04-02 23:47:24 [http-nio-8081-exec-7] INFO  c.h.h.controller.HotelController - GET /api/hotels
2026-04-02 23:47:24 [http-nio-8081-exec-6] DEBUG c.h.h.s.CustomUserDetailsService - Loading user by email: girideveloper07@gmail.com
2026-04-02 23:47:24 [http-nio-8081-exec-6] DEBUG c.h.h.config.JWTAuthFilter - Authenticated user: girideveloper07@gmail.com for URI: /api/hotels/locations
2026-04-02 23:47:24 [http-nio-8081-exec-7] INFO  c.h.h.service.HotelService - Fetched 50 hotels
2026-04-02 23:47:24 [http-nio-8081-exec-8] DEBUG c.h.h.s.CustomUserDetailsService - Loading user by email: girideveloper07@gmail.com
2026-04-02 23:47:24 [http-nio-8081-exec-8] DEBUG c.h.h.config.JWTAuthFilter - Authenticated user: girideveloper07@gmail.com for URI: /api/hotels
2026-04-02 23:47:24 [http-nio-8081-exec-8] INFO  c.h.h.controller.HotelController - GET /api/hotels
2026-04-02 23:47:25 [http-nio-8081-exec-8] INFO  c.h.h.service.HotelService - Fetched 50 hotels
2026-04-02 23:47:28 [http-nio-8081-exec-9] DEBUG c.h.h.s.CustomUserDetailsService - Loading user by email: girideveloper07@gmail.com
2026-04-02 23:47:28 [http-nio-8081-exec-9] DEBUG c.h.h.config.JWTAuthFilter - Authenticated user: girideveloper07@gmail.com for URI: /api/hotels/2
2026-04-02 23:47:28 [http-nio-8081-exec-9] INFO  c.h.h.controller.HotelController - GET /api/hotels/2
2026-04-02 23:47:28 [http-nio-8081-exec-2] DEBUG c.h.h.s.CustomUserDetailsService - Loading user by email: girideveloper07@gmail.com
2026-04-02 23:47:28 [http-nio-8081-exec-2] DEBUG c.h.h.config.JWTAuthFilter - Authenticated user: girideveloper07@gmail.com for URI: /api/hotels/2
2026-04-02 23:47:28 [http-nio-8081-exec-2] INFO  c.h.h.controller.HotelController - GET /api/hotels/2
2026-04-02 23:47:33 [http-nio-8081-exec-1] DEBUG c.h.h.s.CustomUserDetailsService - Loading user by email: girideveloper07@gmail.com
2026-04-02 23:47:33 [http-nio-8081-exec-1] DEBUG c.h.h.config.JWTAuthFilter - Authenticated user: girideveloper07@gmail.com for URI: /api/bookings
2026-04-02 23:47:33 [http-nio-8081-exec-1] INFO  c.h.h.controller.BookingController - POST /api/bookings - user: 4
2026-04-02 23:47:33 [http-nio-8081-exec-1] INFO  c.h.h.service.BookingService - Creating booking for user 4 room 3
2026-04-02 23:47:33 [http-nio-8081-exec-1] WARN  c.h.h.e.GlobalExceptionHandler - Business exception: Room is already booked for the selected dates
2026-04-02 23:47:42 [http-nio-8081-exec-3] DEBUG c.h.h.s.CustomUserDetailsService - Loading user by email: girideveloper07@gmail.com
2026-04-02 23:47:42 [http-nio-8081-exec-5] DEBUG c.h.h.s.CustomUserDetailsService - Loading user by email: girideveloper07@gmail.com
2026-04-02 23:47:42 [http-nio-8081-exec-3] DEBUG c.h.h.config.JWTAuthFilter - Authenticated user: girideveloper07@gmail.com for URI: /api/hotels/locations
2026-04-02 23:47:42 [http-nio-8081-exec-5] DEBUG c.h.h.config.JWTAuthFilter - Authenticated user: girideveloper07@gmail.com for URI: /api/hotels
2026-04-02 23:47:42 [http-nio-8081-exec-5] INFO  c.h.h.controller.HotelController - GET /api/hotels
2026-04-02 23:47:42 [http-nio-8081-exec-6] DEBUG c.h.h.s.CustomUserDetailsService - Loading user by email: girideveloper07@gmail.com
2026-04-02 23:47:42 [http-nio-8081-exec-6] DEBUG c.h.h.config.JWTAuthFilter - Authenticated user: girideveloper07@gmail.com for URI: /api/hotels/locations
2026-04-02 23:47:42 [http-nio-8081-exec-5] INFO  c.h.h.service.HotelService - Fetched 50 hotels
2026-04-02 23:47:42 [http-nio-8081-exec-7] DEBUG c.h.h.s.CustomUserDetailsService - Loading user by email: girideveloper07@gmail.com
2026-04-02 23:47:42 [http-nio-8081-exec-7] DEBUG c.h.h.config.JWTAuthFilter - Authenticated user: girideveloper07@gmail.com for URI: /api/hotels
2026-04-02 23:47:42 [http-nio-8081-exec-7] INFO  c.h.h.controller.HotelController - GET /api/hotels
2026-04-02 23:47:42 [http-nio-8081-exec-7] INFO  c.h.h.service.HotelService - Fetched 50 hotels
2026-04-02 23:47:48 [http-nio-8081-exec-10] DEBUG c.h.h.s.CustomUserDetailsService - Loading user by email: girideveloper07@gmail.com
2026-04-02 23:47:48 [http-nio-8081-exec-10] DEBUG c.h.h.config.JWTAuthFilter - Authenticated user: girideveloper07@gmail.com for URI: /api/rooms/search
2026-04-02 23:47:48 [http-nio-8081-exec-10] INFO  c.h.h.controller.HotelController - GET /api/rooms/search?location=Vellore&checkIn=2026-04-02&checkOut=2026-04-03
2026-04-02 23:47:48 [http-nio-8081-exec-10] INFO  c.h.h.service.HotelService - Found 15 available rooms in Vellore from 2026-04-02 to 2026-04-03
2026-04-02 23:47:53 [http-nio-8081-exec-2] DEBUG c.h.h.s.CustomUserDetailsService - Loading user by email: girideveloper07@gmail.com
2026-04-02 23:47:53 [http-nio-8081-exec-2] DEBUG c.h.h.config.JWTAuthFilter - Authenticated user: girideveloper07@gmail.com for URI: /api/hotels/39
2026-04-02 23:47:53 [http-nio-8081-exec-2] INFO  c.h.h.controller.HotelController - GET /api/hotels/39
2026-04-02 23:47:53 [http-nio-8081-exec-1] DEBUG c.h.h.s.CustomUserDetailsService - Loading user by email: girideveloper07@gmail.com
2026-04-02 23:47:53 [http-nio-8081-exec-1] DEBUG c.h.h.config.JWTAuthFilter - Authenticated user: girideveloper07@gmail.com for URI: /api/hotels/39
2026-04-02 23:47:53 [http-nio-8081-exec-1] INFO  c.h.h.controller.HotelController - GET /api/hotels/39
2026-04-02 23:47:56 [http-nio-8081-exec-3] DEBUG c.h.h.s.CustomUserDetailsService - Loading user by email: girideveloper07@gmail.com
2026-04-02 23:47:56 [http-nio-8081-exec-3] DEBUG c.h.h.config.JWTAuthFilter - Authenticated user: girideveloper07@gmail.com for URI: /api/bookings
2026-04-02 23:47:56 [http-nio-8081-exec-3] INFO  c.h.h.controller.BookingController - POST /api/bookings - user: 4
2026-04-02 23:47:56 [http-nio-8081-exec-3] INFO  c.h.h.service.BookingService - Creating booking for user 4 room 91
2026-04-02 23:47:56 [http-nio-8081-exec-3] INFO  c.h.h.service.BookingService - Booking created in PENDING_PAYMENT: 12 for user: 4
2026-04-02 23:47:56 [http-nio-8081-exec-5] DEBUG c.h.h.s.CustomUserDetailsService - Loading user by email: girideveloper07@gmail.com
2026-04-02 23:47:56 [http-nio-8081-exec-5] DEBUG c.h.h.config.JWTAuthFilter - Authenticated user: girideveloper07@gmail.com for URI: /api/payments/checkout/12
2026-04-02 23:47:56 [http-nio-8081-exec-5] INFO  c.h.h.controller.PaymentController - POST /api/payments/checkout/12
2026-04-02 23:47:57 [http-nio-8081-exec-5] INFO  c.h.h.service.PaymentService - Stripe Session created: cs_test_a1SkbDCwCn687nhZarlyH4k0JtCmYLLPNbvs3BoRsLPOfBbjI2i3Ua7Rwe for booking ID: 12
2026-04-02 23:48:00 [task-1] INFO  c.h.h.service.EmailService - Booking confirmation email sent to: girideveloper07@gmail.com for booking: 12
2026-04-02 23:49:04 [HikariPool-1 housekeeper] WARN  com.zaxxer.hikari.pool.HikariPool - HikariPool-1 - Thread starvation or clock leap detected (housekeeper delta=1m18s625ms792µs300ns).
2026-04-02 23:49:04 [http-nio-8081-exec-1] DEBUG c.h.h.s.CustomUserDetailsService - Loading user by email: girideveloper07@gmail.com
2026-04-02 23:49:04 [http-nio-8081-exec-2] DEBUG c.h.h.s.CustomUserDetailsService - Loading user by email: girideveloper07@gmail.com
2026-04-02 23:49:04 [http-nio-8081-exec-1] DEBUG c.h.h.config.JWTAuthFilter - Authenticated user: girideveloper07@gmail.com for URI: /api/payments/verify
2026-04-02 23:49:04 [http-nio-8081-exec-2] DEBUG c.h.h.config.JWTAuthFilter - Authenticated user: girideveloper07@gmail.com for URI: /api/payments/verify
2026-04-02 23:49:04 [http-nio-8081-exec-1] INFO  c.h.h.controller.PaymentController - POST /api/payments/verify/cs_test_a1SkbDCwCn687nhZarlyH4k0JtCmYLLPNbvs3BoRsLPOfBbjI2i3Ua7Rwe
2026-04-02 23:49:04 [http-nio-8081-exec-2] INFO  c.h.h.controller.PaymentController - POST /api/payments/verify/cs_test_a1SkbDCwCn687nhZarlyH4k0JtCmYLLPNbvs3BoRsLPOfBbjI2i3Ua7Rwe
2026-04-02 23:49:05 [http-nio-8081-exec-1] INFO  c.h.h.service.PaymentService - Booking 12 marked as CONFIRMED after payment. Sending email...
2026-04-02 23:49:05 [http-nio-8081-exec-2] INFO  c.h.h.service.PaymentService - Booking 12 marked as CONFIRMED after payment. Sending email...
2026-04-02 23:49:05 [task-3] ERROR o.s.a.i.SimpleAsyncUncaughtExceptionHandler - Unexpected exception occurred invoking async method: public void com.hotel.hotel_backend.service.EmailService.sendBookingConfirmation(java.lang.String,java.lang.String,com.hotel.hotel_backend.entity.Booking)
org.hibernate.LazyInitializationException: could not initialize proxy [com.hotel.hotel_backend.entity.Hotel#39] - no Session
	at org.hibernate.proxy.AbstractLazyInitializer.initialize(AbstractLazyInitializer.java:164)
	at org.hibernate.proxy.AbstractLazyInitializer.getImplementation(AbstractLazyInitializer.java:310)
	at org.hibernate.proxy.pojo.bytebuddy.ByteBuddyInterceptor.intercept(ByteBuddyInterceptor.java:44)
	at org.hibernate.proxy.ProxyConfiguration$InterceptorDispatcher.intercept(ProxyConfiguration.java:102)
	at com.hotel.hotel_backend.entity.Hotel$HibernateProxy$8NSIEc7T.getName(Unknown Source)
	at com.hotel.hotel_backend.service.EmailService.buildBookingConfirmationHtml(EmailService.java:125)
	at com.hotel.hotel_backend.service.EmailService.sendBookingConfirmation(EmailService.java:51)
	at java.base/jdk.internal.reflect.DirectMethodHandleAccessor.invoke(DirectMethodHandleAccessor.java:103)
	at java.base/java.lang.reflect.Method.invoke(Method.java:580)
	at org.springframework.aop.support.AopUtils.invokeJoinpointUsingReflection(AopUtils.java:352)
	at org.springframework.aop.framework.ReflectiveMethodInvocation.invokeJoinpoint(ReflectiveMethodInvocation.java:196)
	at org.springframework.aop.framework.ReflectiveMethodInvocation.proceed(ReflectiveMethodInvocation.java:163)
	at org.springframework.aop.framework.CglibAopProxy$CglibMethodInvocation.proceed(CglibAopProxy.java:765)
	at org.springframework.aop.interceptor.AsyncExecutionInterceptor.lambda$invoke$0(AsyncExecutionInterceptor.java:115)
	at java.base/java.util.concurrent.FutureTask.run(FutureTask.java:317)
	at java.base/java.util.concurrent.ThreadPoolExecutor.runWorker(ThreadPoolExecutor.java:1144)
	at java.base/java.util.concurrent.ThreadPoolExecutor$Worker.run(ThreadPoolExecutor.java:642)
	at java.base/java.lang.Thread.run(Thread.java:1583)
2026-04-02 23:49:05 [task-2] ERROR o.s.a.i.SimpleAsyncUncaughtExceptionHandler - Unexpected exception occurred invoking async method: public void com.hotel.hotel_backend.service.EmailService.sendBookingConfirmation(java.lang.String,java.lang.String,com.hotel.hotel_backend.entity.Booking)
org.hibernate.LazyInitializationException: could not initialize proxy [com.hotel.hotel_backend.entity.Hotel#39] - no Session
	at org.hibernate.proxy.AbstractLazyInitializer.initialize(AbstractLazyInitializer.java:164)
	at org.hibernate.proxy.AbstractLazyInitializer.getImplementation(AbstractLazyInitializer.java:310)
	at org.hibernate.proxy.pojo.bytebuddy.ByteBuddyInterceptor.intercept(ByteBuddyInterceptor.java:44)
	at org.hibernate.proxy.ProxyConfiguration$InterceptorDispatcher.intercept(ProxyConfiguration.java:102)
	at com.hotel.hotel_backend.entity.Hotel$HibernateProxy$8NSIEc7T.getName(Unknown Source)
	at com.hotel.hotel_backend.service.EmailService.buildBookingConfirmationHtml(EmailService.java:125)
	at com.hotel.hotel_backend.service.EmailService.sendBookingConfirmation(EmailService.java:51)
	at java.base/jdk.internal.reflect.DirectMethodHandleAccessor.invoke(DirectMethodHandleAccessor.java:103)
	at java.base/java.lang.reflect.Method.invoke(Method.java:580)
	at org.springframework.aop.support.AopUtils.invokeJoinpointUsingReflection(AopUtils.java:352)
	at org.springframework.aop.framework.ReflectiveMethodInvocation.invokeJoinpoint(ReflectiveMethodInvocation.java:196)
	at org.springframework.aop.framework.ReflectiveMethodInvocation.proceed(ReflectiveMethodInvocation.java:163)
	at org.springframework.aop.framework.CglibAopProxy$CglibMethodInvocation.proceed(CglibAopProxy.java:765)
	at org.springframework.aop.interceptor.AsyncExecutionInterceptor.lambda$invoke$0(AsyncExecutionInterceptor.java:115)
	at java.base/java.util.concurrent.FutureTask.run(FutureTask.java:317)
	at java.base/java.util.concurrent.ThreadPoolExecutor.runWorker(ThreadPoolExecutor.java:1144)
	at java.base/java.util.concurrent.ThreadPoolExecutor$Worker.run(ThreadPoolExecutor.java:642)
	at java.base/java.lang.Thread.run(Thread.java:1583)
2026-04-02 23:49:07 [http-nio-8081-exec-5] DEBUG c.h.h.s.CustomUserDetailsService - Loading user by email: girideveloper07@gmail.com
2026-04-02 23:49:07 [http-nio-8081-exec-5] DEBUG c.h.h.config.JWTAuthFilter - Authenticated user: girideveloper07@gmail.com for URI: /api/bookings/my
2026-04-02 23:49:07 [http-nio-8081-exec-5] INFO  c.h.h.controller.BookingController - GET /api/bookings/my - user: 4
2026-04-02 23:49:07 [http-nio-8081-exec-7] DEBUG c.h.h.s.CustomUserDetailsService - Loading user by email: girideveloper07@gmail.com
2026-04-02 23:49:07 [http-nio-8081-exec-7] DEBUG c.h.h.config.JWTAuthFilter - Authenticated user: girideveloper07@gmail.com for URI: /api/bookings/my
2026-04-02 23:49:07 [http-nio-8081-exec-7] INFO  c.h.h.controller.BookingController - GET /api/bookings/my - user: 4
2026-04-02 23:52:23 [http-nio-8081-exec-10] DEBUG c.h.h.s.CustomUserDetailsService - Loading user by email: krish@gmail.com
2026-04-02 23:52:23 [http-nio-8081-exec-4] DEBUG c.h.h.s.CustomUserDetailsService - Loading user by email: krish@gmail.com
2026-04-02 23:52:23 [http-nio-8081-exec-10] DEBUG c.h.h.config.JWTAuthFilter - Authenticated user: krish@gmail.com for URI: /api/hotels
2026-04-02 23:52:23 [http-nio-8081-exec-4] DEBUG c.h.h.config.JWTAuthFilter - Authenticated user: krish@gmail.com for URI: /api/hotels/locations
2026-04-02 23:52:23 [http-nio-8081-exec-10] INFO  c.h.h.controller.HotelController - GET /api/hotels
2026-04-02 23:52:23 [http-nio-8081-exec-1] DEBUG c.h.h.s.CustomUserDetailsService - Loading user by email: krish@gmail.com
2026-04-02 23:52:23 [http-nio-8081-exec-10] INFO  c.h.h.service.HotelService - Fetched 50 hotels
2026-04-02 23:52:23 [http-nio-8081-exec-1] DEBUG c.h.h.config.JWTAuthFilter - Authenticated user: krish@gmail.com for URI: /api/hotels/locations
2026-04-02 23:52:23 [http-nio-8081-exec-2] DEBUG c.h.h.s.CustomUserDetailsService - Loading user by email: krish@gmail.com
2026-04-02 23:52:23 [http-nio-8081-exec-2] DEBUG c.h.h.config.JWTAuthFilter - Authenticated user: krish@gmail.com for URI: /api/hotels
2026-04-02 23:52:23 [http-nio-8081-exec-2] INFO  c.h.h.controller.HotelController - GET /api/hotels
2026-04-02 23:52:23 [http-nio-8081-exec-2] INFO  c.h.h.service.HotelService - Fetched 50 hotels
2026-04-02 23:53:40 [http-nio-8081-exec-7] DEBUG c.h.h.s.CustomUserDetailsService - Loading user by email: girideveloper07@gmail.com
2026-04-02 23:53:40 [http-nio-8081-exec-7] DEBUG c.h.h.config.JWTAuthFilter - Authenticated user: girideveloper07@gmail.com for URI: /api/hotels/39
2026-04-02 23:53:40 [http-nio-8081-exec-7] INFO  c.h.h.controller.HotelController - GET /api/hotels/39
2026-04-02 23:53:40 [http-nio-8081-exec-8] DEBUG c.h.h.s.CustomUserDetailsService - Loading user by email: girideveloper07@gmail.com
2026-04-02 23:53:40 [http-nio-8081-exec-8] DEBUG c.h.h.config.JWTAuthFilter - Authenticated user: girideveloper07@gmail.com for URI: /api/hotels/39
2026-04-02 23:53:40 [http-nio-8081-exec-8] INFO  c.h.h.controller.HotelController - GET /api/hotels/39
2026-04-02 23:55:14 [SpringApplicationShutdownHook] INFO  o.s.o.j.LocalContainerEntityManagerFactoryBean - Closing JPA EntityManagerFactory for persistence unit 'default'
2026-04-02 23:55:14 [SpringApplicationShutdownHook] INFO  com.zaxxer.hikari.HikariDataSource - HikariPool-1 - Shutdown initiated...
2026-04-02 23:55:14 [SpringApplicationShutdownHook] INFO  com.zaxxer.hikari.HikariDataSource - HikariPool-1 - Shutdown completed.
2026-04-02 23:55:21 [main] INFO  c.h.h.HotelBackendApplication - Starting HotelBackendApplication using Java 21.0.10 with PID 18536 (C:\Users\girid\Desktop\HotelBooking\hotel-backend\target\classes started by girid in C:\Users\girid\Desktop\HotelBooking\hotel-backend)
2026-04-02 23:55:21 [main] DEBUG c.h.h.HotelBackendApplication - Running with Spring Boot v3.2.0, Spring v6.1.1
2026-04-02 23:55:21 [main] INFO  c.h.h.HotelBackendApplication - No active profile set, falling back to 1 default profile: "default"
2026-04-02 23:55:22 [main] INFO  o.s.d.r.c.RepositoryConfigurationDelegate - Bootstrapping Spring Data JPA repositories in DEFAULT mode.
2026-04-02 23:55:22 [main] INFO  o.s.d.r.c.RepositoryConfigurationDelegate - Finished Spring Data repository scanning in 41 ms. Found 4 JPA repository interfaces.
2026-04-02 23:55:22 [main] INFO  o.s.b.w.e.tomcat.TomcatWebServer - Tomcat initialized with port 8081 (http)
2026-04-02 23:55:22 [main] INFO  o.a.catalina.core.StandardService - Starting service [Tomcat]
2026-04-02 23:55:22 [main] INFO  o.a.catalina.core.StandardEngine - Starting Servlet engine: [Apache Tomcat/10.1.16]
2026-04-02 23:55:22 [main] INFO  o.a.c.c.C.[Tomcat].[localhost].[/] - Initializing Spring embedded WebApplicationContext
2026-04-02 23:55:22 [main] INFO  o.s.b.w.s.c.ServletWebServerApplicationContext - Root WebApplicationContext: initialization completed in 943 ms
2026-04-02 23:55:22 [main] INFO  o.h.jpa.internal.util.LogHelper - HHH000204: Processing PersistenceUnitInfo [name: default]
2026-04-02 23:55:22 [main] INFO  org.hibernate.Version - HHH000412: Hibernate ORM core version 6.3.1.Final
2026-04-02 23:55:22 [main] INFO  o.h.c.i.RegionFactoryInitiator - HHH000026: Second-level cache disabled
2026-04-02 23:55:22 [main] INFO  o.s.o.j.p.SpringPersistenceUnitInfo - No LoadTimeWeaver setup: ignoring JPA class transformer
2026-04-02 23:55:22 [main] INFO  com.zaxxer.hikari.HikariDataSource - HikariPool-1 - Starting...
2026-04-02 23:55:23 [main] INFO  com.zaxxer.hikari.pool.HikariPool - HikariPool-1 - Added connection com.mysql.cj.jdbc.ConnectionImpl@6451a288
2026-04-02 23:55:23 [main] INFO  com.zaxxer.hikari.HikariDataSource - HikariPool-1 - Start completed.
2026-04-02 23:55:23 [main] WARN  org.hibernate.orm.deprecation - HHH90000025: MySQLDialect does not need to be specified explicitly using 'hibernate.dialect' (remove the property setting and it will be selected by default)
2026-04-02 23:55:23 [main] INFO  o.h.e.t.j.p.i.JtaPlatformInitiator - HHH000489: No JTA platform available (set 'hibernate.transaction.jta.platform' to enable JTA platform integration)
2026-04-02 23:55:23 [main] INFO  o.s.o.j.LocalContainerEntityManagerFactoryBean - Initialized JPA EntityManagerFactory for persistence unit 'default'
2026-04-02 23:55:24 [main] DEBUG c.h.h.config.JWTAuthFilter - Filter 'JWTAuthFilter' configured for use
2026-04-02 23:55:24 [main] INFO  o.s.d.j.r.query.QueryEnhancerFactory - Hibernate is in classpath; If applicable, HQL parser will be used.
2026-04-02 23:55:24 [main] WARN  o.s.b.a.o.j.JpaBaseConfiguration$JpaWebConfiguration - spring.jpa.open-in-view is enabled by default. Therefore, database queries may be performed during view rendering. Explicitly configure spring.jpa.open-in-view to disable this warning
2026-04-02 23:55:24 [main] INFO  o.s.s.web.DefaultSecurityFilterChain - Will secure any request with [org.springframework.security.web.session.DisableEncodeUrlFilter@5ecc8114, org.springframework.security.web.context.request.async.WebAsyncManagerIntegrationFilter@6d7e973b, org.springframework.security.web.context.SecurityContextHolderFilter@2e48f0a1, org.springframework.security.web.header.HeaderWriterFilter@105b12e7, org.springframework.web.filter.CorsFilter@47955046, org.springframework.security.web.authentication.logout.LogoutFilter@791ff1b9, com.hotel.hotel_backend.config.JWTAuthFilter@3f030217, org.springframework.security.web.savedrequest.RequestCacheAwareFilter@911a6cd, org.springframework.security.web.servletapi.SecurityContextHolderAwareRequestFilter@360c25f, org.springframework.security.web.authentication.AnonymousAuthenticationFilter@5bcc2416, org.springframework.security.web.session.SessionManagementFilter@280f0c37, org.springframework.security.web.access.ExceptionTranslationFilter@13ea4f97, org.springframework.security.web.access.intercept.AuthorizationFilter@5e6dcfa]
2026-04-02 23:55:24 [main] INFO  o.s.b.w.e.tomcat.TomcatWebServer - Tomcat started on port 8081 (http) with context path ''
2026-04-02 23:55:24 [main] INFO  c.h.h.HotelBackendApplication - Started HotelBackendApplication in 3.776 seconds (process running for 3.986)
2026-04-02 23:55:36 [http-nio-8081-exec-1] INFO  o.a.c.c.C.[Tomcat].[localhost].[/] - Initializing Spring DispatcherServlet 'dispatcherServlet'
2026-04-02 23:55:36 [http-nio-8081-exec-1] INFO  o.s.web.servlet.DispatcherServlet - Initializing Servlet 'dispatcherServlet'
2026-04-02 23:55:36 [http-nio-8081-exec-1] INFO  o.s.web.servlet.DispatcherServlet - Completed initialization in 0 ms
2026-04-02 23:55:37 [http-nio-8081-exec-1] DEBUG c.h.h.s.CustomUserDetailsService - Loading user by email: krish@gmail.com
2026-04-02 23:55:37 [http-nio-8081-exec-2] DEBUG c.h.h.s.CustomUserDetailsService - Loading user by email: krish@gmail.com
2026-04-02 23:55:37 [http-nio-8081-exec-1] DEBUG c.h.h.config.JWTAuthFilter - Authenticated user: krish@gmail.com for URI: /api/hotels/locations
2026-04-02 23:55:37 [http-nio-8081-exec-2] DEBUG c.h.h.config.JWTAuthFilter - Authenticated user: krish@gmail.com for URI: /api/hotels
2026-04-02 23:55:37 [http-nio-8081-exec-2] WARN  o.s.w.s.h.HandlerMappingIntrospector - Cache miss for REQUEST dispatch to '/api/hotels' (previous null). Performing MatchableHandlerMapping lookup. This is logged once only at WARN level, and every time at TRACE.
2026-04-02 23:55:37 [http-nio-8081-exec-2] INFO  c.h.h.controller.HotelController - GET /api/hotels
2026-04-02 23:55:37 [http-nio-8081-exec-2] INFO  c.h.h.service.HotelService - Fetched 50 hotels
2026-04-02 23:55:37 [http-nio-8081-exec-4] DEBUG c.h.h.s.CustomUserDetailsService - Loading user by email: krish@gmail.com
2026-04-02 23:55:37 [http-nio-8081-exec-4] DEBUG c.h.h.config.JWTAuthFilter - Authenticated user: krish@gmail.com for URI: /api/hotels/locations
2026-04-02 23:55:37 [http-nio-8081-exec-5] DEBUG c.h.h.s.CustomUserDetailsService - Loading user by email: krish@gmail.com
2026-04-02 23:55:37 [http-nio-8081-exec-5] DEBUG c.h.h.config.JWTAuthFilter - Authenticated user: krish@gmail.com for URI: /api/hotels
2026-04-02 23:55:37 [http-nio-8081-exec-5] INFO  c.h.h.controller.HotelController - GET /api/hotels
2026-04-02 23:55:37 [http-nio-8081-exec-5] INFO  c.h.h.service.HotelService - Fetched 50 hotels
2026-04-02 23:55:45 [http-nio-8081-exec-7] DEBUG c.h.h.s.CustomUserDetailsService - Loading user by email: girideveloper07@gmail.com
2026-04-02 23:55:45 [http-nio-8081-exec-7] DEBUG c.h.h.config.JWTAuthFilter - Authenticated user: girideveloper07@gmail.com for URI: /api/hotels/39
2026-04-02 23:55:45 [http-nio-8081-exec-7] INFO  c.h.h.controller.HotelController - GET /api/hotels/39
2026-04-02 23:55:45 [http-nio-8081-exec-3] DEBUG c.h.h.s.CustomUserDetailsService - Loading user by email: girideveloper07@gmail.com
2026-04-02 23:55:45 [http-nio-8081-exec-3] DEBUG c.h.h.config.JWTAuthFilter - Authenticated user: girideveloper07@gmail.com for URI: /api/hotels/39
2026-04-02 23:55:45 [http-nio-8081-exec-3] INFO  c.h.h.controller.HotelController - GET /api/hotels/39
2026-04-02 23:55:53 [http-nio-8081-exec-8] DEBUG c.h.h.s.CustomUserDetailsService - Loading user by email: girideveloper07@gmail.com
2026-04-02 23:55:53 [http-nio-8081-exec-6] DEBUG c.h.h.s.CustomUserDetailsService - Loading user by email: girideveloper07@gmail.com
2026-04-02 23:55:53 [http-nio-8081-exec-8] DEBUG c.h.h.config.JWTAuthFilter - Authenticated user: girideveloper07@gmail.com for URI: /api/hotels
2026-04-02 23:55:53 [http-nio-8081-exec-6] DEBUG c.h.h.config.JWTAuthFilter - Authenticated user: girideveloper07@gmail.com for URI: /api/hotels/locations
2026-04-02 23:55:53 [http-nio-8081-exec-8] INFO  c.h.h.controller.HotelController - GET /api/hotels
2026-04-02 23:55:54 [http-nio-8081-exec-9] DEBUG c.h.h.s.CustomUserDetailsService - Loading user by email: girideveloper07@gmail.com
2026-04-02 23:55:54 [http-nio-8081-exec-9] DEBUG c.h.h.config.JWTAuthFilter - Authenticated user: girideveloper07@gmail.com for URI: /api/hotels/locations
2026-04-02 23:55:54 [http-nio-8081-exec-8] INFO  c.h.h.service.HotelService - Fetched 50 hotels
2026-04-02 23:55:54 [http-nio-8081-exec-10] DEBUG c.h.h.s.CustomUserDetailsService - Loading user by email: girideveloper07@gmail.com
2026-04-02 23:55:54 [http-nio-8081-exec-10] DEBUG c.h.h.config.JWTAuthFilter - Authenticated user: girideveloper07@gmail.com for URI: /api/hotels
2026-04-02 23:55:54 [http-nio-8081-exec-10] INFO  c.h.h.controller.HotelController - GET /api/hotels
2026-04-02 23:55:54 [http-nio-8081-exec-10] INFO  c.h.h.service.HotelService - Fetched 50 hotels
2026-04-02 23:55:57 [http-nio-8081-exec-4] DEBUG c.h.h.s.CustomUserDetailsService - Loading user by email: girideveloper07@gmail.com
2026-04-02 23:55:57 [http-nio-8081-exec-4] DEBUG c.h.h.config.JWTAuthFilter - Authenticated user: girideveloper07@gmail.com for URI: /api/hotels/1
2026-04-02 23:55:57 [http-nio-8081-exec-4] INFO  c.h.h.controller.HotelController - GET /api/hotels/1
2026-04-02 23:55:57 [http-nio-8081-exec-5] DEBUG c.h.h.s.CustomUserDetailsService - Loading user by email: girideveloper07@gmail.com
2026-04-02 23:55:57 [http-nio-8081-exec-5] DEBUG c.h.h.config.JWTAuthFilter - Authenticated user: girideveloper07@gmail.com for URI: /api/hotels/1
2026-04-02 23:55:57 [http-nio-8081-exec-5] INFO  c.h.h.controller.HotelController - GET /api/hotels/1
2026-04-02 23:56:02 [http-nio-8081-exec-3] DEBUG c.h.h.s.CustomUserDetailsService - Loading user by email: girideveloper07@gmail.com
2026-04-02 23:56:02 [http-nio-8081-exec-7] DEBUG c.h.h.s.CustomUserDetailsService - Loading user by email: girideveloper07@gmail.com
2026-04-02 23:56:02 [http-nio-8081-exec-7] DEBUG c.h.h.config.JWTAuthFilter - Authenticated user: girideveloper07@gmail.com for URI: /api/hotels
2026-04-02 23:56:02 [http-nio-8081-exec-3] DEBUG c.h.h.config.JWTAuthFilter - Authenticated user: girideveloper07@gmail.com for URI: /api/hotels/locations
2026-04-02 23:56:02 [http-nio-8081-exec-7] INFO  c.h.h.controller.HotelController - GET /api/hotels
2026-04-02 23:56:02 [http-nio-8081-exec-6] DEBUG c.h.h.s.CustomUserDetailsService - Loading user by email: girideveloper07@gmail.com
2026-04-02 23:56:02 [http-nio-8081-exec-7] INFO  c.h.h.service.HotelService - Fetched 50 hotels
2026-04-02 23:56:02 [http-nio-8081-exec-6] DEBUG c.h.h.config.JWTAuthFilter - Authenticated user: girideveloper07@gmail.com for URI: /api/hotels/locations
2026-04-02 23:56:02 [http-nio-8081-exec-9] DEBUG c.h.h.s.CustomUserDetailsService - Loading user by email: girideveloper07@gmail.com
2026-04-02 23:56:02 [http-nio-8081-exec-9] DEBUG c.h.h.config.JWTAuthFilter - Authenticated user: girideveloper07@gmail.com for URI: /api/hotels
2026-04-02 23:56:02 [http-nio-8081-exec-9] INFO  c.h.h.controller.HotelController - GET /api/hotels
2026-04-02 23:56:02 [http-nio-8081-exec-9] INFO  c.h.h.service.HotelService - Fetched 50 hotels
2026-04-02 23:57:07 [SpringApplicationShutdownHook] INFO  o.s.o.j.LocalContainerEntityManagerFactoryBean - Closing JPA EntityManagerFactory for persistence unit 'default'
2026-04-02 23:57:07 [SpringApplicationShutdownHook] INFO  com.zaxxer.hikari.HikariDataSource - HikariPool-1 - Shutdown initiated...
2026-04-02 23:57:07 [SpringApplicationShutdownHook] INFO  com.zaxxer.hikari.HikariDataSource - HikariPool-1 - Shutdown completed.
2026-04-02 23:57:12 [main] INFO  c.h.h.HotelBackendApplication - Starting HotelBackendApplication using Java 21.0.10 with PID 5664 (C:\Users\girid\Desktop\HotelBooking\hotel-backend\target\classes started by girid in C:\Users\girid\Desktop\HotelBooking\hotel-backend)
2026-04-02 23:57:12 [main] DEBUG c.h.h.HotelBackendApplication - Running with Spring Boot v3.2.0, Spring v6.1.1
2026-04-02 23:57:12 [main] INFO  c.h.h.HotelBackendApplication - No active profile set, falling back to 1 default profile: "default"
2026-04-02 23:57:13 [main] INFO  o.s.d.r.c.RepositoryConfigurationDelegate - Bootstrapping Spring Data JPA repositories in DEFAULT mode.
2026-04-02 23:57:13 [main] INFO  o.s.d.r.c.RepositoryConfigurationDelegate - Finished Spring Data repository scanning in 43 ms. Found 4 JPA repository interfaces.
2026-04-02 23:57:13 [main] INFO  o.s.b.w.e.tomcat.TomcatWebServer - Tomcat initialized with port 8081 (http)
2026-04-02 23:57:13 [main] INFO  o.a.catalina.core.StandardService - Starting service [Tomcat]
2026-04-02 23:57:13 [main] INFO  o.a.catalina.core.StandardEngine - Starting Servlet engine: [Apache Tomcat/10.1.16]
2026-04-02 23:57:13 [main] INFO  o.a.c.c.C.[Tomcat].[localhost].[/] - Initializing Spring embedded WebApplicationContext
2026-04-02 23:57:13 [main] INFO  o.s.b.w.s.c.ServletWebServerApplicationContext - Root WebApplicationContext: initialization completed in 882 ms
2026-04-02 23:57:13 [main] INFO  o.h.jpa.internal.util.LogHelper - HHH000204: Processing PersistenceUnitInfo [name: default]
2026-04-02 23:57:13 [main] INFO  org.hibernate.Version - HHH000412: Hibernate ORM core version 6.3.1.Final
2026-04-02 23:57:13 [main] INFO  o.h.c.i.RegionFactoryInitiator - HHH000026: Second-level cache disabled
2026-04-02 23:57:13 [main] INFO  o.s.o.j.p.SpringPersistenceUnitInfo - No LoadTimeWeaver setup: ignoring JPA class transformer
2026-04-02 23:57:13 [main] INFO  com.zaxxer.hikari.HikariDataSource - HikariPool-1 - Starting...
2026-04-02 23:57:14 [main] INFO  com.zaxxer.hikari.pool.HikariPool - HikariPool-1 - Added connection com.mysql.cj.jdbc.ConnectionImpl@6451a288
2026-04-02 23:57:14 [main] INFO  com.zaxxer.hikari.HikariDataSource - HikariPool-1 - Start completed.
2026-04-02 23:57:14 [main] WARN  org.hibernate.orm.deprecation - HHH90000025: MySQLDialect does not need to be specified explicitly using 'hibernate.dialect' (remove the property setting and it will be selected by default)
2026-04-02 23:57:14 [main] INFO  o.h.e.t.j.p.i.JtaPlatformInitiator - HHH000489: No JTA platform available (set 'hibernate.transaction.jta.platform' to enable JTA platform integration)
2026-04-02 23:57:14 [main] INFO  o.s.o.j.LocalContainerEntityManagerFactoryBean - Initialized JPA EntityManagerFactory for persistence unit 'default'
2026-04-02 23:57:15 [main] DEBUG c.h.h.config.JWTAuthFilter - Filter 'JWTAuthFilter' configured for use
2026-04-02 23:57:15 [main] INFO  o.s.d.j.r.query.QueryEnhancerFactory - Hibernate is in classpath; If applicable, HQL parser will be used.
2026-04-02 23:57:15 [main] WARN  o.s.b.a.o.j.JpaBaseConfiguration$JpaWebConfiguration - spring.jpa.open-in-view is enabled by default. Therefore, database queries may be performed during view rendering. Explicitly configure spring.jpa.open-in-view to disable this warning
2026-04-02 23:57:15 [main] INFO  o.s.s.web.DefaultSecurityFilterChain - Will secure any request with [org.springframework.security.web.session.DisableEncodeUrlFilter@734df10b, org.springframework.security.web.context.request.async.WebAsyncManagerIntegrationFilter@5ecc8114, org.springframework.security.web.context.SecurityContextHolderFilter@790e6eae, org.springframework.security.web.header.HeaderWriterFilter@57bbf4e5, org.springframework.web.filter.CorsFilter@6d7e973b, org.springframework.security.web.authentication.logout.LogoutFilter@5deae5ef, com.hotel.hotel_backend.config.JWTAuthFilter@3f030217, org.springframework.security.web.savedrequest.RequestCacheAwareFilter@7e762feb, org.springframework.security.web.servletapi.SecurityContextHolderAwareRequestFilter@911a6cd, org.springframework.security.web.authentication.AnonymousAuthenticationFilter@47955046, org.springframework.security.web.session.SessionManagementFilter@7094f0ae, org.springframework.security.web.access.ExceptionTranslationFilter@3c48e78b, org.springframework.security.web.access.intercept.AuthorizationFilter@66b962b4]
2026-04-02 23:57:15 [main] INFO  o.s.b.w.e.tomcat.TomcatWebServer - Tomcat started on port 8081 (http) with context path ''
2026-04-02 23:57:15 [main] INFO  c.h.h.HotelBackendApplication - Started HotelBackendApplication in 3.469 seconds (process running for 3.691)
2026-04-02 23:57:25 [http-nio-8081-exec-1] INFO  o.a.c.c.C.[Tomcat].[localhost].[/] - Initializing Spring DispatcherServlet 'dispatcherServlet'
2026-04-02 23:57:25 [http-nio-8081-exec-1] INFO  o.s.web.servlet.DispatcherServlet - Initializing Servlet 'dispatcherServlet'
2026-04-02 23:57:25 [http-nio-8081-exec-1] INFO  o.s.web.servlet.DispatcherServlet - Completed initialization in 0 ms
2026-04-02 23:57:26 [http-nio-8081-exec-5] DEBUG c.h.h.s.CustomUserDetailsService - Loading user by email: girideveloper07@gmail.com
2026-04-02 23:57:26 [http-nio-8081-exec-1] DEBUG c.h.h.s.CustomUserDetailsService - Loading user by email: girideveloper07@gmail.com
2026-04-02 23:57:26 [http-nio-8081-exec-5] DEBUG c.h.h.config.JWTAuthFilter - Authenticated user: girideveloper07@gmail.com for URI: /api/hotels/locations
2026-04-02 23:57:26 [http-nio-8081-exec-1] DEBUG c.h.h.config.JWTAuthFilter - Authenticated user: girideveloper07@gmail.com for URI: /api/hotels
2026-04-02 23:57:26 [http-nio-8081-exec-1] WARN  o.s.w.s.h.HandlerMappingIntrospector - Cache miss for REQUEST dispatch to '/api/hotels' (previous null). Performing MatchableHandlerMapping lookup. This is logged once only at WARN level, and every time at TRACE.
2026-04-02 23:57:26 [http-nio-8081-exec-1] INFO  c.h.h.controller.HotelController - GET /api/hotels
2026-04-02 23:57:26 [http-nio-8081-exec-1] INFO  c.h.h.service.HotelService - Fetched 50 hotels
2026-04-02 23:57:26 [http-nio-8081-exec-5] DEBUG c.h.h.s.CustomUserDetailsService - Loading user by email: girideveloper07@gmail.com
2026-04-02 23:57:26 [http-nio-8081-exec-5] DEBUG c.h.h.config.JWTAuthFilter - Authenticated user: girideveloper07@gmail.com for URI: /api/hotels/locations
2026-04-02 23:57:26 [http-nio-8081-exec-8] DEBUG c.h.h.s.CustomUserDetailsService - Loading user by email: girideveloper07@gmail.com
2026-04-02 23:57:26 [http-nio-8081-exec-8] DEBUG c.h.h.config.JWTAuthFilter - Authenticated user: girideveloper07@gmail.com for URI: /api/hotels
2026-04-02 23:57:26 [http-nio-8081-exec-8] INFO  c.h.h.controller.HotelController - GET /api/hotels
2026-04-02 23:57:26 [http-nio-8081-exec-8] INFO  c.h.h.service.HotelService - Fetched 50 hotels
2026-04-02 23:57:30 [http-nio-8081-exec-3] DEBUG c.h.h.s.CustomUserDetailsService - Loading user by email: girideveloper07@gmail.com
2026-04-02 23:57:30 [http-nio-8081-exec-3] DEBUG c.h.h.config.JWTAuthFilter - Authenticated user: girideveloper07@gmail.com for URI: /api/hotels/1
2026-04-02 23:57:30 [http-nio-8081-exec-3] INFO  c.h.h.controller.HotelController - GET /api/hotels/1
2026-04-02 23:57:30 [http-nio-8081-exec-6] DEBUG c.h.h.s.CustomUserDetailsService - Loading user by email: girideveloper07@gmail.com
2026-04-02 23:57:30 [http-nio-8081-exec-6] DEBUG c.h.h.config.JWTAuthFilter - Authenticated user: girideveloper07@gmail.com for URI: /api/hotels/1
2026-04-02 23:57:30 [http-nio-8081-exec-6] INFO  c.h.h.controller.HotelController - GET /api/hotels/1
2026-04-02 23:57:40 [http-nio-8081-exec-2] DEBUG c.h.h.s.CustomUserDetailsService - Loading user by email: girideveloper07@gmail.com
2026-04-02 23:57:40 [http-nio-8081-exec-7] DEBUG c.h.h.s.CustomUserDetailsService - Loading user by email: girideveloper07@gmail.com
2026-04-02 23:57:40 [http-nio-8081-exec-7] DEBUG c.h.h.config.JWTAuthFilter - Authenticated user: girideveloper07@gmail.com for URI: /api/hotels
2026-04-02 23:57:40 [http-nio-8081-exec-2] DEBUG c.h.h.config.JWTAuthFilter - Authenticated user: girideveloper07@gmail.com for URI: /api/hotels/locations
2026-04-02 23:57:40 [http-nio-8081-exec-7] INFO  c.h.h.controller.HotelController - GET /api/hotels
2026-04-02 23:57:40 [http-nio-8081-exec-4] DEBUG c.h.h.s.CustomUserDetailsService - Loading user by email: girideveloper07@gmail.com
2026-04-02 23:57:41 [http-nio-8081-exec-4] DEBUG c.h.h.config.JWTAuthFilter - Authenticated user: girideveloper07@gmail.com for URI: /api/hotels/locations
2026-04-02 23:57:41 [http-nio-8081-exec-7] INFO  c.h.h.service.HotelService - Fetched 50 hotels
2026-04-02 23:57:41 [http-nio-8081-exec-9] DEBUG c.h.h.s.CustomUserDetailsService - Loading user by email: girideveloper07@gmail.com
2026-04-02 23:57:41 [http-nio-8081-exec-9] DEBUG c.h.h.config.JWTAuthFilter - Authenticated user: girideveloper07@gmail.com for URI: /api/hotels
2026-04-02 23:57:41 [http-nio-8081-exec-9] INFO  c.h.h.controller.HotelController - GET /api/hotels
2026-04-02 23:57:41 [http-nio-8081-exec-9] INFO  c.h.h.service.HotelService - Fetched 50 hotels
2026-04-02 23:57:43 [http-nio-8081-exec-10] DEBUG c.h.h.s.CustomUserDetailsService - Loading user by email: girideveloper07@gmail.com
2026-04-02 23:57:43 [http-nio-8081-exec-5] DEBUG c.h.h.s.CustomUserDetailsService - Loading user by email: girideveloper07@gmail.com
2026-04-02 23:57:43 [http-nio-8081-exec-5] DEBUG c.h.h.config.JWTAuthFilter - Authenticated user: girideveloper07@gmail.com for URI: /api/hotels
2026-04-02 23:57:43 [http-nio-8081-exec-10] DEBUG c.h.h.config.JWTAuthFilter - Authenticated user: girideveloper07@gmail.com for URI: /api/hotels/locations
2026-04-02 23:57:43 [http-nio-8081-exec-5] INFO  c.h.h.controller.HotelController - GET /api/hotels
2026-04-02 23:57:43 [http-nio-8081-exec-1] DEBUG c.h.h.s.CustomUserDetailsService - Loading user by email: girideveloper07@gmail.com
2026-04-02 23:57:43 [http-nio-8081-exec-1] DEBUG c.h.h.config.JWTAuthFilter - Authenticated user: girideveloper07@gmail.com for URI: /api/hotels/locations
2026-04-02 23:57:43 [http-nio-8081-exec-5] INFO  c.h.h.service.HotelService - Fetched 50 hotels
2026-04-02 23:57:43 [http-nio-8081-exec-8] DEBUG c.h.h.s.CustomUserDetailsService - Loading user by email: girideveloper07@gmail.com
2026-04-02 23:57:43 [http-nio-8081-exec-8] DEBUG c.h.h.config.JWTAuthFilter - Authenticated user: girideveloper07@gmail.com for URI: /api/hotels
2026-04-02 23:57:43 [http-nio-8081-exec-8] INFO  c.h.h.controller.HotelController - GET /api/hotels
2026-04-02 23:57:43 [http-nio-8081-exec-8] INFO  c.h.h.service.HotelService - Fetched 50 hotels
2026-04-02 23:59:53 [SpringApplicationShutdownHook] INFO  o.s.o.j.LocalContainerEntityManagerFactoryBean - Closing JPA EntityManagerFactory for persistence unit 'default'
2026-04-02 23:59:53 [SpringApplicationShutdownHook] INFO  com.zaxxer.hikari.HikariDataSource - HikariPool-1 - Shutdown initiated...
2026-04-02 23:59:53 [SpringApplicationShutdownHook] INFO  com.zaxxer.hikari.HikariDataSource - HikariPool-1 - Shutdown completed.
2026-04-02 23:59:59 [main] INFO  c.h.h.HotelBackendApplication - Starting HotelBackendApplication using Java 21.0.10 with PID 12772 (C:\Users\girid\Desktop\HotelBooking\hotel-backend\target\classes started by girid in C:\Users\girid\Desktop\HotelBooking\hotel-backend)
2026-04-02 23:59:59 [main] DEBUG c.h.h.HotelBackendApplication - Running with Spring Boot v3.2.0, Spring v6.1.1
2026-04-02 23:59:59 [main] INFO  c.h.h.HotelBackendApplication - No active profile set, falling back to 1 default profile: "default"
